run_id,model,strategy,week,train runs,timestamp,fail,score,flagged
191,Logistic regression,train once,2008-08-11,190,2008-08-11 03:06:00,0,0.6665376678213032,False
192,Logistic regression,train once,2008-08-11,190,2008-08-11 04:09:00,0,0.28610668470033873,False
193,Logistic regression,train once,2008-08-11,190,2008-08-11 05:15:00,0,0.48403481780499397,False
194,Logistic regression,train once,2008-08-11,190,2008-08-11 11:35:00,0,0.5172443968778473,False
195,Logistic regression,train once,2008-08-11,190,2008-08-11 12:38:00,0,0.4439695819307555,False
196,Logistic regression,train once,2008-08-11,190,2008-08-12 04:23:00,0,0.2029720782256562,False
197,Logistic regression,train once,2008-08-11,190,2008-08-12 06:16:00,0,0.373208408588244,False
198,Logistic regression,train once,2008-08-11,190,2008-08-12 10:54:00,0,0.3318190237121401,False
199,Logistic regression,train once,2008-08-11,190,2008-08-12 11:29:00,0,0.16176144637675055,False
200,Logistic regression,train once,2008-08-11,190,2008-08-12 12:04:00,0,0.4132272904881708,False
201,Logistic regression,train once,2008-08-11,190,2008-08-13 02:48:00,0,0.41715168031605776,False
202,Logistic regression,train once,2008-08-11,190,2008-08-15 03:26:00,0,0.0353156148566328,False
203,Logistic regression,train once,2008-08-11,190,2008-08-15 04:14:00,0,0.6799727328724751,False
204,Logistic regression,train once,2008-08-11,190,2008-08-15 05:13:00,0,0.40336197133595675,False
205,Logistic regression,train once,2008-08-11,190,2008-08-15 09:38:00,0,0.22314108038992658,False
206,Logistic regression,train once,2008-08-11,190,2008-08-15 10:14:00,0,0.31821012296722334,False
207,Logistic regression,train once,2008-08-11,190,2008-08-15 11:42:00,0,0.3196567910930134,False
208,Logistic regression,train once,2008-08-11,190,2008-08-15 18:19:00,0,0.6040819398301124,False
209,Logistic regression,train once,2008-08-11,190,2008-08-15 19:19:00,0,0.22420500283389258,False
210,Logistic regression,train once,2008-08-11,190,2008-08-15 20:00:00,0,0.6057212931940635,False
211,Logistic regression,train once,2008-08-11,190,2008-08-15 20:03:00,0,0.3347688185834114,False
212,Logistic regression,train once,2008-08-11,190,2008-08-15 23:31:00,0,0.22053390283042826,False
213,Logistic regression,train once,2008-08-11,190,2008-08-16 02:21:00,0,0.5504804715000523,False
214,Logistic regression,train once,2008-08-11,190,2008-08-16 05:47:00,0,0.7122221010295742,True
215,Logistic regression,train once,2008-08-11,190,2008-08-16 06:52:00,0,0.4057856567643094,False
216,Logistic regression,train once,2008-08-11,190,2008-08-16 07:33:00,0,0.5596818203939695,False
217,Logistic regression,train once,2008-08-11,190,2008-08-16 08:39:00,0,0.5525104731184673,False
218,Logistic regression,train once,2008-08-11,190,2008-08-16 08:41:00,0,0.5700701738981446,False
219,Logistic regression,train once,2008-08-11,190,2008-08-16 09:44:00,1,0.2798706129445516,False
220,Logistic regression,train once,2008-08-11,190,2008-08-16 13:51:00,0,0.13683367783876396,False
221,Logistic regression,train once,2008-08-11,190,2008-08-16 14:30:00,0,0.2192348350496977,False
222,Logistic regression,train once,2008-08-11,190,2008-08-16 15:16:00,0,0.4206519909439268,False
223,Logistic regression,train once,2008-08-11,190,2008-08-16 15:19:00,1,0.5294385062107135,False
224,Logistic regression,train once,2008-08-11,190,2008-08-16 23:48:00,0,0.5812895510313522,False
225,Logistic regression,train once,2008-08-11,190,2008-08-17 00:52:00,0,0.3713156721122438,False
226,Logistic regression,train once,2008-08-11,190,2008-08-17 01:53:00,0,0.2860897585860411,False
227,Logistic regression,train once,2008-08-11,190,2008-08-17 03:17:00,0,0.3778348084295789,False
228,Logistic regression,train once,2008-08-11,190,2008-08-17 03:18:00,0,0.29947889914706716,False
229,Logistic regression,train once,2008-08-11,190,2008-08-17 03:46:00,0,0.642534841256119,False
230,Logistic regression,train once,2008-08-11,190,2008-08-17 04:19:00,0,0.5029877272066208,False
231,Logistic regression,train once,2008-08-11,190,2008-08-17 05:21:00,0,0.6945720023345974,False
232,Logistic regression,train once,2008-08-11,190,2008-08-17 12:16:00,1,0.25234184187676395,False
233,Logistic regression,train once,2008-08-11,190,2008-08-17 13:34:00,0,0.4774108018092481,False
234,Logistic regression,train once,2008-08-11,190,2008-08-17 14:21:00,0,0.3694860130232086,False
235,Logistic regression,train once,2008-08-11,190,2008-08-17 15:25:00,0,0.5654566439923173,False
236,Logistic regression,train once,2008-08-11,190,2008-08-17 21:26:00,1,0.340067048990077,False
237,Logistic regression,train once,2008-08-11,190,2008-08-17 22:03:00,1,0.19368602446568273,False
238,Logistic regression,train once,2008-08-11,190,2008-08-17 22:21:00,0,0.7316736497927416,True
239,Logistic regression,train once,2008-08-11,190,2008-08-17 23:04:00,1,0.15881314928865942,False
240,Logistic regression,train once,2008-08-11,190,2008-08-17 23:20:00,0,0.43992905115800746,False
241,Logistic regression,train once,2008-08-11,190,2008-08-17 23:55:00,1,0.743484154837365,True
242,Logistic regression,train once,2008-08-18,190,2008-08-18 00:02:00,1,0.31569410934102854,False
243,Logistic regression,train once,2008-08-18,190,2008-08-18 00:20:00,0,0.44193745548340796,False
244,Logistic regression,train once,2008-08-18,190,2008-08-18 01:23:00,1,0.40108750865159937,False
245,Logistic regression,train once,2008-08-18,190,2008-08-18 04:01:00,1,0.6440158764856205,False
246,Logistic regression,train once,2008-08-18,190,2008-08-18 04:12:00,0,0.8094438866912533,True
247,Logistic regression,train once,2008-08-18,190,2008-08-18 04:35:00,0,0.3343045715940145,False
248,Logistic regression,train once,2008-08-18,190,2008-08-18 05:03:00,0,0.4804171364213434,False
249,Logistic regression,train once,2008-08-18,190,2008-08-18 05:25:00,0,0.7620653075268443,True
250,Logistic regression,train once,2008-08-18,190,2008-08-18 06:07:00,0,0.35867415138357217,False
251,Logistic regression,train once,2008-08-18,190,2008-08-18 06:11:00,0,0.1927021818351884,False
252,Logistic regression,train once,2008-08-18,190,2008-08-18 06:26:00,0,0.5727565580485293,False
253,Logistic regression,train once,2008-08-18,190,2008-08-18 07:11:00,0,0.22088282790841512,False
254,Logistic regression,train once,2008-08-18,190,2008-08-18 07:23:00,0,0.3698164751594762,False
255,Logistic regression,train once,2008-08-18,190,2008-08-18 07:29:00,0,0.32034414445290904,False
256,Logistic regression,train once,2008-08-18,190,2008-08-18 08:18:00,0,0.32644313972715205,False
257,Logistic regression,train once,2008-08-18,190,2008-08-18 08:31:00,0,0.4773987776390538,False
258,Logistic regression,train once,2008-08-18,190,2008-08-18 10:13:00,0,0.3573186177410968,False
259,Logistic regression,train once,2008-08-18,190,2008-08-18 11:04:00,0,0.3864999820090051,False
260,Logistic regression,train once,2008-08-18,190,2008-08-18 12:00:00,0,0.3947228745851812,False
261,Logistic regression,train once,2008-08-18,190,2008-08-18 12:06:00,0,0.45973657658730493,False
262,Logistic regression,train once,2008-08-18,190,2008-08-18 12:22:00,0,0.5009684110530458,False
263,Logistic regression,train once,2008-08-18,190,2008-08-18 12:49:00,0,0.6287542113243959,False
264,Logistic regression,train once,2008-08-18,190,2008-08-18 13:07:00,0,0.8131646105529633,True
265,Logistic regression,train once,2008-08-18,190,2008-08-18 14:01:00,0,0.34114994528030174,False
266,Logistic regression,train once,2008-08-18,190,2008-08-18 14:04:00,0,0.22273816701839913,False
267,Logistic regression,train once,2008-08-18,190,2008-08-18 14:45:00,0,0.18017437321479954,False
268,Logistic regression,train once,2008-08-18,190,2008-08-18 15:00:00,0,0.8011000568760602,True
269,Logistic regression,train once,2008-08-18,190,2008-08-18 15:26:00,0,0.387719212753785,False
270,Logistic regression,train once,2008-08-18,190,2008-08-18 15:30:00,0,0.1442966435086287,False
271,Logistic regression,train once,2008-08-18,190,2008-08-18 15:33:00,0,0.7543293583372411,True
272,Logistic regression,train once,2008-08-18,190,2008-08-18 15:41:00,0,0.20476757987089308,False
273,Logistic regression,train once,2008-08-18,190,2008-08-18 16:19:00,0,0.6469050265398585,False
274,Logistic regression,train once,2008-08-18,190,2008-08-18 17:13:00,1,0.6865654940524681,False
275,Logistic regression,train once,2008-08-18,190,2008-08-18 17:16:00,0,0.5810494085014939,False
276,Logistic regression,train once,2008-08-18,190,2008-08-18 17:37:00,0,1.0,True
277,Logistic regression,train once,2008-08-18,190,2008-08-18 19:24:00,0,0.3138217480921211,False
278,Logistic regression,train once,2008-08-18,190,2008-08-18 19:54:00,1,0.6181600762213036,False
279,Logistic regression,train once,2008-08-18,190,2008-08-18 23:00:00,0,0.668693183471298,False
280,Logistic regression,train once,2008-08-18,190,2008-08-18 23:03:00,0,0.28654094588504664,False
281,Logistic regression,train once,2008-08-18,190,2008-08-18 23:47:00,0,0.23667029860581115,False
282,Logistic regression,train once,2008-08-18,190,2008-08-19 01:10:00,0,0.8159438985511053,True
283,Logistic regression,train once,2008-08-18,190,2008-08-19 03:59:00,1,0.6965828411780872,False
284,Logistic regression,train once,2008-08-18,190,2008-08-19 04:58:00,0,0.4438904353845342,False
285,Logistic regression,train once,2008-08-18,190,2008-08-19 05:09:00,0,0.4948810999879199,False
286,Logistic regression,train once,2008-08-18,190,2008-08-19 05:11:00,0,0.15872299114774568,False
287,Logistic regression,train once,2008-08-18,190,2008-08-19 05:11:00,0,0.23000010213362018,False
288,Logistic regression,train once,2008-08-18,190,2008-08-19 05:40:00,0,0.554161966698211,False
289,Logistic regression,train once,2008-08-18,190,2008-08-19 05:41:00,0,0.45813436237296595,False
290,Logistic regression,train once,2008-08-18,190,2008-08-19 05:53:00,0,0.5551208371416636,False
291,Logistic regression,train once,2008-08-18,190,2008-08-19 05:54:00,0,0.3473065809336932,False
292,Logistic regression,train once,2008-08-18,190,2008-08-19 05:56:00,1,0.42555373223014525,False
293,Logistic regression,train once,2008-08-18,190,2008-08-19 06:24:00,0,0.23466524282318854,False
294,Logistic regression,train once,2008-08-18,190,2008-08-19 07:43:00,0,0.36447389833790617,False
295,Logistic regression,train once,2008-08-18,190,2008-08-19 07:58:00,1,0.42738459191054173,False
296,Logistic regression,train once,2008-08-18,190,2008-08-19 08:01:00,0,0.1666223177875208,False
297,Logistic regression,train once,2008-08-18,190,2008-08-19 08:07:00,0,0.38749041325625383,False
298,Logistic regression,train once,2008-08-18,190,2008-08-19 08:33:00,0,0.05197232063210039,False
299,Logistic regression,train once,2008-08-18,190,2008-08-19 09:04:00,0,0.1904921232735962,False
300,Logistic regression,train once,2008-08-18,190,2008-08-19 09:05:00,0,0.21181159584500614,False
301,Logistic regression,train once,2008-08-18,190,2008-08-19 10:46:00,0,0.45659690466004277,False
302,Logistic regression,train once,2008-08-18,190,2008-08-19 11:11:00,0,0.5711436129339715,False
303,Logistic regression,train once,2008-08-18,190,2008-08-19 11:13:00,0,0.2681096125973336,False
304,Logistic regression,train once,2008-08-18,190,2008-08-19 11:13:00,0,0.4870872527112656,False
305,Logistic regression,train once,2008-08-18,190,2008-08-19 11:28:00,0,0.15086446113449864,False
306,Logistic regression,train once,2008-08-18,190,2008-08-19 11:44:00,0,0.22800989049471476,False
307,Logistic regression,train once,2008-08-18,190,2008-08-19 11:46:00,0,0.40178298828291636,False
308,Logistic regression,train once,2008-08-18,190,2008-08-19 11:57:00,0,0.29932251253368486,False
309,Logistic regression,train once,2008-08-18,190,2008-08-19 11:58:00,0,0.4095011373297053,False
310,Logistic regression,train once,2008-08-18,190,2008-08-19 12:30:00,0,0.19223859125488743,False
311,Logistic regression,train once,2008-08-18,190,2008-08-19 15:33:00,0,0.2719058672709505,False
312,Logistic regression,train once,2008-08-18,190,2008-08-19 18:12:00,0,0.674783615650848,False
313,Logistic regression,train once,2008-08-18,190,2008-08-19 18:12:00,0,0.22714068642555738,False
314,Logistic regression,train once,2008-08-18,190,2008-08-19 18:30:00,0,0.500028815783516,False
315,Logistic regression,train once,2008-08-18,190,2008-08-19 18:30:00,0,0.3186045389821067,False
316,Logistic regression,train once,2008-08-18,190,2008-08-19 19:38:00,0,0.5787371166731737,False
317,Logistic regression,train once,2008-08-18,190,2008-08-19 20:53:00,0,0.6008250147319586,False
318,Logistic regression,train once,2008-08-18,190,2008-08-20 00:05:00,0,0.2519690735777522,False
319,Logistic regression,train once,2008-08-18,190,2008-08-20 01:33:00,0,0.6081200237738258,False
320,Logistic regression,train once,2008-08-18,190,2008-08-20 01:42:00,0,0.4005677481817891,False
321,Logistic regression,train once,2008-08-18,190,2008-08-20 02:13:00,0,0.44223662295717225,False
322,Logistic regression,train once,2008-08-18,190,2008-08-20 02:27:00,1,0.14170339427411094,False
323,Logistic regression,train once,2008-08-18,190,2008-08-20 03:00:00,0,0.7600869704414343,True
324,Logistic regression,train once,2008-08-18,190,2008-08-20 03:12:00,1,0.24989402576352046,False
325,Logistic regression,train once,2008-08-18,190,2008-08-20 06:36:00,0,0.4758558649911995,False
326,Logistic regression,train once,2008-08-18,190,2008-08-20 07:12:00,0,0.5047799942362579,False
327,Logistic regression,train once,2008-08-18,190,2008-08-20 08:40:00,1,0.4905287292278783,False
328,Logistic regression,train once,2008-08-18,190,2008-08-20 09:17:00,1,0.32235715096358786,False
329,Logistic regression,train once,2008-08-18,190,2008-08-20 10:26:00,0,0.24174726544505848,False
330,Logistic regression,train once,2008-08-18,190,2008-08-20 16:08:00,0,0.4529296934947337,False
331,Logistic regression,train once,2008-08-18,190,2008-08-20 16:16:00,0,0.3335494487972364,False
332,Logistic regression,train once,2008-08-18,190,2008-08-20 17:09:00,0,0.33160493050970014,False
333,Logistic regression,train once,2008-08-18,190,2008-08-20 17:35:00,0,0.5391867724740128,False
334,Logistic regression,train once,2008-08-18,190,2008-08-20 17:36:00,0,0.3102290440394095,False
335,Logistic regression,train once,2008-08-18,190,2008-08-20 18:29:00,0,0.6599783909694206,False
336,Logistic regression,train once,2008-08-18,190,2008-08-20 18:35:00,0,0.6567888407141744,False
337,Logistic regression,train once,2008-08-18,190,2008-08-20 19:20:00,1,0.3477660820259649,False
338,Logistic regression,train once,2008-08-18,190,2008-08-20 20:19:00,0,0.6720868505335718,False
339,Logistic regression,train once,2008-08-18,190,2008-08-20 21:33:00,0,0.5920523141766163,False
340,Logistic regression,train once,2008-08-18,190,2008-08-20 21:41:00,0,0.49730920673905094,False
341,Logistic regression,train once,2008-08-18,190,2008-08-20 21:58:00,0,0.2739034648917058,False
342,Logistic regression,train once,2008-08-18,190,2008-08-20 22:13:00,0,0.8523351712144593,True
343,Logistic regression,train once,2008-08-18,190,2008-08-20 22:45:00,0,0.4072715002549084,False
344,Logistic regression,train once,2008-08-18,190,2008-08-20 23:18:00,0,0.347553349003405,False
345,Logistic regression,train once,2008-08-18,190,2008-08-20 23:43:00,1,0.25538863110281834,False
346,Logistic regression,train once,2008-08-18,190,2008-08-21 02:11:00,0,0.4517378828845739,False
347,Logistic regression,train once,2008-08-18,190,2008-08-21 02:46:00,0,0.3320384216660995,False
348,Logistic regression,train once,2008-08-18,190,2008-08-21 04:22:00,0,0.9880040021336235,True
349,Logistic regression,train once,2008-08-18,190,2008-08-21 04:29:00,0,0.18523992822513868,False
350,Logistic regression,train once,2008-08-18,190,2008-08-21 05:06:00,0,0.16391106818386483,False
351,Logistic regression,train once,2008-08-18,190,2008-08-21 05:15:00,0,0.37005592406639287,False
352,Logistic regression,train once,2008-08-18,190,2008-08-21 06:10:00,1,0.39533487036482134,False
353,Logistic regression,train once,2008-08-18,190,2008-08-21 11:22:00,0,0.14380414103345218,False
354,Logistic regression,train once,2008-08-18,190,2008-08-21 12:00:00,0,0.38542291184725264,False
355,Logistic regression,train once,2008-08-18,190,2008-08-21 12:31:00,0,0.4921746951898239,False
356,Logistic regression,train once,2008-08-18,190,2008-08-21 12:33:00,0,0.2935576412774716,False
357,Logistic regression,train once,2008-08-18,190,2008-08-21 12:43:00,0,0.18188543602568866,False
358,Logistic regression,train once,2008-08-18,190,2008-08-21 12:52:00,0,0.20132674464751904,False
359,Logistic regression,train once,2008-08-18,190,2008-08-21 13:11:00,0,0.2804007497972567,False
360,Logistic regression,train once,2008-08-18,190,2008-08-21 13:19:00,0,0.4479216322143228,False
361,Logistic regression,train once,2008-08-18,190,2008-08-21 13:29:00,0,0.7262970886283996,True
362,Logistic regression,train once,2008-08-18,190,2008-08-21 13:45:00,0,0.2681365454282046,False
363,Logistic regression,train once,2008-08-18,190,2008-08-21 14:47:00,0,0.7611571743398503,True
364,Logistic regression,train once,2008-08-18,190,2008-08-21 15:05:00,0,0.4129931252967258,False
365,Logistic regression,train once,2008-08-18,190,2008-08-21 15:06:00,0,0.5054580105929968,False
366,Logistic regression,train once,2008-08-18,190,2008-08-21 15:32:00,0,0.7841678090290389,True
367,Logistic regression,train once,2008-08-18,190,2008-08-21 15:48:00,0,0.31488114768630227,False
368,Logistic regression,train once,2008-08-18,190,2008-08-21 15:50:00,0,0.29312649232600374,False
369,Logistic regression,train once,2008-08-18,190,2008-08-21 16:19:00,1,0.7073016993229446,False
370,Logistic regression,train once,2008-08-18,190,2008-08-21 16:36:00,0,0.1322640984186497,False
371,Logistic regression,train once,2008-08-18,190,2008-08-21 17:25:00,0,0.24981421818262411,False
372,Logistic regression,train once,2008-08-18,190,2008-08-21 17:44:00,0,0.10825049505359227,False
373,Logistic regression,train once,2008-08-18,190,2008-08-21 18:04:00,0,0.44654997411305597,False
374,Logistic regression,train once,2008-08-18,190,2008-08-21 18:05:00,1,0.12075340400909941,False
375,Logistic regression,train once,2008-08-18,190,2008-08-21 18:39:00,0,0.2221852092016155,False
376,Logistic regression,train once,2008-08-18,190,2008-08-21 18:53:00,0,0.9882510898122587,True
377,Logistic regression,train once,2008-08-18,190,2008-08-21 19:12:00,0,0.24586643080430215,False
378,Logistic regression,train once,2008-08-18,190,2008-08-21 19:12:00,0,0.4054225862089049,False
379,Logistic regression,train once,2008-08-18,190,2008-08-21 19:46:00,0,0.3413460763340912,False
380,Logistic regression,train once,2008-08-18,190,2008-08-21 20:19:00,0,0.43183027364060433,False
381,Logistic regression,train once,2008-08-18,190,2008-08-21 20:21:00,0,0.6857747602045307,False
382,Logistic regression,train once,2008-08-18,190,2008-08-21 20:37:00,0,0.47615071795212877,False
383,Logistic regression,train once,2008-08-18,190,2008-08-21 21:32:00,0,0.473933328339446,False
384,Logistic regression,train once,2008-08-18,190,2008-08-21 22:25:00,0,0.295342474650321,False
385,Logistic regression,train once,2008-08-18,190,2008-08-21 22:41:00,0,0.805038173475744,True
386,Logistic regression,train once,2008-08-18,190,2008-08-21 23:08:00,0,0.3005922653226874,False
387,Logistic regression,train once,2008-08-18,190,2008-08-21 23:27:00,0,0.7184811425479876,True
388,Logistic regression,train once,2008-08-18,190,2008-08-21 23:53:00,0,0.46800883662099046,False
389,Logistic regression,train once,2008-08-18,190,2008-08-21 23:57:00,0,0.37197290272530237,False
390,Logistic regression,train once,2008-08-18,190,2008-08-22 00:43:00,0,0.4894380033701574,False
391,Logistic regression,train once,2008-08-18,190,2008-08-22 00:44:00,0,0.22295519204840988,False
392,Logistic regression,train once,2008-08-18,190,2008-08-22 00:47:00,0,0.3997688996917745,False
393,Logistic regression,train once,2008-08-18,190,2008-08-22 01:04:00,1,0.35408641933951684,False
394,Logistic regression,train once,2008-08-18,190,2008-08-22 01:26:00,0,0.33396979633079926,False
395,Logistic regression,train once,2008-08-18,190,2008-08-22 01:27:00,0,0.31895922445289915,False
396,Logistic regression,train once,2008-08-18,190,2008-08-22 01:54:00,0,0.672081095532012,False
397,Logistic regression,train once,2008-08-18,190,2008-08-22 02:01:00,0,0.40749564974560104,False
398,Logistic regression,train once,2008-08-18,190,2008-08-22 02:25:00,0,0.3089108368906113,False
399,Logistic regression,train once,2008-08-18,190,2008-08-22 02:52:00,0,0.9436209521725571,True
400,Logistic regression,train once,2008-08-18,190,2008-08-22 03:18:00,0,0.252832839353097,False
401,Logistic regression,train once,2008-08-18,190,2008-08-22 03:58:00,0,0.3697725451504609,False
402,Logistic regression,train once,2008-08-18,190,2008-08-22 04:40:00,0,0.6435868014945014,False
403,Logistic regression,train once,2008-08-18,190,2008-08-22 04:57:00,0,0.4624061098246605,False
404,Logistic regression,train once,2008-08-18,190,2008-08-22 05:21:00,0,0.1694391299822886,False
405,Logistic regression,train once,2008-08-18,190,2008-08-22 05:31:00,0,0.2788360031033401,False
406,Logistic regression,train once,2008-08-18,190,2008-08-22 05:32:00,0,0.14407236955633,False
407,Logistic regression,train once,2008-08-18,190,2008-08-22 06:00:00,1,0.20196616858562894,False
408,Logistic regression,train once,2008-08-18,190,2008-08-22 07:04:00,0,0.5896472796527871,False
409,Logistic regression,train once,2008-08-18,190,2008-08-22 07:17:00,0,0.8880295346717801,True
410,Logistic regression,train once,2008-08-18,190,2008-08-22 07:27:00,0,0.3666982360596051,False
411,Logistic regression,train once,2008-08-18,190,2008-08-22 09:29:00,0,0.03986058997649226,False
412,Logistic regression,train once,2008-08-18,190,2008-08-22 09:29:00,0,0.538763083099987,False
413,Logistic regression,train once,2008-08-18,190,2008-08-22 10:01:00,0,0.6455019539937079,False
414,Logistic regression,train once,2008-08-18,190,2008-08-22 10:18:00,0,0.4890876123678228,False
415,Logistic regression,train once,2008-08-18,190,2008-08-22 10:47:00,0,0.6109857345641793,False
416,Logistic regression,train once,2008-08-18,190,2008-08-22 11:32:00,0,0.50844436518005,False
417,Logistic regression,train once,2008-08-18,190,2008-08-22 12:13:00,0,0.1793993995985263,False
418,Logistic regression,train once,2008-08-18,190,2008-08-22 12:37:00,0,0.6387647587819512,False
419,Logistic regression,train once,2008-08-18,190,2008-08-22 12:42:00,0,0.6152874280297775,False
420,Logistic regression,train once,2008-08-18,190,2008-08-22 13:22:00,0,0.48627592467237535,False
421,Logistic regression,train once,2008-08-18,190,2008-08-22 14:45:00,0,0.7405800671705891,True
422,Logistic regression,train once,2008-08-18,190,2008-08-22 15:25:00,0,0.5259788243019876,False
423,Logistic regression,train once,2008-08-18,190,2008-08-22 15:39:00,0,0.48239282140026063,False
424,Logistic regression,train once,2008-08-18,190,2008-08-22 15:54:00,0,0.9999775108326167,True
425,Logistic regression,train once,2008-08-18,190,2008-08-22 19:14:00,1,0.4997863200808763,False
426,Logistic regression,train once,2008-08-18,190,2008-08-22 23:46:00,0,0.6053985983027562,False
427,Logistic regression,train once,2008-08-18,190,2008-08-22 23:47:00,0,0.9609768443685388,True
428,Logistic regression,train once,2008-08-18,190,2008-08-22 23:49:00,0,0.5734505376837071,False
429,Logistic regression,train once,2008-08-18,190,2008-08-22 23:56:00,0,0.5722355782916415,False
430,Logistic regression,train once,2008-08-18,190,2008-08-23 02:04:00,0,0.6673130797903258,False
431,Logistic regression,train once,2008-08-18,190,2008-08-23 03:26:00,0,0.4123513779732154,False
432,Logistic regression,train once,2008-08-18,190,2008-08-23 04:50:00,0,0.4006089019699159,False
433,Logistic regression,train once,2008-08-18,190,2008-08-23 04:52:00,0,0.6329690257879864,False
434,Logistic regression,train once,2008-08-18,190,2008-08-23 05:57:00,0,0.3125939671245918,False
435,Logistic regression,train once,2008-08-18,190,2008-08-23 05:57:00,0,0.21819867185811107,False
436,Logistic regression,train once,2008-08-18,190,2008-08-23 05:58:00,0,0.48748985855620364,False
437,Logistic regression,train once,2008-08-18,190,2008-08-23 05:58:00,0,0.16075685629382389,False
438,Logistic regression,train once,2008-08-18,190,2008-08-23 09:24:00,0,0.33564602654126985,False
439,Logistic regression,train once,2008-08-18,190,2008-08-23 12:58:00,0,0.903346030124537,True
440,Logistic regression,train once,2008-08-18,190,2008-08-23 13:02:00,0,0.9089115907410165,True
441,Logistic regression,train once,2008-08-18,190,2008-08-23 15:10:00,0,0.3525050626229834,False
442,Logistic regression,train once,2008-08-18,190,2008-08-23 15:29:00,1,0.2625736654230853,False
443,Logistic regression,train once,2008-08-18,190,2008-08-24 02:32:00,0,0.3098741014474882,False
444,Logistic regression,train once,2008-08-18,190,2008-08-24 04:00:00,0,0.7974352138274315,True
445,Logistic regression,train once,2008-08-18,190,2008-08-24 07:12:00,0,0.45114570353692623,False
446,Logistic regression,train once,2008-08-18,190,2008-08-24 07:14:00,0,0.7645316086796261,True
447,Logistic regression,train once,2008-08-18,190,2008-08-24 10:09:00,0,0.2797909311076164,False
448,Logistic regression,train once,2008-08-18,190,2008-08-24 10:14:00,0,0.37976582827227,False
449,Logistic regression,train once,2008-08-18,190,2008-08-24 13:03:00,1,0.49392591416053855,False
450,Logistic regression,train once,2008-08-25,190,2008-08-25 09:29:00,0,0.5523495522774255,False
451,Logistic regression,train once,2008-08-25,190,2008-08-27 00:46:00,0,0.23515099082848276,False
452,Logistic regression,train once,2008-08-25,190,2008-08-27 11:38:00,0,0.7467184868739154,True
453,Logistic regression,train once,2008-08-25,190,2008-08-27 12:22:00,0,0.6245908965097591,False
454,Logistic regression,train once,2008-08-25,190,2008-08-27 13:35:00,0,0.6777182811489276,False
455,Logistic regression,train once,2008-08-25,190,2008-08-27 14:18:00,0,0.30439663648808857,False
456,Logistic regression,train once,2008-08-25,190,2008-08-27 17:14:00,0,0.2693927787147468,False
457,Logistic regression,train once,2008-08-25,190,2008-08-27 22:48:00,0,0.3505265255384473,False
458,Logistic regression,train once,2008-08-25,190,2008-08-27 22:58:00,0,1.0,True
459,Logistic regression,train once,2008-08-25,190,2008-08-28 03:03:00,0,0.6546592041975405,False
460,Logistic regression,train once,2008-08-25,190,2008-08-28 03:04:00,0,0.5749903807085552,False
461,Logistic regression,train once,2008-08-25,190,2008-08-28 03:29:00,0,0.40254937072129954,False
462,Logistic regression,train once,2008-08-25,190,2008-08-28 03:38:00,0,0.9998940468168608,True
463,Logistic regression,train once,2008-08-25,190,2008-08-28 03:45:00,0,0.7269193345845111,True
464,Logistic regression,train once,2008-08-25,190,2008-08-28 04:10:00,0,0.26584691760926205,False
465,Logistic regression,train once,2008-08-25,190,2008-08-28 04:20:00,0,0.2775759286769621,False
466,Logistic regression,train once,2008-08-25,190,2008-08-28 04:54:00,0,0.3834711333073884,False
467,Logistic regression,train once,2008-08-25,190,2008-08-28 05:00:00,0,1.0,True
468,Logistic regression,train once,2008-08-25,190,2008-08-28 06:15:00,0,0.5003756569409719,False
469,Logistic regression,train once,2008-08-25,190,2008-08-28 06:39:00,0,0.24743940200214296,False
470,Logistic regression,train once,2008-08-25,190,2008-08-28 06:56:00,0,0.3268932156862637,False
471,Logistic regression,train once,2008-08-25,190,2008-08-28 07:40:00,0,0.4059104629437932,False
472,Logistic regression,train once,2008-08-25,190,2008-08-28 07:51:00,0,0.35906067143103065,False
473,Logistic regression,train once,2008-08-25,190,2008-08-28 08:41:00,0,0.38597030244003955,False
474,Logistic regression,train once,2008-08-25,190,2008-08-28 09:46:00,0,0.4233157684882112,False
475,Logistic regression,train once,2008-08-25,190,2008-08-28 09:49:00,0,0.5679483058216492,False
476,Logistic regression,train once,2008-08-25,190,2008-08-28 10:15:00,0,0.3912589801596082,False
477,Logistic regression,train once,2008-08-25,190,2008-08-28 10:28:00,0,0.3680486766506073,False
478,Logistic regression,train once,2008-08-25,190,2008-08-28 10:32:00,0,0.34420097967231095,False
479,Logistic regression,train once,2008-08-25,190,2008-08-28 11:19:00,0,0.3427701602818363,False
480,Logistic regression,train once,2008-08-25,190,2008-08-28 12:44:00,0,0.7670708716391152,True
481,Logistic regression,train once,2008-08-25,190,2008-08-28 14:48:00,0,0.6322141930762514,False
482,Logistic regression,train once,2008-08-25,190,2008-08-28 15:19:00,0,0.5854913293085596,False
483,Logistic regression,train once,2008-08-25,190,2008-08-28 16:01:00,0,0.21643629559197972,False
484,Logistic regression,train once,2008-08-25,190,2008-08-28 16:43:00,0,0.7869522597151168,True
485,Logistic regression,train once,2008-08-25,190,2008-08-28 16:52:00,0,0.41548757901433886,False
486,Logistic regression,train once,2008-08-25,190,2008-08-28 17:21:00,0,0.3209425576932104,False
487,Logistic regression,train once,2008-08-25,190,2008-08-28 17:27:00,0,0.5189994448624821,False
488,Logistic regression,train once,2008-08-25,190,2008-08-28 17:32:00,0,0.2706818638749998,False
489,Logistic regression,train once,2008-08-25,190,2008-08-28 18:05:00,0,0.5945641472498897,False
490,Logistic regression,train once,2008-08-25,190,2008-08-28 18:10:00,0,0.5462488582998791,False
491,Logistic regression,train once,2008-08-25,190,2008-08-28 18:15:00,0,0.3782743191823632,False
492,Logistic regression,train once,2008-08-25,190,2008-08-28 18:25:00,0,0.40098937368785653,False
493,Logistic regression,train once,2008-08-25,190,2008-08-28 18:47:00,0,0.07962678859125678,False
494,Logistic regression,train once,2008-08-25,190,2008-08-28 18:57:00,0,0.3166580924139162,False
495,Logistic regression,train once,2008-08-25,190,2008-08-28 20:20:00,0,0.48161906482990524,False
496,Logistic regression,train once,2008-08-25,190,2008-08-28 20:39:00,1,0.3908891945196671,False
497,Logistic regression,train once,2008-08-25,190,2008-08-28 21:03:00,0,0.4697019066979175,False
498,Logistic regression,train once,2008-08-25,190,2008-08-28 21:52:00,0,0.16092683870582858,False
499,Logistic regression,train once,2008-08-25,190,2008-08-28 22:57:00,0,0.3023455231598976,False
500,Logistic regression,train once,2008-08-25,190,2008-08-28 23:40:00,0,0.5598112703754252,False
501,Logistic regression,train once,2008-08-25,190,2008-08-28 23:42:00,0,0.9931900360705326,True
502,Logistic regression,train once,2008-08-25,190,2008-08-29 00:49:00,0,0.2902782402707826,False
503,Logistic regression,train once,2008-08-25,190,2008-08-29 01:06:00,0,0.4209407719119145,False
504,Logistic regression,train once,2008-08-25,190,2008-08-29 02:38:00,0,0.32600579049383005,False
505,Logistic regression,train once,2008-08-25,190,2008-08-29 02:39:00,0,0.726984240602299,True
506,Logistic regression,train once,2008-08-25,190,2008-08-29 03:27:00,0,0.33447603653419894,False
507,Logistic regression,train once,2008-08-25,190,2008-08-29 03:33:00,0,0.4823856488727238,False
508,Logistic regression,train once,2008-08-25,190,2008-08-29 03:46:00,0,0.2840781685503942,False
509,Logistic regression,train once,2008-08-25,190,2008-08-29 04:55:00,1,0.4397571485958617,False
510,Logistic regression,train once,2008-08-25,190,2008-08-29 04:56:00,0,0.3829006674389544,False
511,Logistic regression,train once,2008-08-25,190,2008-08-29 05:16:00,0,0.21027748496515877,False
512,Logistic regression,train once,2008-08-25,190,2008-08-29 05:54:00,0,0.4415750222398089,False
513,Logistic regression,train once,2008-08-25,190,2008-08-29 05:54:00,0,0.4836256735300492,False
514,Logistic regression,train once,2008-08-25,190,2008-08-29 05:57:00,0,0.6252091868919127,False
515,Logistic regression,train once,2008-08-25,190,2008-08-29 05:57:00,0,0.6360425091242266,False
516,Logistic regression,train once,2008-08-25,190,2008-08-29 06:35:00,0,0.24900037262055386,False
517,Logistic regression,train once,2008-08-25,190,2008-08-29 06:37:00,0,0.3840402029047588,False
518,Logistic regression,train once,2008-08-25,190,2008-08-29 06:40:00,0,0.5602857093168389,False
519,Logistic regression,train once,2008-08-25,190,2008-08-29 06:45:00,1,0.5981518934887016,False
520,Logistic regression,train once,2008-08-25,190,2008-08-29 06:54:00,0,0.40395285785835366,False
521,Logistic regression,train once,2008-08-25,190,2008-08-29 07:18:00,0,0.6844728544909489,False
522,Logistic regression,train once,2008-08-25,190,2008-08-29 07:22:00,0,0.3622100828525192,False
523,Logistic regression,train once,2008-08-25,190,2008-08-29 07:24:00,0,0.6452634523390847,False
524,Logistic regression,train once,2008-08-25,190,2008-08-29 07:33:00,0,0.35416545291427765,False
525,Logistic regression,train once,2008-08-25,190,2008-08-29 07:33:00,0,0.44474101172503283,False
526,Logistic regression,train once,2008-08-25,190,2008-08-29 08:10:00,0,0.29959254167367255,False
527,Logistic regression,train once,2008-08-25,190,2008-08-29 08:20:00,0,0.46756978718762837,False
528,Logistic regression,train once,2008-08-25,190,2008-08-29 08:41:00,0,0.5342680900002176,False
529,Logistic regression,train once,2008-08-25,190,2008-08-29 08:45:00,0,0.48526799745138266,False
530,Logistic regression,train once,2008-08-25,190,2008-08-29 12:21:00,0,0.9932548468862931,True
531,Logistic regression,train once,2008-08-25,190,2008-08-29 12:22:00,0,0.3671575135285157,False
532,Logistic regression,train once,2008-08-25,190,2008-08-29 12:37:00,0,0.34849233827086346,False
533,Logistic regression,train once,2008-08-25,190,2008-08-29 13:04:00,0,0.5341306836783086,False
534,Logistic regression,train once,2008-08-25,190,2008-08-29 13:14:00,0,0.4265020851071821,False
535,Logistic regression,train once,2008-08-25,190,2008-08-29 13:27:00,0,0.4171904409742204,False
536,Logistic regression,train once,2008-08-25,190,2008-08-29 13:49:00,0,0.6756396881515085,False
537,Logistic regression,train once,2008-08-25,190,2008-08-29 14:11:00,0,0.5847265617051515,False
538,Logistic regression,train once,2008-08-25,190,2008-08-29 14:18:00,0,0.5760438680244006,False
539,Logistic regression,train once,2008-08-25,190,2008-08-29 14:30:00,0,0.4953980503685174,False
540,Logistic regression,train once,2008-08-25,190,2008-08-29 15:01:00,0,0.9987549077928729,True
541,Logistic regression,train once,2008-08-25,190,2008-08-29 15:43:00,0,0.4335116319188952,False
542,Logistic regression,train once,2008-08-25,190,2008-08-29 16:26:00,0,0.6197409442427466,False
543,Logistic regression,train once,2008-08-25,190,2008-08-29 20:21:00,0,0.4450596665512548,False
544,Logistic regression,train once,2008-08-25,190,2008-08-29 20:49:00,0,0.5319395227597223,False
545,Logistic regression,train once,2008-08-25,190,2008-08-29 21:25:00,0,0.7137403656784144,True
546,Logistic regression,train once,2008-08-25,190,2008-08-29 21:46:00,0,0.282970937053615,False
547,Logistic regression,train once,2008-08-25,190,2008-08-29 21:54:00,0,0.7202391450823827,True
548,Logistic regression,train once,2008-08-25,190,2008-08-29 22:11:00,0,0.5094929268643453,False
549,Logistic regression,train once,2008-08-25,190,2008-08-29 22:45:00,0,0.7553833099052212,True
550,Logistic regression,train once,2008-08-25,190,2008-08-29 22:49:00,0,0.4982820097414154,False
551,Logistic regression,train once,2008-08-25,190,2008-08-29 22:56:00,0,0.48990609211956115,False
552,Logistic regression,train once,2008-08-25,190,2008-08-30 00:01:00,0,0.7931956442501586,True
553,Logistic regression,train once,2008-08-25,190,2008-08-30 00:05:00,0,0.31228009228534503,False
554,Logistic regression,train once,2008-08-25,190,2008-08-30 00:57:00,0,0.443633823021273,False
555,Logistic regression,train once,2008-08-25,190,2008-08-30 01:29:00,0,0.4839410731804735,False
556,Logistic regression,train once,2008-08-25,190,2008-08-30 02:08:00,0,0.8916006646071033,True
557,Logistic regression,train once,2008-08-25,190,2008-08-30 02:22:00,0,0.6703206659356736,False
558,Logistic regression,train once,2008-08-25,190,2008-08-30 02:32:00,0,0.3215424430867686,False
559,Logistic regression,train once,2008-08-25,190,2008-08-30 02:39:00,0,0.3629861535839097,False
560,Logistic regression,train once,2008-08-25,190,2008-08-30 02:50:00,0,0.5629044268294503,False
561,Logistic regression,train once,2008-08-25,190,2008-08-30 03:10:00,0,0.18136569660375493,False
562,Logistic regression,train once,2008-08-25,190,2008-08-30 04:20:00,0,0.31911675706997467,False
563,Logistic regression,train once,2008-08-25,190,2008-08-30 04:24:00,0,0.36806968521548317,False
564,Logistic regression,train once,2008-08-25,190,2008-08-30 04:55:00,0,0.6535968202629678,False
565,Logistic regression,train once,2008-08-25,190,2008-08-30 05:05:00,0,0.5452551747301351,False
566,Logistic regression,train once,2008-08-25,190,2008-08-30 05:05:00,0,0.5322424868128093,False
567,Logistic regression,train once,2008-08-25,190,2008-08-30 05:38:00,0,0.1559834199117698,False
568,Logistic regression,train once,2008-08-25,190,2008-08-30 05:51:00,0,0.5107765844682487,False
569,Logistic regression,train once,2008-08-25,190,2008-08-30 07:50:00,0,0.3991977717332413,False
570,Logistic regression,train once,2008-08-25,190,2008-08-30 07:54:00,0,0.29141457077162153,False
571,Logistic regression,train once,2008-08-25,190,2008-08-30 08:10:00,0,0.33749062984882017,False
572,Logistic regression,train once,2008-08-25,190,2008-08-30 08:29:00,0,0.6665284983170143,False
573,Logistic regression,train once,2008-08-25,190,2008-08-30 08:42:00,0,0.43991987795025667,False
574,Logistic regression,train once,2008-08-25,190,2008-08-30 08:53:00,0,0.6232433107289934,False
575,Logistic regression,train once,2008-08-25,190,2008-08-30 09:13:00,0,0.5448831301082501,False
576,Logistic regression,train once,2008-08-25,190,2008-08-30 09:37:00,0,0.344542098167175,False
577,Logistic regression,train once,2008-08-25,190,2008-08-30 09:45:00,1,0.9490459136847561,True
578,Logistic regression,train once,2008-08-25,190,2008-08-30 10:15:00,0,0.497989289659724,False
579,Logistic regression,train once,2008-08-25,190,2008-08-30 10:16:00,0,0.7263290874963066,True
580,Logistic regression,train once,2008-08-25,190,2008-08-30 11:12:00,0,0.7559750225652202,True
581,Logistic regression,train once,2008-08-25,190,2008-08-30 11:14:00,0,0.5245823334630533,False
582,Logistic regression,train once,2008-08-25,190,2008-08-30 11:18:00,0,0.6333032558659043,False
583,Logistic regression,train once,2008-08-25,190,2008-08-30 11:57:00,0,0.2706956461394595,False
584,Logistic regression,train once,2008-08-25,190,2008-08-30 14:10:00,1,0.5090365582434027,False
585,Logistic regression,train once,2008-08-25,190,2008-08-30 14:23:00,0,0.6318652807351794,False
586,Logistic regression,train once,2008-08-25,190,2008-08-30 14:37:00,0,0.2279425932464492,False
587,Logistic regression,train once,2008-08-25,190,2008-08-30 15:06:00,0,0.4815853834454057,False
588,Logistic regression,train once,2008-08-25,190,2008-08-30 15:16:00,0,0.4384368004131412,False
589,Logistic regression,train once,2008-08-25,190,2008-08-30 15:37:00,0,0.6682717427724855,False
590,Logistic regression,train once,2008-08-25,190,2008-08-30 15:50:00,0,0.4320508355212185,False
591,Logistic regression,train once,2008-08-25,190,2008-08-30 15:57:00,0,0.28585373704634354,False
592,Logistic regression,train once,2008-08-25,190,2008-08-30 16:24:00,0,0.46848111574138945,False
593,Logistic regression,train once,2008-08-25,190,2008-08-30 17:05:00,0,0.7846207351055985,True
594,Logistic regression,train once,2008-08-25,190,2008-08-30 17:49:00,0,0.225137322742361,False
595,Logistic regression,train once,2008-08-25,190,2008-08-30 19:21:00,0,0.5002920976060573,False
596,Logistic regression,train once,2008-08-25,190,2008-08-30 19:27:00,0,0.5728963278802741,False
597,Logistic regression,train once,2008-08-25,190,2008-08-30 20:11:00,0,0.5293377106314759,False
598,Logistic regression,train once,2008-08-25,190,2008-08-30 20:53:00,0,0.8152570940949043,True
599,Logistic regression,train once,2008-08-25,190,2008-08-30 21:53:00,0,0.6261765741862573,False
600,Logistic regression,train once,2008-08-25,190,2008-08-30 23:51:00,0,0.3484590606635148,False
601,Logistic regression,train once,2008-08-25,190,2008-08-31 02:57:00,0,0.25816595407859055,False
602,Logistic regression,train once,2008-08-25,190,2008-08-31 04:46:00,1,0.48597211483960556,False
603,Logistic regression,train once,2008-08-25,190,2008-08-31 05:05:00,0,0.5814055732190855,False
604,Logistic regression,train once,2008-08-25,190,2008-08-31 09:11:00,0,0.3215942310479264,False
605,Logistic regression,train once,2008-08-25,190,2008-08-31 10:36:00,0,0.35130007424355536,False
606,Logistic regression,train once,2008-08-25,190,2008-08-31 10:59:00,1,0.30728899053901265,False
607,Logistic regression,train once,2008-08-25,190,2008-08-31 10:59:00,0,0.44081322674192414,False
608,Logistic regression,train once,2008-08-25,190,2008-08-31 11:03:00,0,0.5286110916650301,False
609,Logistic regression,train once,2008-08-25,190,2008-08-31 15:09:00,0,0.4348153802561238,False
610,Logistic regression,train once,2008-08-25,190,2008-08-31 15:13:00,0,0.44156600963185766,False
611,Logistic regression,train once,2008-08-25,190,2008-08-31 16:32:00,0,0.22506934141005097,False
612,Logistic regression,train once,2008-08-25,190,2008-08-31 20:24:00,0,0.621644616743616,False
613,Logistic regression,train once,2008-08-25,190,2008-08-31 21:04:00,0,0.5230342132575851,False
614,Logistic regression,train once,2008-08-25,190,2008-08-31 21:46:00,0,0.43385446565578883,False
615,Logistic regression,train once,2008-08-25,190,2008-08-31 21:58:00,0,0.4814327536516727,False
616,Logistic regression,train once,2008-08-25,190,2008-08-31 22:32:00,0,0.5658434467446566,False
617,Logistic regression,train once,2008-08-25,190,2008-08-31 22:48:00,0,0.5569270051770108,False
618,Logistic regression,train once,2008-08-25,190,2008-08-31 22:57:00,0,0.4194523203757095,False
619,Logistic regression,train once,2008-09-01,190,2008-09-01 00:01:00,0,0.831518702307539,True
620,Logistic regression,train once,2008-09-01,190,2008-09-01 00:39:00,0,0.46000740898975967,False
621,Logistic regression,train once,2008-09-01,190,2008-09-01 00:45:00,0,0.42445387828592673,False
622,Logistic regression,train once,2008-09-01,190,2008-09-01 00:53:00,0,0.7484303608277201,True
623,Logistic regression,train once,2008-09-01,190,2008-09-01 05:29:00,0,0.7696808557245453,True
624,Logistic regression,train once,2008-09-01,190,2008-09-01 05:32:00,0,0.3889794874965899,False
625,Logistic regression,train once,2008-09-01,190,2008-09-01 06:12:00,0,0.15284800988095265,False
626,Logistic regression,train once,2008-09-01,190,2008-09-01 06:21:00,0,0.5973251444320016,False
627,Logistic regression,train once,2008-09-01,190,2008-09-01 06:52:00,0,0.2795700204311474,False
628,Logistic regression,train once,2008-09-01,190,2008-09-01 08:18:00,0,0.5617467689754259,False
629,Logistic regression,train once,2008-09-01,190,2008-09-01 09:06:00,0,0.37077614730704017,False
630,Logistic regression,train once,2008-09-01,190,2008-09-01 09:19:00,0,0.38972867353371615,False
631,Logistic regression,train once,2008-09-01,190,2008-09-01 09:54:00,0,0.4203644221848274,False
632,Logistic regression,train once,2008-09-01,190,2008-09-01 10:57:00,0,0.4325202449205833,False
633,Logistic regression,train once,2008-09-01,190,2008-09-01 11:40:00,0,0.37466659932824614,False
634,Logistic regression,train once,2008-09-01,190,2008-09-01 16:20:00,0,0.7030949810305501,False
635,Logistic regression,train once,2008-09-01,190,2008-09-01 19:54:00,1,1.0,True
636,Logistic regression,train once,2008-09-01,190,2008-09-01 20:51:00,0,0.554029358579402,False
637,Logistic regression,train once,2008-09-01,190,2008-09-01 22:05:00,0,0.3257673358077051,False
638,Logistic regression,train once,2008-09-01,190,2008-09-01 23:05:00,0,0.32611367351112497,False
639,Logistic regression,train once,2008-09-01,190,2008-09-01 23:19:00,0,0.11600079742309324,False
640,Logistic regression,train once,2008-09-01,190,2008-09-01 23:24:00,0,0.4767415918634297,False
641,Logistic regression,train once,2008-09-01,190,2008-09-01 23:28:00,0,0.42197317564290426,False
642,Logistic regression,train once,2008-09-01,190,2008-09-01 23:39:00,0,0.5716151916265947,False
643,Logistic regression,train once,2008-09-01,190,2008-09-01 23:45:00,0,0.2961040964437338,False
644,Logistic regression,train once,2008-09-01,190,2008-09-01 23:59:00,0,0.8696841932719245,True
645,Logistic regression,train once,2008-09-01,190,2008-09-02 00:26:00,0,0.19921441996061254,False
646,Logistic regression,train once,2008-09-01,190,2008-09-02 00:31:00,0,0.7669257307623437,True
647,Logistic regression,train once,2008-09-01,190,2008-09-02 00:46:00,0,0.43057341056820037,False
648,Logistic regression,train once,2008-09-01,190,2008-09-02 01:09:00,0,0.45106498957268937,False
649,Logistic regression,train once,2008-09-01,190,2008-09-02 01:10:00,0,0.8134267254928575,True
650,Logistic regression,train once,2008-09-01,190,2008-09-02 01:10:00,0,0.4436632654925212,False
651,Logistic regression,train once,2008-09-01,190,2008-09-02 01:36:00,0,0.7374750912364312,True
652,Logistic regression,train once,2008-09-01,190,2008-09-02 01:50:00,0,0.4142557903037292,False
653,Logistic regression,train once,2008-09-01,190,2008-09-02 02:02:00,0,0.5384636336276709,False
654,Logistic regression,train once,2008-09-01,190,2008-09-02 02:11:00,0,0.8871983952510413,True
655,Logistic regression,train once,2008-09-01,190,2008-09-02 02:50:00,0,0.3423659204938717,False
656,Logistic regression,train once,2008-09-01,190,2008-09-02 02:52:00,0,0.4473922790651959,False
657,Logistic regression,train once,2008-09-01,190,2008-09-02 03:33:00,0,0.3319884188776856,False
658,Logistic regression,train once,2008-09-01,190,2008-09-02 03:35:00,0,0.3196243004217962,False
659,Logistic regression,train once,2008-09-01,190,2008-09-02 03:35:00,0,0.40770160635517655,False
660,Logistic regression,train once,2008-09-01,190,2008-09-02 04:19:00,0,0.5290944068226006,False
661,Logistic regression,train once,2008-09-01,190,2008-09-02 04:22:00,0,0.5862705474852679,False
662,Logistic regression,train once,2008-09-01,190,2008-09-02 05:46:00,0,0.5752017191897212,False
663,Logistic regression,train once,2008-09-01,190,2008-09-02 06:03:00,0,0.32163891758290986,False
664,Logistic regression,train once,2008-09-01,190,2008-09-02 06:19:00,0,0.15819964213710325,False
665,Logistic regression,train once,2008-09-01,190,2008-09-02 06:32:00,0,0.25674629158996826,False
666,Logistic regression,train once,2008-09-01,190,2008-09-02 06:48:00,0,0.47402507550251355,False
667,Logistic regression,train once,2008-09-01,190,2008-09-02 07:22:00,0,0.4543258494375229,False
668,Logistic regression,train once,2008-09-01,190,2008-09-02 07:32:00,0,0.6858290177434782,False
669,Logistic regression,train once,2008-09-01,190,2008-09-02 08:15:00,0,0.6897939832810256,False
670,Logistic regression,train once,2008-09-01,190,2008-09-02 08:54:00,0,0.25740138566212256,False
671,Logistic regression,train once,2008-09-01,190,2008-09-02 09:36:00,0,0.20998522189307814,False
672,Logistic regression,train once,2008-09-01,190,2008-09-02 09:37:00,0,0.5185301358673922,False
673,Logistic regression,train once,2008-09-01,190,2008-09-02 10:13:00,0,0.018855733335397345,False
674,Logistic regression,train once,2008-09-01,190,2008-09-02 10:21:00,0,0.7061577595333404,False
675,Logistic regression,train once,2008-09-01,190,2008-09-02 10:25:00,0,0.38100756507670025,False
676,Logistic regression,train once,2008-09-01,190,2008-09-02 10:33:00,0,0.6033509257661082,False
677,Logistic regression,train once,2008-09-01,190,2008-09-02 11:08:00,0,0.22045029386164725,False
678,Logistic regression,train once,2008-09-01,190,2008-09-02 11:22:00,0,0.5223919143632341,False
679,Logistic regression,train once,2008-09-01,190,2008-09-02 11:47:00,0,0.20913357949548766,False
680,Logistic regression,train once,2008-09-01,190,2008-09-02 11:49:00,0,0.27645569566281003,False
681,Logistic regression,train once,2008-09-01,190,2008-09-02 12:01:00,0,0.35060806935293404,False
682,Logistic regression,train once,2008-09-01,190,2008-09-02 12:17:00,0,0.41954891364073266,False
683,Logistic regression,train once,2008-09-01,190,2008-09-02 12:26:00,0,0.73926581363586,True
684,Logistic regression,train once,2008-09-01,190,2008-09-02 12:30:00,0,0.09393734698198922,False
685,Logistic regression,train once,2008-09-01,190,2008-09-02 12:44:00,0,0.5328549426566852,False
686,Logistic regression,train once,2008-09-01,190,2008-09-02 13:05:00,0,0.38342956643212045,False
687,Logistic regression,train once,2008-09-01,190,2008-09-02 13:08:00,0,0.5106490612008068,False
688,Logistic regression,train once,2008-09-01,190,2008-09-02 13:27:00,0,0.3051033116452659,False
689,Logistic regression,train once,2008-09-01,190,2008-09-02 13:40:00,0,0.3307434264152373,False
690,Logistic regression,train once,2008-09-01,190,2008-09-02 14:09:00,0,0.18425812428837354,False
691,Logistic regression,train once,2008-09-01,190,2008-09-02 14:21:00,0,0.4556114184614189,False
692,Logistic regression,train once,2008-09-01,190,2008-09-02 14:34:00,0,0.43872957765311044,False
693,Logistic regression,train once,2008-09-01,190,2008-09-02 15:29:00,0,0.2567677587881458,False
694,Logistic regression,train once,2008-09-01,190,2008-09-02 16:10:00,0,0.17072853415931005,False
695,Logistic regression,train once,2008-09-01,190,2008-09-02 16:50:00,0,0.11052739854907843,False
696,Logistic regression,train once,2008-09-01,190,2008-09-02 16:54:00,0,0.6652028434182334,False
697,Logistic regression,train once,2008-09-01,190,2008-09-02 16:58:00,0,0.5028743472973359,False
698,Logistic regression,train once,2008-09-01,190,2008-09-02 17:10:00,0,0.2968623855728424,False
699,Logistic regression,train once,2008-09-01,190,2008-09-02 17:18:00,0,0.579483307709319,False
700,Logistic regression,train once,2008-09-01,190,2008-09-02 18:38:00,0,0.4738904720361697,False
701,Logistic regression,train once,2008-09-01,190,2008-09-02 18:52:00,0,0.3428090305000725,False
702,Logistic regression,train once,2008-09-01,190,2008-09-02 19:18:00,0,0.5492637272780051,False
703,Logistic regression,train once,2008-09-01,190,2008-09-02 20:18:00,0,0.4591569229989455,False
704,Logistic regression,train once,2008-09-01,190,2008-09-02 20:52:00,0,0.3365689302990492,False
705,Logistic regression,train once,2008-09-01,190,2008-09-02 20:58:00,0,0.25421176745379664,False
706,Logistic regression,train once,2008-09-01,190,2008-09-02 20:59:00,0,0.22231939437167553,False
707,Logistic regression,train once,2008-09-01,190,2008-09-03 00:18:00,0,0.2492042515387685,False
708,Logistic regression,train once,2008-09-01,190,2008-09-03 00:45:00,0,0.5119471828094943,False
709,Logistic regression,train once,2008-09-01,190,2008-09-03 00:58:00,0,0.5185795953828387,False
710,Logistic regression,train once,2008-09-01,190,2008-09-03 01:15:00,1,0.0193686137210124,False
711,Logistic regression,train once,2008-09-01,190,2008-09-03 01:32:00,0,0.24555259724538214,False
712,Logistic regression,train once,2008-09-01,190,2008-09-03 04:18:00,0,0.630019121973173,False
713,Logistic regression,train once,2008-09-01,190,2008-09-03 06:26:00,0,0.34564292716499206,False
714,Logistic regression,train once,2008-09-01,190,2008-09-03 09:38:00,0,0.3311699069199522,False
715,Logistic regression,train once,2008-09-01,190,2008-09-03 14:24:00,0,0.44400390414734237,False
716,Logistic regression,train once,2008-09-01,190,2008-09-03 14:29:00,0,0.6293409092227151,False
717,Logistic regression,train once,2008-09-01,190,2008-09-03 17:22:00,0,0.3966113539517131,False
718,Logistic regression,train once,2008-09-01,190,2008-09-03 18:16:00,0,0.33014360999956,False
719,Logistic regression,train once,2008-09-01,190,2008-09-03 18:16:00,0,0.545167605136818,False
720,Logistic regression,train once,2008-09-01,190,2008-09-03 20:00:00,0,0.4326811437191398,False
721,Logistic regression,train once,2008-09-01,190,2008-09-03 20:10:00,0,0.41752840500892235,False
722,Logistic regression,train once,2008-09-01,190,2008-09-04 08:01:00,0,0.29409945870053833,False
723,Logistic regression,train once,2008-09-01,190,2008-09-04 08:22:00,0,0.22481934918972382,False
724,Logistic regression,train once,2008-09-01,190,2008-09-04 08:33:00,0,0.3724435429497069,False
725,Logistic regression,train once,2008-09-01,190,2008-09-04 08:41:00,0,0.43659934531404726,False
726,Logistic regression,train once,2008-09-01,190,2008-09-04 08:53:00,0,0.38197733256839955,False
727,Logistic regression,train once,2008-09-01,190,2008-09-04 11:50:00,0,0.4500625930487606,False
728,Logistic regression,train once,2008-09-01,190,2008-09-04 14:09:00,0,0.502705832154055,False
729,Logistic regression,train once,2008-09-01,190,2008-09-04 14:11:00,0,0.1818101668704423,False
730,Logistic regression,train once,2008-09-01,190,2008-09-04 14:48:00,0,0.3858631389607281,False
731,Logistic regression,train once,2008-09-01,190,2008-09-04 16:30:00,0,0.1926626406306332,False
732,Logistic regression,train once,2008-09-01,190,2008-09-04 16:41:00,0,0.30360515552619394,False
733,Logistic regression,train once,2008-09-01,190,2008-09-04 16:56:00,0,0.6405345431560557,False
734,Logistic regression,train once,2008-09-01,190,2008-09-04 17:30:00,0,0.4037474735544087,False
735,Logistic regression,train once,2008-09-01,190,2008-09-05 15:30:00,0,0.34868606538201025,False
736,Logistic regression,train once,2008-09-01,190,2008-09-05 21:48:00,0,0.2976255386935876,False
737,Logistic regression,train once,2008-09-01,190,2008-09-07 00:08:00,0,0.5567060998594877,False
738,Logistic regression,train once,2008-09-01,190,2008-09-07 00:12:00,0,0.4030863306155461,False
739,Logistic regression,train once,2008-09-01,190,2008-09-07 00:49:00,0,0.6676846970774386,False
740,Logistic regression,train once,2008-09-01,190,2008-09-07 10:52:00,0,0.290627027272854,False
741,Logistic regression,train once,2008-09-01,190,2008-09-07 12:04:00,0,0.40390270035308284,False
742,Logistic regression,train once,2008-09-01,190,2008-09-07 12:20:00,0,0.43322908592810394,False
743,Logistic regression,train once,2008-09-01,190,2008-09-07 13:02:00,0,0.1565550403496881,False
744,Logistic regression,train once,2008-09-01,190,2008-09-07 18:02:00,0,0.3642412659393681,False
745,Logistic regression,train once,2008-09-01,190,2008-09-07 18:24:00,0,0.34018550236284545,False
746,Logistic regression,train once,2008-09-01,190,2008-09-07 18:49:00,0,0.25142461500234775,False
747,Logistic regression,train once,2008-09-01,190,2008-09-07 19:29:00,0,0.3296963877369789,False
748,Logistic regression,train once,2008-09-01,190,2008-09-07 19:31:00,0,0.5205582537128163,False
749,Logistic regression,train once,2008-09-01,190,2008-09-07 20:12:00,0,0.4485329261367155,False
750,Logistic regression,train once,2008-09-01,190,2008-09-07 20:50:00,0,0.2860043779275938,False
751,Logistic regression,train once,2008-09-01,190,2008-09-07 23:33:00,0,0.18574922386812015,False
752,Logistic regression,train once,2008-09-08,190,2008-09-08 00:32:00,0,0.4277622634892444,False
753,Logistic regression,train once,2008-09-08,190,2008-09-08 00:40:00,0,0.49461957847822485,False
754,Logistic regression,train once,2008-09-08,190,2008-09-08 01:24:00,0,0.27563877808415543,False
755,Logistic regression,train once,2008-09-08,190,2008-09-08 03:32:00,0,0.6142581124183477,False
756,Logistic regression,train once,2008-09-08,190,2008-09-08 03:48:00,0,0.5152212077456207,False
757,Logistic regression,train once,2008-09-08,190,2008-09-08 04:21:00,0,0.4162574641213414,False
758,Logistic regression,train once,2008-09-08,190,2008-09-08 06:37:00,0,0.5509893871050724,False
759,Logistic regression,train once,2008-09-08,190,2008-09-08 07:14:00,0,0.3015476070962233,False
760,Logistic regression,train once,2008-09-08,190,2008-09-08 07:41:00,0,0.0463454688344559,False
761,Logistic regression,train once,2008-09-08,190,2008-09-08 18:46:00,0,0.18746592833049835,False
762,Logistic regression,train once,2008-09-08,190,2008-09-08 19:14:00,0,0.3278781347603389,False
763,Logistic regression,train once,2008-09-08,190,2008-09-08 19:15:00,0,0.6502702276232435,False
764,Logistic regression,train once,2008-09-08,190,2008-09-08 19:25:00,0,0.34852862375478766,False
765,Logistic regression,train once,2008-09-08,190,2008-09-08 19:33:00,0,0.2698872473783106,False
766,Logistic regression,train once,2008-09-08,190,2008-09-08 20:00:00,0,0.27981391164179,False
767,Logistic regression,train once,2008-09-08,190,2008-09-08 21:36:00,0,0.18110199777621117,False
768,Logistic regression,train once,2008-09-08,190,2008-09-08 21:53:00,0,0.9706130707771774,True
769,Logistic regression,train once,2008-09-08,190,2008-09-08 22:17:00,0,0.19600536201376575,False
770,Logistic regression,train once,2008-09-08,190,2008-09-09 00:25:00,0,0.730563513325229,True
771,Logistic regression,train once,2008-09-08,190,2008-09-09 03:53:00,0,0.3699960615071142,False
772,Logistic regression,train once,2008-09-08,190,2008-09-09 08:44:00,0,0.5007703515104116,False
773,Logistic regression,train once,2008-09-08,190,2008-09-10 07:26:00,0,0.5137423443898426,False
774,Logistic regression,train once,2008-09-08,190,2008-09-10 09:21:00,0,0.6093388628302657,False
775,Logistic regression,train once,2008-09-08,190,2008-09-10 20:52:00,0,0.22905858156098916,False
776,Logistic regression,train once,2008-09-08,190,2008-09-10 20:53:00,0,0.6161881944131804,False
777,Logistic regression,train once,2008-09-08,190,2008-09-10 21:56:00,0,0.5452743722273315,False
778,Logistic regression,train once,2008-09-08,190,2008-09-10 23:30:00,0,0.29065886018622544,False
779,Logistic regression,train once,2008-09-08,190,2008-09-10 23:43:00,0,0.26119904847894443,False
780,Logistic regression,train once,2008-09-08,190,2008-09-11 00:17:00,0,0.37505206024927634,False
781,Logistic regression,train once,2008-09-08,190,2008-09-11 05:20:00,0,0.4953374536980266,False
782,Logistic regression,train once,2008-09-08,190,2008-09-11 06:04:00,0,0.6109506435900268,False
783,Logistic regression,train once,2008-09-08,190,2008-09-11 07:43:00,0,0.2547170950225404,False
784,Logistic regression,train once,2008-09-08,190,2008-09-11 08:06:00,0,0.41027243207273717,False
785,Logistic regression,train once,2008-09-08,190,2008-09-11 08:58:00,0,0.23510841931606513,False
786,Logistic regression,train once,2008-09-08,190,2008-09-11 09:24:00,0,0.6330328174119713,False
787,Logistic regression,train once,2008-09-08,190,2008-09-11 12:47:00,0,0.3133180387973496,False
788,Logistic regression,train once,2008-09-08,190,2008-09-11 13:36:00,0,0.393501725321986,False
789,Logistic regression,train once,2008-09-08,190,2008-09-11 14:20:00,0,0.8658018724946313,True
790,Logistic regression,train once,2008-09-08,190,2008-09-11 14:24:00,0,0.7458585973846686,True
791,Logistic regression,train once,2008-09-08,190,2008-09-11 14:31:00,0,0.32508641793305837,False
792,Logistic regression,train once,2008-09-08,190,2008-09-11 15:05:00,0,0.6785385106825665,False
793,Logistic regression,train once,2008-09-08,190,2008-09-11 15:08:00,0,0.494053894583631,False
794,Logistic regression,train once,2008-09-08,190,2008-09-11 16:28:00,0,0.24237530979658586,False
795,Logistic regression,train once,2008-09-08,190,2008-09-11 21:13:00,0,0.354704920153252,False
796,Logistic regression,train once,2008-09-08,190,2008-09-11 22:07:00,1,0.10781320996046174,False
797,Logistic regression,train once,2008-09-08,190,2008-09-11 23:10:00,0,0.7403498203807395,True
798,Logistic regression,train once,2008-09-08,190,2008-09-11 23:48:00,1,0.14164694973248612,False
799,Logistic regression,train once,2008-09-08,190,2008-09-12 05:11:00,0,0.13958492227882638,False
800,Logistic regression,train once,2008-09-08,190,2008-09-12 05:55:00,0,0.30487664931443714,False
801,Logistic regression,train once,2008-09-08,190,2008-09-12 06:38:00,0,0.6679636105098017,False
802,Logistic regression,train once,2008-09-08,190,2008-09-12 06:41:00,0,0.3433515947103943,False
803,Logistic regression,train once,2008-09-08,190,2008-09-12 06:45:00,0,0.5874074356987955,False
804,Logistic regression,train once,2008-09-08,190,2008-09-12 07:21:00,0,0.5250079150824003,False
805,Logistic regression,train once,2008-09-08,190,2008-09-12 07:29:00,0,0.40242717476754075,False
806,Logistic regression,train once,2008-09-08,190,2008-09-12 07:38:00,0,0.6019143264233456,False
807,Logistic regression,train once,2008-09-08,190,2008-09-12 11:57:00,0,0.38605345385100054,False
808,Logistic regression,train once,2008-09-08,190,2008-09-12 13:08:00,0,0.6259099432874862,False
809,Logistic regression,train once,2008-09-08,190,2008-09-12 14:52:00,0,0.3766025023051768,False
810,Logistic regression,train once,2008-09-08,190,2008-09-12 15:40:00,0,0.32830018458663307,False
811,Logistic regression,train once,2008-09-08,190,2008-09-12 16:23:00,0,0.13112510159396443,False
812,Logistic regression,train once,2008-09-08,190,2008-09-12 18:01:00,0,0.4588962898089091,False
813,Logistic regression,train once,2008-09-08,190,2008-09-12 18:52:00,0,0.5150236116887703,False
814,Logistic regression,train once,2008-09-08,190,2008-09-12 19:36:00,0,0.5304025219461426,False
815,Logistic regression,train once,2008-09-08,190,2008-09-12 20:28:00,0,0.3986957666697441,False
816,Logistic regression,train once,2008-09-08,190,2008-09-12 21:12:00,0,0.5669596206093749,False
817,Logistic regression,train once,2008-09-08,190,2008-09-12 22:25:00,0,0.5582503818626234,False
818,Logistic regression,train once,2008-09-08,190,2008-09-12 22:45:00,0,0.25426562783494955,False
819,Logistic regression,train once,2008-09-08,190,2008-09-12 23:28:00,0,0.577371575287624,False
820,Logistic regression,train once,2008-09-08,190,2008-09-12 23:40:00,0,0.7613005344731888,True
821,Logistic regression,train once,2008-09-08,190,2008-09-13 00:25:00,0,0.627854629792955,False
822,Logistic regression,train once,2008-09-08,190,2008-09-13 02:57:00,0,0.4657183025566917,False
823,Logistic regression,train once,2008-09-08,190,2008-09-13 03:14:00,0,0.3661104685548922,False
824,Logistic regression,train once,2008-09-08,190,2008-09-13 09:19:00,0,0.5331566391415775,False
825,Logistic regression,train once,2008-09-08,190,2008-09-13 10:55:00,0,0.7862350109565525,True
826,Logistic regression,train once,2008-09-08,190,2008-09-13 11:42:00,0,0.4093315217507033,False
827,Logistic regression,train once,2008-09-08,190,2008-09-13 11:56:00,1,0.5088176160854341,False
828,Logistic regression,train once,2008-09-08,190,2008-09-13 12:48:00,0,0.5697960743202876,False
829,Logistic regression,train once,2008-09-08,190,2008-09-13 14:07:00,0,0.6742160618794091,False
830,Logistic regression,train once,2008-09-08,190,2008-09-13 16:04:00,0,0.3439133510715796,False
831,Logistic regression,train once,2008-09-08,190,2008-09-13 16:04:00,0,0.7611591137597635,True
832,Logistic regression,train once,2008-09-08,190,2008-09-13 20:06:00,1,0.5753554772700451,False
833,Logistic regression,train once,2008-09-08,190,2008-09-14 02:50:00,0,0.9340220251246426,True
834,Logistic regression,train once,2008-09-08,190,2008-09-14 02:59:00,0,0.4801157812118659,False
835,Logistic regression,train once,2008-09-08,190,2008-09-14 15:02:00,0,0.505621421318591,False
836,Logistic regression,train once,2008-09-08,190,2008-09-14 15:46:00,0,0.6225127539917942,False
837,Logistic regression,train once,2008-09-08,190,2008-09-14 16:34:00,0,0.7419869612210889,True
838,Logistic regression,train once,2008-09-08,190,2008-09-14 17:40:00,0,0.4622388097451747,False
839,Logistic regression,train once,2008-09-08,190,2008-09-14 18:27:00,0,0.4682539425177386,False
840,Logistic regression,train once,2008-09-08,190,2008-09-14 18:27:00,0,0.2548211909216953,False
841,Logistic regression,train once,2008-09-08,190,2008-09-14 19:13:00,0,0.5268609765790885,False
842,Logistic regression,train once,2008-09-08,190,2008-09-14 20:00:00,0,0.5535763609558016,False
843,Logistic regression,train once,2008-09-08,190,2008-09-14 20:43:00,0,0.725118226744855,True
844,Logistic regression,train once,2008-09-08,190,2008-09-14 20:45:00,0,0.6158037749240175,False
845,Logistic regression,train once,2008-09-08,190,2008-09-14 21:31:00,0,0.6123696154937242,False
846,Logistic regression,train once,2008-09-08,190,2008-09-14 23:00:00,0,0.17505409924169618,False
847,Logistic regression,train once,2008-09-15,190,2008-09-15 02:04:00,0,0.4118631140734443,False
848,Logistic regression,train once,2008-09-15,190,2008-09-15 10:03:00,0,0.61291781287409,False
849,Logistic regression,train once,2008-09-15,190,2008-09-15 11:40:00,0,0.2554599775572317,False
850,Logistic regression,train once,2008-09-15,190,2008-09-15 12:27:00,0,0.46574385825954795,False
851,Logistic regression,train once,2008-09-15,190,2008-09-15 16:10:00,0,0.591816693068062,False
852,Logistic regression,train once,2008-09-15,190,2008-09-15 16:59:00,0,0.4451339517514242,False
853,Logistic regression,train once,2008-09-15,190,2008-09-15 19:54:00,0,0.6157179516176144,False
854,Logistic regression,train once,2008-09-15,190,2008-09-15 21:56:00,0,0.632373573435084,False
855,Logistic regression,train once,2008-09-15,190,2008-09-15 22:13:00,0,0.2955401362892129,False
856,Logistic regression,train once,2008-09-15,190,2008-09-15 22:45:00,0,0.6683980757874792,False
857,Logistic regression,train once,2008-09-15,190,2008-09-15 22:54:00,0,0.3453974198876033,False
858,Logistic regression,train once,2008-09-15,190,2008-09-15 23:37:00,0,0.9996666544890915,True
859,Logistic regression,train once,2008-09-15,190,2008-09-16 07:39:00,0,0.2948658738197879,False
860,Logistic regression,train once,2008-09-15,190,2008-09-16 07:48:00,0,0.2913209823779911,False
861,Logistic regression,train once,2008-09-15,190,2008-09-16 08:50:00,0,0.5901301014740038,False
862,Logistic regression,train once,2008-09-15,190,2008-09-16 08:52:00,0,0.14519503260375802,False
863,Logistic regression,train once,2008-09-15,190,2008-09-16 09:37:00,0,0.1194195853533452,False
864,Logistic regression,train once,2008-09-15,190,2008-09-16 17:07:00,0,0.41099205031559793,False
865,Logistic regression,train once,2008-09-15,190,2008-09-16 18:09:00,0,0.6579835715306799,False
866,Logistic regression,train once,2008-09-15,190,2008-09-16 18:23:00,0,0.5721740363279377,False
867,Logistic regression,train once,2008-09-15,190,2008-09-16 19:34:00,0,0.23700141092262805,False
868,Logistic regression,train once,2008-09-15,190,2008-09-16 19:45:00,0,0.8796353866120511,True
869,Logistic regression,train once,2008-09-15,190,2008-09-16 21:21:00,0,0.5929458014472361,False
870,Logistic regression,train once,2008-09-15,190,2008-09-16 22:45:00,0,0.6156422838385286,False
871,Logistic regression,train once,2008-09-15,190,2008-09-17 02:01:00,0,0.367646827644639,False
872,Logistic regression,train once,2008-09-15,190,2008-09-17 04:23:00,1,0.7924811286696035,True
873,Logistic regression,train once,2008-09-15,190,2008-09-17 07:14:00,0,0.5760991175525589,False
874,Logistic regression,train once,2008-09-15,190,2008-09-17 07:28:00,0,0.3231080720825925,False
875,Logistic regression,train once,2008-09-15,190,2008-09-17 21:52:00,0,0.8452455920964825,True
876,Logistic regression,train once,2008-09-15,190,2008-09-18 00:57:00,0,0.5785809924459543,False
877,Logistic regression,train once,2008-09-15,190,2008-09-18 01:40:00,0,0.7502503681152608,True
878,Logistic regression,train once,2008-09-15,190,2008-09-18 01:43:00,0,0.660298944249994,False
879,Logistic regression,train once,2008-09-15,190,2008-09-18 02:01:00,0,0.26488931932639914,False
880,Logistic regression,train once,2008-09-15,190,2008-09-18 03:58:00,0,0.9286265737189258,True
881,Logistic regression,train once,2008-09-15,190,2008-09-18 03:58:00,0,0.6023816650916756,False
882,Logistic regression,train once,2008-09-15,190,2008-09-18 05:44:00,0,0.6314443578973258,False
883,Logistic regression,train once,2008-09-15,190,2008-09-18 05:58:00,0,0.8990373787823507,True
884,Logistic regression,train once,2008-09-15,190,2008-09-18 08:04:00,0,0.457529664371357,False
885,Logistic regression,train once,2008-09-15,190,2008-09-18 10:48:00,0,0.598412813597415,False
886,Logistic regression,train once,2008-09-15,190,2008-09-18 13:48:00,0,0.4470170801980564,False
887,Logistic regression,train once,2008-09-15,190,2008-09-18 17:22:00,0,0.7034548646196054,False
888,Logistic regression,train once,2008-09-15,190,2008-09-18 18:12:00,0,0.2235845516507764,False
889,Logistic regression,train once,2008-09-15,190,2008-09-18 18:56:00,0,0.7621222260690086,True
890,Logistic regression,train once,2008-09-15,190,2008-09-18 21:12:00,0,0.17342040268112097,False
891,Logistic regression,train once,2008-09-15,190,2008-09-18 21:56:00,0,0.5562578866143745,False
892,Logistic regression,train once,2008-09-15,190,2008-09-18 23:00:00,0,0.30968100700037315,False
893,Logistic regression,train once,2008-09-15,190,2008-09-18 23:05:00,0,0.19630205515623184,False
894,Logistic regression,train once,2008-09-15,190,2008-09-18 23:44:00,0,0.4592464936559755,False
895,Logistic regression,train once,2008-09-15,190,2008-09-19 00:30:00,0,0.4631798405493378,False
896,Logistic regression,train once,2008-09-15,190,2008-09-19 01:57:00,0,0.45845059296720586,False
897,Logistic regression,train once,2008-09-15,190,2008-09-19 02:44:00,0,0.33178763519525656,False
898,Logistic regression,train once,2008-09-15,190,2008-09-19 04:42:00,0,0.3808372503251236,False
899,Logistic regression,train once,2008-09-15,190,2008-09-19 05:33:00,0,0.5297404603890457,False
900,Logistic regression,train once,2008-09-15,190,2008-09-19 05:57:00,0,0.5324485101960058,False
901,Logistic regression,train once,2008-09-15,190,2008-09-19 06:01:00,0,0.629365864888282,False
902,Logistic regression,train once,2008-09-15,190,2008-09-19 06:44:00,0,0.23645081670889184,False
903,Logistic regression,train once,2008-09-15,190,2008-09-19 07:14:00,0,0.7288032655378703,True
904,Logistic regression,train once,2008-09-15,190,2008-09-19 07:18:00,0,0.5139068033835577,False
905,Logistic regression,train once,2008-09-15,190,2008-09-19 08:08:00,0,0.7643167814311743,True
906,Logistic regression,train once,2008-09-15,190,2008-09-19 08:52:00,0,0.8516306172444218,True
907,Logistic regression,train once,2008-09-15,190,2008-09-19 09:12:00,0,0.39787953820677907,False
908,Logistic regression,train once,2008-09-15,190,2008-09-19 09:47:00,0,0.6777634079023461,False
909,Logistic regression,train once,2008-09-15,190,2008-09-19 10:45:00,0,0.3037738619290326,False
910,Logistic regression,train once,2008-09-15,190,2008-09-19 11:13:00,0,0.8372338351748196,True
911,Logistic regression,train once,2008-09-15,190,2008-09-19 11:54:00,0,0.46923590769642404,False
912,Logistic regression,train once,2008-09-15,190,2008-09-19 13:59:00,0,0.4730556032633713,False
913,Logistic regression,train once,2008-09-15,190,2008-09-19 15:31:00,0,0.5099344199227854,False
914,Logistic regression,train once,2008-09-15,190,2008-09-19 16:40:00,0,0.6795678463481392,False
915,Logistic regression,train once,2008-09-15,190,2008-09-19 16:58:00,1,0.6432118171231078,False
916,Logistic regression,train once,2008-09-15,190,2008-09-19 17:47:00,0,0.1869060485721879,False
917,Logistic regression,train once,2008-09-15,190,2008-09-19 18:11:00,0,0.23363462404534108,False
918,Logistic regression,train once,2008-09-15,190,2008-09-19 18:33:00,0,0.29470249068183035,False
919,Logistic regression,train once,2008-09-15,190,2008-09-19 19:18:00,0,0.2772860921032682,False
920,Logistic regression,train once,2008-09-15,190,2008-09-19 19:29:00,0,0.29405785938804907,False
921,Logistic regression,train once,2008-09-15,190,2008-09-19 20:05:00,0,0.1629990475369205,False
922,Logistic regression,train once,2008-09-15,190,2008-09-19 20:07:00,0,0.4418567300727965,False
923,Logistic regression,train once,2008-09-15,190,2008-09-19 20:10:00,0,0.726043848147103,True
924,Logistic regression,train once,2008-09-15,190,2008-09-19 20:17:00,0,0.877951116046931,True
925,Logistic regression,train once,2008-09-15,190,2008-09-19 20:19:00,1,0.33106416638032526,False
926,Logistic regression,train once,2008-09-15,190,2008-09-19 21:08:00,0,0.7407367996206746,True
927,Logistic regression,train once,2008-09-15,190,2008-09-19 21:09:00,1,0.5481947907058332,False
928,Logistic regression,train once,2008-09-15,190,2008-09-19 21:13:00,0,0.5960042120862795,False
929,Logistic regression,train once,2008-09-15,190,2008-09-19 21:14:00,0,0.24918580772760102,False
930,Logistic regression,train once,2008-09-15,190,2008-09-19 21:59:00,1,0.6713928711201007,False
931,Logistic regression,train once,2008-09-15,190,2008-09-19 23:26:00,0,0.8713684600326382,True
932,Logistic regression,train once,2008-09-15,190,2008-09-19 23:33:00,0,0.4906989089269096,False
933,Logistic regression,train once,2008-09-15,190,2008-09-20 00:18:00,0,0.7834114409520523,True
934,Logistic regression,train once,2008-09-15,190,2008-09-20 00:33:00,0,0.42918879824286255,False
935,Logistic regression,train once,2008-09-15,190,2008-09-20 03:58:00,0,0.3068702691680464,False
936,Logistic regression,train once,2008-09-15,190,2008-09-20 04:13:00,0,0.3258878841733087,False
937,Logistic regression,train once,2008-09-15,190,2008-09-20 04:28:00,0,0.12383319112513191,False
938,Logistic regression,train once,2008-09-15,190,2008-09-20 05:22:00,0,0.25811576142995574,False
939,Logistic regression,train once,2008-09-15,190,2008-09-20 05:25:00,0,0.884208988563842,True
940,Logistic regression,train once,2008-09-15,190,2008-09-20 05:34:00,0,0.6408686267755964,False
941,Logistic regression,train once,2008-09-15,190,2008-09-20 06:08:00,0,0.6243787026105023,False
942,Logistic regression,train once,2008-09-15,190,2008-09-20 07:21:00,0,0.6902860847509013,False
943,Logistic regression,train once,2008-09-15,190,2008-09-20 08:14:00,0,0.5436935922671565,False
944,Logistic regression,train once,2008-09-15,190,2008-09-20 10:51:00,0,0.6977767704140863,False
945,Logistic regression,train once,2008-09-15,190,2008-09-20 11:18:00,0,0.7788730317223401,True
946,Logistic regression,train once,2008-09-15,190,2008-09-20 12:20:00,0,0.4358926859730163,False
947,Logistic regression,train once,2008-09-15,190,2008-09-20 12:26:00,0,0.7022772108379365,False
948,Logistic regression,train once,2008-09-15,190,2008-09-20 12:27:00,0,0.5500387187071473,False
949,Logistic regression,train once,2008-09-15,190,2008-09-20 12:36:00,0,0.315567552673911,False
950,Logistic regression,train once,2008-09-15,190,2008-09-20 12:57:00,0,0.7698951653124897,True
951,Logistic regression,train once,2008-09-15,190,2008-09-20 14:00:00,0,0.5903767928062613,False
952,Logistic regression,train once,2008-09-15,190,2008-09-20 14:06:00,0,0.8609320265194647,True
953,Logistic regression,train once,2008-09-15,190,2008-09-20 14:42:00,0,0.46676117419257823,False
954,Logistic regression,train once,2008-09-15,190,2008-09-20 14:50:00,0,0.6452741458543729,False
955,Logistic regression,train once,2008-09-15,190,2008-09-20 14:53:00,0,0.6019993582168195,False
956,Logistic regression,train once,2008-09-15,190,2008-09-20 15:02:00,0,0.37025011954235415,False
957,Logistic regression,train once,2008-09-15,190,2008-09-20 15:19:00,0,0.3779343401417,False
958,Logistic regression,train once,2008-09-15,190,2008-09-20 15:37:00,0,0.4300696841633145,False
959,Logistic regression,train once,2008-09-15,190,2008-09-20 15:46:00,0,0.5914887911133244,False
960,Logistic regression,train once,2008-09-15,190,2008-09-20 16:43:00,0,0.5740705254735404,False
961,Logistic regression,train once,2008-09-15,190,2008-09-20 16:44:00,0,0.6909798774198725,False
962,Logistic regression,train once,2008-09-15,190,2008-09-20 17:26:00,0,0.5764737254667046,False
963,Logistic regression,train once,2008-09-15,190,2008-09-20 17:29:00,0,0.8521661332297391,True
964,Logistic regression,train once,2008-09-15,190,2008-09-20 18:03:00,0,0.4654347710271927,False
965,Logistic regression,train once,2008-09-15,190,2008-09-20 18:21:00,0,0.547020777432345,False
966,Logistic regression,train once,2008-09-15,190,2008-09-20 18:56:00,0,0.6261362686334027,False
967,Logistic regression,train once,2008-09-15,190,2008-09-20 19:14:00,0,0.4954515485963891,False
968,Logistic regression,train once,2008-09-15,190,2008-09-20 19:21:00,0,0.6591080513849685,False
969,Logistic regression,train once,2008-09-15,190,2008-09-20 23:34:00,0,0.45274779205311727,False
970,Logistic regression,train once,2008-09-15,190,2008-09-21 00:48:00,0,0.48984645511046077,False
971,Logistic regression,train once,2008-09-15,190,2008-09-21 01:06:00,0,0.6634215616618373,False
972,Logistic regression,train once,2008-09-15,190,2008-09-21 02:07:00,0,0.4792461909579464,False
973,Logistic regression,train once,2008-09-15,190,2008-09-21 03:04:00,0,0.7272008737126451,True
974,Logistic regression,train once,2008-09-15,190,2008-09-21 03:47:00,0,0.6279111034221491,False
975,Logistic regression,train once,2008-09-15,190,2008-09-21 04:17:00,0,0.5925582181872746,False
976,Logistic regression,train once,2008-09-15,190,2008-09-21 04:49:00,0,0.5268484810652724,False
977,Logistic regression,train once,2008-09-15,190,2008-09-21 07:30:00,0,0.43677578006143436,False
978,Logistic regression,train once,2008-09-15,190,2008-09-21 07:55:00,0,0.5124285988319272,False
979,Logistic regression,train once,2008-09-15,190,2008-09-21 08:22:00,0,0.3012517595518665,False
980,Logistic regression,train once,2008-09-15,190,2008-09-21 08:49:00,0,0.42643544499454616,False
981,Logistic regression,train once,2008-09-15,190,2008-09-21 09:16:00,0,0.5033898396195389,False
982,Logistic regression,train once,2008-09-15,190,2008-09-21 09:31:00,0,0.46395906204756154,False
983,Logistic regression,train once,2008-09-15,190,2008-09-21 10:07:00,0,0.4591800154326746,False
984,Logistic regression,train once,2008-09-15,190,2008-09-21 10:49:00,0,0.5468668151872645,False
985,Logistic regression,train once,2008-09-15,190,2008-09-21 11:33:00,0,0.5369890194748809,False
986,Logistic regression,train once,2008-09-15,190,2008-09-21 12:04:00,0,0.6554131270196519,False
987,Logistic regression,train once,2008-09-15,190,2008-09-21 14:30:00,0,0.3130926931014949,False
988,Logistic regression,train once,2008-09-15,190,2008-09-21 14:31:00,0,0.7173554373954789,True
989,Logistic regression,train once,2008-09-15,190,2008-09-21 14:33:00,0,0.41829844068914407,False
990,Logistic regression,train once,2008-09-15,190,2008-09-21 15:15:00,0,0.6762936247659749,False
991,Logistic regression,train once,2008-09-15,190,2008-09-21 15:26:00,0,0.5242309083401081,False
992,Logistic regression,train once,2008-09-15,190,2008-09-21 15:34:00,0,0.5661887456513977,False
993,Logistic regression,train once,2008-09-15,190,2008-09-21 16:43:00,0,0.3871771072299791,False
994,Logistic regression,train once,2008-09-15,190,2008-09-21 17:26:00,0,0.0966568203294657,False
995,Logistic regression,train once,2008-09-15,190,2008-09-21 17:30:00,0,0.3481004787341241,False
996,Logistic regression,train once,2008-09-15,190,2008-09-21 18:12:00,0,0.20750875202096314,False
997,Logistic regression,train once,2008-09-15,190,2008-09-21 19:19:00,0,0.49843907238061547,False
998,Logistic regression,train once,2008-09-15,190,2008-09-21 20:35:00,0,0.44075998022181706,False
999,Logistic regression,train once,2008-09-15,190,2008-09-21 21:54:00,0,0.44130874849582896,False
1000,Logistic regression,train once,2008-09-15,190,2008-09-21 22:02:00,0,0.5276601556339413,False
1001,Logistic regression,train once,2008-09-22,190,2008-09-22 00:12:00,0,0.3216743556967623,False
1002,Logistic regression,train once,2008-09-22,190,2008-09-22 00:28:00,0,0.5225322724905722,False
1003,Logistic regression,train once,2008-09-22,190,2008-09-22 00:47:00,0,0.2558668902925605,False
1004,Logistic regression,train once,2008-09-22,190,2008-09-22 01:43:00,0,0.44415361368443645,False
1005,Logistic regression,train once,2008-09-22,190,2008-09-22 03:51:00,0,0.19844802967513395,False
1006,Logistic regression,train once,2008-09-22,190,2008-09-22 06:05:00,0,0.3555919342172395,False
1007,Logistic regression,train once,2008-09-22,190,2008-09-22 07:12:00,0,0.6365840331939517,False
1008,Logistic regression,train once,2008-09-22,190,2008-09-22 10:43:00,0,0.4922000970324819,False
1009,Logistic regression,train once,2008-09-22,190,2008-09-22 11:50:00,0,0.5774682494066358,False
1010,Logistic regression,train once,2008-09-22,190,2008-09-22 12:11:00,0,0.694610055713816,False
1011,Logistic regression,train once,2008-09-22,190,2008-09-22 12:45:00,0,0.7228480793355542,True
1012,Logistic regression,train once,2008-09-22,190,2008-09-22 13:03:00,0,0.28077139672592655,False
1013,Logistic regression,train once,2008-09-22,190,2008-09-22 14:24:00,0,0.7137268068776609,True
1014,Logistic regression,train once,2008-09-22,190,2008-09-22 14:27:00,0,0.32552717822413474,False
1015,Logistic regression,train once,2008-09-22,190,2008-09-22 14:36:00,0,0.45240008730907455,False
1016,Logistic regression,train once,2008-09-22,190,2008-09-22 16:25:00,0,0.485079498309151,False
1017,Logistic regression,train once,2008-09-22,190,2008-09-22 21:30:00,0,0.1930197606869914,False
1018,Logistic regression,train once,2008-09-22,190,2008-09-22 21:31:00,0,0.7141007092685837,True
1019,Logistic regression,train once,2008-09-22,190,2008-09-22 22:15:00,0,0.386132385660736,False
1020,Logistic regression,train once,2008-09-22,190,2008-09-22 22:17:00,0,0.7489043771669552,True
1021,Logistic regression,train once,2008-09-22,190,2008-09-22 23:01:00,0,0.39037955112565803,False
1022,Logistic regression,train once,2008-09-22,190,2008-09-22 23:10:00,0,0.33282566688383136,False
1023,Logistic regression,train once,2008-09-22,190,2008-09-23 00:57:00,0,0.5822551923840128,False
1024,Logistic regression,train once,2008-09-22,190,2008-09-23 06:44:00,0,0.774083071464074,True
1025,Logistic regression,train once,2008-09-22,190,2008-09-23 06:44:00,0,0.6663452677087882,False
1026,Logistic regression,train once,2008-09-22,190,2008-09-23 06:52:00,0,0.3930418694552748,False
1027,Logistic regression,train once,2008-09-22,190,2008-09-23 07:58:00,0,0.362921661497187,False
1028,Logistic regression,train once,2008-09-22,190,2008-09-23 08:11:00,0,0.4580618601267925,False
1029,Logistic regression,train once,2008-09-22,190,2008-09-23 09:43:00,0,0.5569834777843722,False
1030,Logistic regression,train once,2008-09-22,190,2008-09-23 11:14:00,1,0.5874027293483983,False
1031,Logistic regression,train once,2008-09-22,190,2008-09-23 11:42:00,0,0.35332297480066366,False
1032,Logistic regression,train once,2008-09-22,190,2008-09-23 11:43:00,0,0.3779249765732836,False
1033,Logistic regression,train once,2008-09-22,190,2008-09-23 12:29:00,0,0.7506706001162651,True
1034,Logistic regression,train once,2008-09-22,190,2008-09-23 12:31:00,0,0.46487742628792866,False
1035,Logistic regression,train once,2008-09-22,190,2008-09-23 12:46:00,0,0.6936926230823499,False
1036,Logistic regression,train once,2008-09-22,190,2008-09-23 13:37:00,0,0.49661227749195735,False
1037,Logistic regression,train once,2008-09-22,190,2008-09-23 15:23:00,0,0.628171609478013,False
1038,Logistic regression,train once,2008-09-22,190,2008-09-23 15:33:00,0,0.17984868848220067,False
1039,Logistic regression,train once,2008-09-22,190,2008-09-23 15:58:00,0,0.29047138511097814,False
1040,Logistic regression,train once,2008-09-22,190,2008-09-23 18:10:00,0,0.5053883118292182,False
1041,Logistic regression,train once,2008-09-22,190,2008-09-23 18:36:00,0,0.28028020551262695,False
1042,Logistic regression,train once,2008-09-22,190,2008-09-23 18:56:00,0,0.3552939070491533,False
1043,Logistic regression,train once,2008-09-22,190,2008-09-23 20:18:00,0,0.2188582129335545,False
1044,Logistic regression,train once,2008-09-22,190,2008-09-23 20:59:00,0,0.4754002405554034,False
1045,Logistic regression,train once,2008-09-22,190,2008-09-23 21:26:00,0,0.4695159445018418,False
1046,Logistic regression,train once,2008-09-22,190,2008-09-23 22:25:00,0,0.6640727662526094,False
1047,Logistic regression,train once,2008-09-22,190,2008-09-24 02:19:00,0,0.32551167136683634,False
1048,Logistic regression,train once,2008-09-22,190,2008-09-24 02:44:00,0,0.6740169910887182,False
1049,Logistic regression,train once,2008-09-22,190,2008-09-24 03:32:00,0,0.4091087995812493,False
1050,Logistic regression,train once,2008-09-22,190,2008-09-24 03:40:00,0,0.5047253940493984,False
1051,Logistic regression,train once,2008-09-22,190,2008-09-24 05:13:00,0,0.3560507723895247,False
1052,Logistic regression,train once,2008-09-22,190,2008-09-24 05:22:00,0,0.42135512018469523,False
1053,Logistic regression,train once,2008-09-22,190,2008-09-24 06:13:00,0,0.6283159581721639,False
1054,Logistic regression,train once,2008-09-22,190,2008-09-24 06:14:00,0,0.3403825442088108,False
1055,Logistic regression,train once,2008-09-22,190,2008-09-24 07:23:00,0,0.3749403435577335,False
1056,Logistic regression,train once,2008-09-22,190,2008-09-24 10:10:00,0,0.656354665260827,False
1057,Logistic regression,train once,2008-09-22,190,2008-09-24 10:53:00,0,0.584849637057578,False
1058,Logistic regression,train once,2008-09-22,190,2008-09-24 10:59:00,0,0.36433352611847836,False
1059,Logistic regression,train once,2008-09-22,190,2008-09-24 11:47:00,0,0.2531640175764274,False
1060,Logistic regression,train once,2008-09-22,190,2008-09-24 12:04:00,0,0.45047382023625926,False
1061,Logistic regression,train once,2008-09-22,190,2008-09-24 12:35:00,0,0.6232403136775608,False
1062,Logistic regression,train once,2008-09-22,190,2008-09-24 13:01:00,0,0.4059854979739204,False
1063,Logistic regression,train once,2008-09-22,190,2008-09-24 15:05:00,1,0.44606581332278283,False
1064,Logistic regression,train once,2008-09-22,190,2008-09-24 15:39:00,0,0.5158763354974534,False
1065,Logistic regression,train once,2008-09-22,190,2008-09-24 15:42:00,0,0.555825625302362,False
1066,Logistic regression,train once,2008-09-22,190,2008-09-24 15:43:00,0,0.7934554501896712,True
1067,Logistic regression,train once,2008-09-22,190,2008-09-24 16:26:00,0,0.48018036548188586,False
1068,Logistic regression,train once,2008-09-22,190,2008-09-24 17:54:00,0,0.4322086220485334,False
1069,Logistic regression,train once,2008-09-22,190,2008-09-24 18:05:00,0,0.3104497895376194,False
1070,Logistic regression,train once,2008-09-22,190,2008-09-25 01:05:00,0,0.4495286446668563,False
1071,Logistic regression,train once,2008-09-22,190,2008-09-25 02:03:00,0,0.39860296376115023,False
1072,Logistic regression,train once,2008-09-22,190,2008-09-25 06:21:00,0,0.3054694738903716,False
1073,Logistic regression,train once,2008-09-22,190,2008-09-25 07:12:00,0,0.20503724701424414,False
1074,Logistic regression,train once,2008-09-22,190,2008-09-25 07:58:00,0,0.46262087670480845,False
1075,Logistic regression,train once,2008-09-22,190,2008-09-25 08:45:00,0,0.20365017897059257,False
1076,Logistic regression,train once,2008-09-22,190,2008-09-25 09:31:00,0,0.45901659974960113,False
1077,Logistic regression,train once,2008-09-22,190,2008-09-25 10:23:00,0,0.33369179189511283,False
1078,Logistic regression,train once,2008-09-22,190,2008-09-25 11:08:00,0,0.24717385400458924,False
1079,Logistic regression,train once,2008-09-22,190,2008-09-25 11:09:00,0,0.3674581766194054,False
1080,Logistic regression,train once,2008-09-22,190,2008-09-25 11:55:00,0,0.19610280644246653,False
1081,Logistic regression,train once,2008-09-22,190,2008-09-25 13:42:00,0,0.5944409456697691,False
1082,Logistic regression,train once,2008-09-22,190,2008-09-25 14:08:00,0,0.41492505715175043,False
1083,Logistic regression,train once,2008-09-22,190,2008-09-25 14:28:00,0,0.7656278932785252,True
1084,Logistic regression,train once,2008-09-22,190,2008-09-25 15:12:00,0,0.3005819532613317,False
1085,Logistic regression,train once,2008-09-22,190,2008-09-25 15:40:00,0,0.5792854913638328,False
1086,Logistic regression,train once,2008-09-22,190,2008-09-25 15:55:00,0,0.47899029472102383,False
1087,Logistic regression,train once,2008-09-22,190,2008-09-25 16:44:00,0,0.35244467781538225,False
1088,Logistic regression,train once,2008-09-22,190,2008-09-25 17:28:00,0,0.36597193194253314,False
1089,Logistic regression,train once,2008-09-22,190,2008-09-25 17:29:00,0,0.34445089652083893,False
1090,Logistic regression,train once,2008-09-22,190,2008-09-25 19:49:00,0,0.6208364480359062,False
1091,Logistic regression,train once,2008-09-22,190,2008-09-25 22:05:00,0,0.2771796118355728,False
1092,Logistic regression,train once,2008-09-22,190,2008-09-25 23:04:00,0,0.24689726322860933,False
1093,Logistic regression,train once,2008-09-22,190,2008-09-25 23:48:00,0,0.15259813825138852,False
1094,Logistic regression,train once,2008-09-22,190,2008-09-26 00:19:00,0,0.5316252779047861,False
1095,Logistic regression,train once,2008-09-22,190,2008-09-26 01:21:00,0,0.9987091538034404,True
1096,Logistic regression,train once,2008-09-22,190,2008-09-26 02:26:00,0,0.29247684867279433,False
1097,Logistic regression,train once,2008-09-22,190,2008-09-26 03:12:00,0,0.410136059211598,False
1098,Logistic regression,train once,2008-09-22,190,2008-09-26 03:29:00,0,0.7183812993133804,True
1099,Logistic regression,train once,2008-09-22,190,2008-09-26 04:14:00,0,0.49006418357217046,False
1100,Logistic regression,train once,2008-09-22,190,2008-09-26 05:32:00,0,0.4740486764727596,False
1101,Logistic regression,train once,2008-09-22,190,2008-09-26 11:08:00,0,0.3902578333202254,False
1102,Logistic regression,train once,2008-09-22,190,2008-09-26 13:36:00,0,0.4916612271662093,False
1103,Logistic regression,train once,2008-09-22,190,2008-09-26 13:45:00,0,0.5952989525078238,False
1104,Logistic regression,train once,2008-09-22,190,2008-09-26 14:20:00,0,0.684251329819005,False
1105,Logistic regression,train once,2008-09-22,190,2008-09-26 14:51:00,0,0.8949856389065657,True
1106,Logistic regression,train once,2008-09-22,190,2008-09-26 15:06:00,0,0.547399161792089,False
1107,Logistic regression,train once,2008-09-22,190,2008-09-26 15:36:00,0,0.35386970839042753,False
1108,Logistic regression,train once,2008-09-22,190,2008-09-26 15:49:00,0,0.6772436160736864,False
1109,Logistic regression,train once,2008-09-22,190,2008-09-26 16:31:00,0,0.38590493078347604,False
1110,Logistic regression,train once,2008-09-22,190,2008-09-26 17:59:00,0,0.484101797737449,False
1111,Logistic regression,train once,2008-09-22,190,2008-09-26 18:54:00,0,0.7313061783311903,True
1112,Logistic regression,train once,2008-09-22,190,2008-09-26 19:38:00,0,0.7446602111788502,True
1113,Logistic regression,train once,2008-09-22,190,2008-09-26 19:45:00,0,0.4016518919950281,False
1114,Logistic regression,train once,2008-09-22,190,2008-09-26 19:55:00,0,0.5088591942760058,False
1115,Logistic regression,train once,2008-09-22,190,2008-09-26 20:23:00,0,0.5515550593256833,False
1116,Logistic regression,train once,2008-09-22,190,2008-09-26 20:31:00,0,0.5114123762867276,False
1117,Logistic regression,train once,2008-09-22,190,2008-09-27 00:16:00,0,0.20241621315890226,False
1118,Logistic regression,train once,2008-09-22,190,2008-09-27 00:17:00,0,0.4995820521359503,False
1119,Logistic regression,train once,2008-09-22,190,2008-09-27 01:29:00,0,0.4030326353693777,False
1120,Logistic regression,train once,2008-09-22,190,2008-09-27 03:53:00,0,0.7768750425130472,True
1121,Logistic regression,train once,2008-09-22,190,2008-09-27 10:10:00,0,0.5011205849779736,False
1122,Logistic regression,train once,2008-09-22,190,2008-09-27 10:13:00,0,0.9632598587421406,True
1123,Logistic regression,train once,2008-09-22,190,2008-09-27 11:04:00,0,0.3102237648453018,False
1124,Logistic regression,train once,2008-09-22,190,2008-09-27 11:45:00,0,0.9387620423351682,True
1125,Logistic regression,train once,2008-09-22,190,2008-09-27 11:54:00,0,0.8990012887136901,True
1126,Logistic regression,train once,2008-09-22,190,2008-09-27 12:26:00,0,0.3517510568133132,False
1127,Logistic regression,train once,2008-09-22,190,2008-09-27 12:28:00,0,0.6356605098785815,False
1128,Logistic regression,train once,2008-09-22,190,2008-09-27 12:36:00,0,0.3143853526739626,False
1129,Logistic regression,train once,2008-09-22,190,2008-09-27 13:14:00,0,0.5237866247853098,False
1130,Logistic regression,train once,2008-09-22,190,2008-09-27 13:19:00,0,0.32657352326088285,False
1131,Logistic regression,train once,2008-09-22,190,2008-09-27 14:01:00,0,0.3668633759645828,False
1132,Logistic regression,train once,2008-09-22,190,2008-09-27 14:05:00,0,0.3931347658495644,False
1133,Logistic regression,train once,2008-09-22,190,2008-09-27 14:46:00,0,0.40192428523934,False
1134,Logistic regression,train once,2008-09-22,190,2008-09-27 15:09:00,0,0.3087839094367695,False
1135,Logistic regression,train once,2008-09-22,190,2008-09-27 15:30:00,0,0.17139964690665363,False
1136,Logistic regression,train once,2008-09-22,190,2008-09-27 16:13:00,0,0.3426531725977794,False
1137,Logistic regression,train once,2008-09-22,190,2008-09-27 17:26:00,0,0.48110523259978283,False
1138,Logistic regression,train once,2008-09-22,190,2008-09-27 18:14:00,0,0.9299389962794029,True
1139,Logistic regression,train once,2008-09-22,190,2008-09-27 19:16:00,0,0.409423785169298,False
1140,Logistic regression,train once,2008-09-22,190,2008-09-27 20:46:00,0,0.5983304608387735,False
1141,Logistic regression,train once,2008-09-22,190,2008-09-27 21:45:00,0,0.31477053530461657,False
1142,Logistic regression,train once,2008-09-22,190,2008-09-28 00:51:00,0,0.2972199497226622,False
1143,Logistic regression,train once,2008-09-22,190,2008-09-28 01:22:00,0,0.48766079310220223,False
1144,Logistic regression,train once,2008-09-22,190,2008-09-28 03:55:00,0,0.2979591217134588,False
1145,Logistic regression,train once,2008-09-22,190,2008-09-28 04:45:00,1,0.2963295613473104,False
1146,Logistic regression,train once,2008-09-22,190,2008-09-28 05:31:00,0,0.4634270709770948,False
1147,Logistic regression,train once,2008-09-22,190,2008-09-28 06:22:00,0,0.5741241840053428,False
1148,Logistic regression,train once,2008-09-22,190,2008-09-28 07:38:00,0,0.5605766480671176,False
1149,Logistic regression,train once,2008-09-22,190,2008-09-28 07:52:00,0,0.16621322954813286,False
1150,Logistic regression,train once,2008-09-22,190,2008-09-28 08:40:00,0,0.3740734178263218,False
1151,Logistic regression,train once,2008-09-22,190,2008-09-28 08:41:00,0,0.42352408597465285,False
1152,Logistic regression,train once,2008-09-22,190,2008-09-28 09:50:00,1,0.2396805954731867,False
1153,Logistic regression,train once,2008-09-22,190,2008-09-28 17:05:00,0,0.5196228302776107,False
1154,Logistic regression,train once,2008-09-22,190,2008-09-28 17:06:00,0,0.636317486615688,False
1155,Logistic regression,train once,2008-09-22,190,2008-09-28 17:49:00,0,0.31719463778271484,False
1156,Logistic regression,train once,2008-09-22,190,2008-09-28 17:55:00,0,0.5023313043176593,False
1157,Logistic regression,train once,2008-09-22,190,2008-09-28 18:34:00,0,0.5223952585440919,False
1158,Logistic regression,train once,2008-09-22,190,2008-09-28 18:43:00,0,0.8613506108301731,True
1159,Logistic regression,train once,2008-09-22,190,2008-09-28 19:18:00,0,0.27047432173425684,False
1160,Logistic regression,train once,2008-09-22,190,2008-09-28 19:29:00,0,0.47252948487847524,False
1161,Logistic regression,train once,2008-09-22,190,2008-09-28 20:02:00,0,0.6363135318306946,False
1162,Logistic regression,train once,2008-09-22,190,2008-09-28 20:42:00,0,0.45513998608573353,False
1163,Logistic regression,train once,2008-09-22,190,2008-09-28 21:08:00,0,0.4263471523836227,False
1164,Logistic regression,train once,2008-09-22,190,2008-09-28 21:27:00,0,0.3023423553301501,False
1165,Logistic regression,train once,2008-09-22,190,2008-09-28 22:44:00,0,0.30809604696811027,False
1166,Logistic regression,train once,2008-09-22,190,2008-09-28 23:54:00,0,0.3630093298889929,False
1167,Logistic regression,train once,2008-09-29,190,2008-09-29 02:06:00,0,0.4630577523156509,False
1168,Logistic regression,train once,2008-09-29,190,2008-09-29 03:07:00,0,0.8347802148620612,True
1169,Logistic regression,train once,2008-09-29,190,2008-09-29 03:50:00,0,0.835372927336482,True
1170,Logistic regression,train once,2008-09-29,190,2008-09-29 04:18:00,0,0.37955927474527307,False
1171,Logistic regression,train once,2008-09-29,190,2008-09-29 04:47:00,0,0.5449223310511966,False
1172,Logistic regression,train once,2008-09-29,190,2008-09-29 05:32:00,0,0.5316834966073889,False
1173,Logistic regression,train once,2008-09-29,190,2008-09-29 07:53:00,0,0.48124261851361944,False
1174,Logistic regression,train once,2008-09-29,190,2008-09-29 09:15:00,0,0.3960529273623576,False
1175,Logistic regression,train once,2008-09-29,190,2008-09-29 11:13:00,0,0.36686699171050025,False
1176,Logistic regression,train once,2008-09-29,190,2008-09-29 11:53:00,0,0.9134072207231456,True
1177,Logistic regression,train once,2008-09-29,190,2008-09-29 12:25:00,0,0.5607343949956018,False
1178,Logistic regression,train once,2008-09-29,190,2008-09-29 14:03:00,0,0.9990482473061075,True
1179,Logistic regression,train once,2008-09-29,190,2008-09-29 14:04:00,0,0.7272226977577416,True
1180,Logistic regression,train once,2008-09-29,190,2008-09-29 14:08:00,0,0.2668109541502969,False
1181,Logistic regression,train once,2008-09-29,190,2008-09-29 15:09:00,0,0.41998050817801835,False
1182,Logistic regression,train once,2008-09-29,190,2008-09-29 15:16:00,0,0.7533629373180308,True
1183,Logistic regression,train once,2008-09-29,190,2008-09-29 16:27:00,0,0.3558856759603805,False
1184,Logistic regression,train once,2008-09-29,190,2008-09-29 17:21:00,0,0.5974946890388826,False
1185,Logistic regression,train once,2008-09-29,190,2008-09-29 21:26:00,0,0.2678774527910145,False
1186,Logistic regression,train once,2008-09-29,190,2008-09-29 21:48:00,1,0.3690476833574879,False
1187,Logistic regression,train once,2008-09-29,190,2008-09-29 22:13:00,0,0.2291169270216379,False
1188,Logistic regression,train once,2008-09-29,190,2008-09-30 01:33:00,0,0.9023587983532816,True
1189,Logistic regression,train once,2008-09-29,190,2008-09-30 01:36:00,0,0.17717084973405364,False
1190,Logistic regression,train once,2008-09-29,190,2008-09-30 02:44:00,1,0.4910045469651756,False
1191,Logistic regression,train once,2008-09-29,190,2008-09-30 04:01:00,0,0.14509825028902146,False
1192,Logistic regression,train once,2008-09-29,190,2008-09-30 04:42:00,0,0.36093749738348413,False
1193,Logistic regression,train once,2008-09-29,190,2008-09-30 08:44:00,0,0.8087498335642495,True
1194,Logistic regression,train once,2008-09-29,190,2008-09-30 12:31:00,0,0.9468196119754648,True
1195,Logistic regression,train once,2008-09-29,190,2008-09-30 13:29:00,0,0.46190768604075616,False
1196,Logistic regression,train once,2008-09-29,190,2008-09-30 14:20:00,0,0.29777409376061276,False
1197,Logistic regression,train once,2008-09-29,190,2008-09-30 14:36:00,0,0.6836616752841482,False
1198,Logistic regression,train once,2008-09-29,190,2008-09-30 15:16:00,0,0.31004605630224047,False
1199,Logistic regression,train once,2008-09-29,190,2008-09-30 15:26:00,0,0.5133178860746276,False
1200,Logistic regression,train once,2008-09-29,190,2008-09-30 16:13:00,0,0.39333110389488773,False
1201,Logistic regression,train once,2008-09-29,190,2008-09-30 16:50:00,0,0.7286388011285787,True
1202,Logistic regression,train once,2008-09-29,190,2008-09-30 17:27:00,0,0.5700512963058203,False
1203,Logistic regression,train once,2008-09-29,190,2008-09-30 19:17:00,0,0.3978676123898098,False
1204,Logistic regression,train once,2008-09-29,190,2008-09-30 19:17:00,0,2.8817145230675624e-16,False
1205,Logistic regression,train once,2008-09-29,190,2008-09-30 21:39:00,0,0.43406745605830316,False
1206,Logistic regression,train once,2008-09-29,190,2008-09-30 21:42:00,0,0.5230250132461188,False
1207,Logistic regression,train once,2008-09-29,190,2008-09-30 23:34:00,0,0.29508997101620243,False
1208,Logistic regression,train once,2008-09-29,190,2008-09-30 23:58:00,0,0.4329068538682984,False
1209,Logistic regression,train once,2008-09-29,190,2008-10-01 00:20:00,0,0.4457625742676142,False
1210,Logistic regression,train once,2008-09-29,190,2008-10-01 01:11:00,0,0.47413662777563786,False
1211,Logistic regression,train once,2008-09-29,190,2008-10-01 02:53:00,0,0.43628465321287024,False
1212,Logistic regression,train once,2008-09-29,190,2008-10-01 05:56:00,1,0.36510980713494096,False
1213,Logistic regression,train once,2008-09-29,190,2008-10-01 07:19:00,0,0.3908750459818847,False
1214,Logistic regression,train once,2008-09-29,190,2008-10-01 07:28:00,0,0.44806337378806327,False
1215,Logistic regression,train once,2008-09-29,190,2008-10-01 08:15:00,0,0.1899161409518409,False
1216,Logistic regression,train once,2008-09-29,190,2008-10-01 09:15:00,0,0.42983894669557043,False
1217,Logistic regression,train once,2008-09-29,190,2008-10-01 09:16:00,0,0.673249316351554,False
1218,Logistic regression,train once,2008-09-29,190,2008-10-01 14:22:00,0,0.28037395653444114,False
1219,Logistic regression,train once,2008-09-29,190,2008-10-01 15:16:00,0,0.4953743157987875,False
1220,Logistic regression,train once,2008-09-29,190,2008-10-01 16:43:00,0,0.6255800917197936,False
1221,Logistic regression,train once,2008-09-29,190,2008-10-01 19:57:00,0,0.636784354483265,False
1222,Logistic regression,train once,2008-09-29,190,2008-10-01 21:15:00,0,0.4196487443672025,False
1223,Logistic regression,train once,2008-09-29,190,2008-10-01 21:50:00,0,0.5733776164423822,False
1224,Logistic regression,train once,2008-09-29,190,2008-10-01 22:47:00,0,0.07639204097530342,False
1225,Logistic regression,train once,2008-09-29,190,2008-10-01 23:34:00,0,0.40248494494701015,False
1226,Logistic regression,train once,2008-09-29,190,2008-10-02 00:21:00,0,0.2314168994038028,False
1227,Logistic regression,train once,2008-09-29,190,2008-10-02 00:22:00,0,0.6225383314366534,False
1228,Logistic regression,train once,2008-09-29,190,2008-10-02 03:17:00,1,0.5137831256827569,False
1229,Logistic regression,train once,2008-09-29,190,2008-10-02 03:27:00,0,0.29558810897532534,False
1230,Logistic regression,train once,2008-09-29,190,2008-10-02 04:11:00,0,0.279792608481014,False
1231,Logistic regression,train once,2008-09-29,190,2008-10-02 04:23:00,0,0.13632729162436635,False
1232,Logistic regression,train once,2008-09-29,190,2008-10-02 04:24:00,0,0.3569906360205384,False
1233,Logistic regression,train once,2008-09-29,190,2008-10-02 06:49:00,0,0.2028451608808122,False
1234,Logistic regression,train once,2008-09-29,190,2008-10-02 07:35:00,0,0.4478549272262265,False
1235,Logistic regression,train once,2008-09-29,190,2008-10-02 07:58:00,0,0.13137677760743982,False
1236,Logistic regression,train once,2008-09-29,190,2008-10-02 08:24:00,0,0.5374361342451464,False
1237,Logistic regression,train once,2008-09-29,190,2008-10-02 08:52:00,0,0.1440516623769453,False
1238,Logistic regression,train once,2008-09-29,190,2008-10-02 08:57:00,0,0.3891066832423121,False
1239,Logistic regression,train once,2008-09-29,190,2008-10-02 09:10:00,1,0.358140201947571,False
1240,Logistic regression,train once,2008-09-29,190,2008-10-02 09:42:00,0,0.24874547714881204,False
1241,Logistic regression,train once,2008-09-29,190,2008-10-02 10:03:00,0,0.3471661973766549,False
1242,Logistic regression,train once,2008-09-29,190,2008-10-02 14:07:00,1,0.4012504830282595,False
1243,Logistic regression,train once,2008-09-29,190,2008-10-02 14:10:00,1,0.37808609213345423,False
1244,Logistic regression,train once,2008-09-29,190,2008-10-02 14:54:00,0,0.5321440144988208,False
1245,Logistic regression,train once,2008-09-29,190,2008-10-02 15:10:00,0,0.32153253400903653,False
1246,Logistic regression,train once,2008-09-29,190,2008-10-02 15:44:00,0,0.5185777942268868,False
1247,Logistic regression,train once,2008-09-29,190,2008-10-02 15:58:00,0,0.5466067306265562,False
1248,Logistic regression,train once,2008-09-29,190,2008-10-02 16:32:00,0,0.34716428576608716,False
1249,Logistic regression,train once,2008-09-29,190,2008-10-02 16:58:00,0,0.5795845495491105,False
1250,Logistic regression,train once,2008-09-29,190,2008-10-02 17:00:00,0,0.2910429952526108,False
1251,Logistic regression,train once,2008-09-29,190,2008-10-02 17:19:00,0,0.5374744288353616,False
1252,Logistic regression,train once,2008-09-29,190,2008-10-02 19:21:00,0,0.2846163969751449,False
1253,Logistic regression,train once,2008-09-29,190,2008-10-02 19:25:00,0,0.7703217773063169,True
1254,Logistic regression,train once,2008-09-29,190,2008-10-02 20:54:00,0,0.4929363135184051,False
1255,Logistic regression,train once,2008-09-29,190,2008-10-02 21:32:00,1,0.08512096878715242,False
1256,Logistic regression,train once,2008-09-29,190,2008-10-02 21:33:00,0,0.4118348057521889,False
1257,Logistic regression,train once,2008-09-29,190,2008-10-02 22:23:00,0,0.3034024441241283,False
1258,Logistic regression,train once,2008-09-29,190,2008-10-02 22:33:00,0,0.1751361665801374,False
1259,Logistic regression,train once,2008-09-29,190,2008-10-02 23:32:00,0,0.4192934523149013,False
1260,Logistic regression,train once,2008-09-29,190,2008-10-02 23:32:00,0,0.49605576746959185,False
1261,Logistic regression,train once,2008-09-29,190,2008-10-03 00:24:00,0,0.34472345388124465,False
1262,Logistic regression,train once,2008-09-29,190,2008-10-03 00:55:00,0,0.34997440481301606,False
1263,Logistic regression,train once,2008-09-29,190,2008-10-03 02:41:00,0,0.4040177648394798,False
1264,Logistic regression,train once,2008-09-29,190,2008-10-03 03:52:00,0,0.38263161567308956,False
1265,Logistic regression,train once,2008-09-29,190,2008-10-03 03:56:00,0,0.4762528761437563,False
1266,Logistic regression,train once,2008-09-29,190,2008-10-03 04:49:00,0,0.37059703131861915,False
1267,Logistic regression,train once,2008-09-29,190,2008-10-03 05:01:00,0,0.23019489994006717,False
1268,Logistic regression,train once,2008-09-29,190,2008-10-03 05:45:00,0,0.19546051100550058,False
1269,Logistic regression,train once,2008-09-29,190,2008-10-03 06:15:00,0,0.43940722112843106,False
1270,Logistic regression,train once,2008-09-29,190,2008-10-03 08:35:00,0,0.18432678803010666,False
1271,Logistic regression,train once,2008-09-29,190,2008-10-03 09:30:00,0,0.5621748319338249,False
1272,Logistic regression,train once,2008-09-29,190,2008-10-03 11:40:00,0,0.8452159974174668,True
1273,Logistic regression,train once,2008-09-29,190,2008-10-03 12:31:00,0,0.4082065916022854,False
1274,Logistic regression,train once,2008-09-29,190,2008-10-03 18:45:00,0,0.1570229919727195,False
1275,Logistic regression,train once,2008-09-29,190,2008-10-03 19:23:00,0,0.1515715281073841,False
1276,Logistic regression,train once,2008-09-29,190,2008-10-03 19:23:00,0,0.2876409972937773,False
1277,Logistic regression,train once,2008-09-29,190,2008-10-03 20:11:00,0,0.15659002671590327,False
1278,Logistic regression,train once,2008-09-29,190,2008-10-03 20:26:00,0,0.15322399380169022,False
1279,Logistic regression,train once,2008-09-29,190,2008-10-03 20:35:00,0,0.25312623451823946,False
1280,Logistic regression,train once,2008-09-29,190,2008-10-03 20:46:00,0,0.13272209929755627,False
1281,Logistic regression,train once,2008-09-29,190,2008-10-03 21:15:00,0,0.591497446814708,False
1282,Logistic regression,train once,2008-09-29,190,2008-10-03 21:52:00,0,0.3736610239944176,False
1283,Logistic regression,train once,2008-09-29,190,2008-10-03 22:08:00,0,0.574011643410981,False
1284,Logistic regression,train once,2008-09-29,190,2008-10-03 22:53:00,0,0.2290854672469161,False
1285,Logistic regression,train once,2008-09-29,190,2008-10-03 23:46:00,0,0.13147205174648952,False
1286,Logistic regression,train once,2008-09-29,190,2008-10-04 00:58:00,0,0.2387096569495103,False
1287,Logistic regression,train once,2008-09-29,190,2008-10-04 01:49:00,0,0.40873508376410594,False
1288,Logistic regression,train once,2008-09-29,190,2008-10-04 02:36:00,0,0.23332211157798136,False
1289,Logistic regression,train once,2008-09-29,190,2008-10-04 03:53:00,0,0.48392336996090013,False
1290,Logistic regression,train once,2008-09-29,190,2008-10-04 04:12:00,0,0.2775526004352562,False
1291,Logistic regression,train once,2008-09-29,190,2008-10-04 04:45:00,0,0.3724538741117177,False
1292,Logistic regression,train once,2008-09-29,190,2008-10-04 09:29:00,0,0.3261875022320721,False
1293,Logistic regression,train once,2008-09-29,190,2008-10-04 15:16:00,0,0.36033398070979117,False
1294,Logistic regression,train once,2008-09-29,190,2008-10-04 16:58:00,0,0.3593994669251061,False
1295,Logistic regression,train once,2008-09-29,190,2008-10-04 18:15:00,0,0.35605625557480464,False
1296,Logistic regression,train once,2008-09-29,190,2008-10-04 18:25:00,0,0.5806468262063761,False
1297,Logistic regression,train once,2008-09-29,190,2008-10-04 18:59:00,0,0.31016042219719553,False
1298,Logistic regression,train once,2008-09-29,190,2008-10-04 19:12:00,0,0.5472340537703005,False
1299,Logistic regression,train once,2008-09-29,190,2008-10-04 19:47:00,0,0.12895330445231099,False
1300,Logistic regression,train once,2008-09-29,190,2008-10-04 19:54:00,0,0.37972458871168774,False
1301,Logistic regression,train once,2008-09-29,190,2008-10-04 20:39:00,0,0.4510020322756649,False
1302,Logistic regression,train once,2008-09-29,190,2008-10-04 22:06:00,0,0.1749846338745554,False
1303,Logistic regression,train once,2008-09-29,190,2008-10-04 23:18:00,1,0.1887106804897394,False
1304,Logistic regression,train once,2008-09-29,190,2008-10-05 00:33:00,1,0.21358200273583974,False
1305,Logistic regression,train once,2008-09-29,190,2008-10-05 00:33:00,0,1.0,True
1306,Logistic regression,train once,2008-09-29,190,2008-10-05 01:35:00,0,0.6286215062936171,False
1307,Logistic regression,train once,2008-09-29,190,2008-10-05 04:01:00,0,0.2970428536295041,False
1308,Logistic regression,train once,2008-09-29,190,2008-10-05 04:20:00,0,0.1877406185709076,False
1309,Logistic regression,train once,2008-09-29,190,2008-10-05 04:48:00,0,0.06804784041065327,False
1310,Logistic regression,train once,2008-09-29,190,2008-10-05 05:31:00,0,0.3189928088251811,False
1311,Logistic regression,train once,2008-09-29,190,2008-10-05 05:53:00,0,0.23187786217506454,False
1312,Logistic regression,train once,2008-09-29,190,2008-10-05 06:15:00,0,0.47925727342886953,False
1313,Logistic regression,train once,2008-09-29,190,2008-10-05 08:02:00,0,0.27844350259815615,False
1314,Logistic regression,train once,2008-09-29,190,2008-10-05 08:40:00,0,0.2349690573169883,False
1315,Logistic regression,train once,2008-09-29,190,2008-10-05 09:04:00,0,0.15617424954862655,False
1316,Logistic regression,train once,2008-09-29,190,2008-10-05 09:47:00,0,0.15459466570484137,False
1317,Logistic regression,train once,2008-09-29,190,2008-10-05 10:00:00,0,0.15772286428068202,False
1318,Logistic regression,train once,2008-09-29,190,2008-10-05 10:43:00,0,0.28594858768446246,False
1319,Logistic regression,train once,2008-09-29,190,2008-10-05 11:05:00,0,0.1845904298654119,False
1320,Logistic regression,train once,2008-09-29,190,2008-10-05 11:30:00,0,0.33307133402886474,False
1321,Logistic regression,train once,2008-09-29,190,2008-10-05 12:03:00,0,1.0,True
1322,Logistic regression,train once,2008-09-29,190,2008-10-05 12:17:00,0,0.5298020628889673,False
1323,Logistic regression,train once,2008-09-29,190,2008-10-05 13:49:00,0,0.7424876646459339,True
1324,Logistic regression,train once,2008-09-29,190,2008-10-05 14:34:00,0,0.09073399847617587,False
1325,Logistic regression,train once,2008-09-29,190,2008-10-05 15:30:00,1,0.4509319523367618,False
1326,Logistic regression,train once,2008-09-29,190,2008-10-05 15:35:00,1,0.17324932702647952,False
1327,Logistic regression,train once,2008-09-29,190,2008-10-05 16:15:00,0,0.7665678050945597,True
1328,Logistic regression,train once,2008-09-29,190,2008-10-05 16:37:00,1,0.28292347025950115,False
1329,Logistic regression,train once,2008-09-29,190,2008-10-05 16:49:00,1,0.5494359174591653,False
1330,Logistic regression,train once,2008-09-29,190,2008-10-05 18:46:00,1,0.4420639990089455,False
1331,Logistic regression,train once,2008-09-29,190,2008-10-05 18:59:00,0,0.42964812680497466,False
1332,Logistic regression,train once,2008-09-29,190,2008-10-05 19:45:00,0,0.6443551132657938,False
1333,Logistic regression,train once,2008-09-29,190,2008-10-05 20:12:00,0,0.9469061055182024,True
1334,Logistic regression,train once,2008-09-29,190,2008-10-05 20:30:00,0,0.36387819638870844,False
1335,Logistic regression,train once,2008-09-29,190,2008-10-05 22:13:00,0,0.6313176130234623,False
1336,Logistic regression,train once,2008-10-06,190,2008-10-06 00:41:00,0,0.3430124437741567,False
1337,Logistic regression,train once,2008-10-06,190,2008-10-06 01:25:00,0,0.2537158555465221,False
1338,Logistic regression,train once,2008-10-06,190,2008-10-06 01:27:00,0,0.24769777580098967,False
1339,Logistic regression,train once,2008-10-06,190,2008-10-06 01:30:00,0,0.2691550541802443,False
1340,Logistic regression,train once,2008-10-06,190,2008-10-06 02:44:00,0,0.4730130445967539,False
1341,Logistic regression,train once,2008-10-06,190,2008-10-06 02:49:00,0,0.19888029375992974,False
1342,Logistic regression,train once,2008-10-06,190,2008-10-06 03:31:00,0,0.239962405101425,False
1343,Logistic regression,train once,2008-10-06,190,2008-10-06 03:50:00,1,0.5500167763143707,False
1344,Logistic regression,train once,2008-10-06,190,2008-10-06 03:57:00,1,0.37751407590376684,False
1345,Logistic regression,train once,2008-10-06,190,2008-10-06 04:26:00,0,0.2723457875571497,False
1346,Logistic regression,train once,2008-10-06,190,2008-10-06 05:21:00,0,0.8342207912563587,True
1347,Logistic regression,train once,2008-10-06,190,2008-10-06 05:24:00,0,0.6506064316594798,False
1348,Logistic regression,train once,2008-10-06,190,2008-10-06 06:11:00,0,0.5467047312810032,False
1349,Logistic regression,train once,2008-10-06,190,2008-10-06 06:26:00,0,0.4301396931460883,False
1350,Logistic regression,train once,2008-10-06,190,2008-10-06 06:49:00,0,0.1588299030935909,False
1351,Logistic regression,train once,2008-10-06,190,2008-10-06 07:12:00,0,0.47246140570331546,False
1352,Logistic regression,train once,2008-10-06,190,2008-10-06 07:17:00,0,0.19637706760758591,False
1353,Logistic regression,train once,2008-10-06,190,2008-10-06 07:35:00,0,0.32730460166699,False
1354,Logistic regression,train once,2008-10-06,190,2008-10-06 07:38:00,0,0.40527884379848317,False
1355,Logistic regression,train once,2008-10-06,190,2008-10-06 08:24:00,0,0.11088794282551617,False
1356,Logistic regression,train once,2008-10-06,190,2008-10-06 08:57:00,0,0.3575032636607481,False
1357,Logistic regression,train once,2008-10-06,190,2008-10-06 09:11:00,0,0.31399180464730814,False
1358,Logistic regression,train once,2008-10-06,190,2008-10-06 09:57:00,0,0.5737400535610667,False
1359,Logistic regression,train once,2008-10-06,190,2008-10-06 10:07:00,0,0.4738429205321972,False
1360,Logistic regression,train once,2008-10-06,190,2008-10-06 11:51:00,0,0.19725026176253072,False
1361,Logistic regression,train once,2008-10-06,190,2008-10-06 12:39:00,0,0.19326637363628515,False
1362,Logistic regression,train once,2008-10-06,190,2008-10-06 12:42:00,0,0.231427886676669,False
1363,Logistic regression,train once,2008-10-06,190,2008-10-06 13:08:00,0,0.2731900245904505,False
1364,Logistic regression,train once,2008-10-06,190,2008-10-06 13:38:00,1,0.45535247894582004,False
1365,Logistic regression,train once,2008-10-06,190,2008-10-06 13:55:00,1,0.3636175988304473,False
1366,Logistic regression,train once,2008-10-06,190,2008-10-06 15:00:00,1,0.14676098981585442,False
1367,Logistic regression,train once,2008-10-06,190,2008-10-06 15:01:00,0,0.5446859728365654,False
1368,Logistic regression,train once,2008-10-06,190,2008-10-06 15:52:00,0,0.34771034441200194,False
1369,Logistic regression,train once,2008-10-06,190,2008-10-06 16:42:00,0,0.32470119612721265,False
1370,Logistic regression,train once,2008-10-06,190,2008-10-06 16:50:00,0,0.10194386117690174,False
1371,Logistic regression,train once,2008-10-06,190,2008-10-06 17:26:00,0,0.20044726412411837,False
1372,Logistic regression,train once,2008-10-06,190,2008-10-06 17:26:00,0,0.1725814596647977,False
1373,Logistic regression,train once,2008-10-06,190,2008-10-06 17:35:00,0,0.3720895571965433,False
1374,Logistic regression,train once,2008-10-06,190,2008-10-06 18:54:00,0,0.2660182463328412,False
1375,Logistic regression,train once,2008-10-06,190,2008-10-06 18:55:00,0,0.2102437962862173,False
1376,Logistic regression,train once,2008-10-06,190,2008-10-06 19:42:00,0,0.15222380409749495,False
1377,Logistic regression,train once,2008-10-06,190,2008-10-06 20:02:00,0,0.3631079544146436,False
1378,Logistic regression,train once,2008-10-06,190,2008-10-06 20:36:00,0,0.2555594992814368,False
1379,Logistic regression,train once,2008-10-06,190,2008-10-06 20:47:00,0,0.5708678828405395,False
1380,Logistic regression,train once,2008-10-06,190,2008-10-06 21:46:00,0,0.3656055377076519,False
1381,Logistic regression,train once,2008-10-06,190,2008-10-06 21:48:00,0,0.33514277744095194,False
1382,Logistic regression,train once,2008-10-06,190,2008-10-06 22:37:00,0,0.5292610099809596,False
1383,Logistic regression,train once,2008-10-06,190,2008-10-06 23:03:00,0,0.3346985803258104,False
1384,Logistic regression,train once,2008-10-06,190,2008-10-07 01:46:00,0,0.26861175915939617,False
1385,Logistic regression,train once,2008-10-06,190,2008-10-07 03:29:00,0,0.10883516733148993,False
1386,Logistic regression,train once,2008-10-06,190,2008-10-07 03:39:00,0,0.7215809527158237,True
1387,Logistic regression,train once,2008-10-06,190,2008-10-07 07:32:00,0,0.20148007137434137,False
1388,Logistic regression,train once,2008-10-06,190,2008-10-07 07:41:00,0,0.22873690220967652,False
1389,Logistic regression,train once,2008-10-06,190,2008-10-07 08:25:00,0,0.2720815214562513,False
1390,Logistic regression,train once,2008-10-06,190,2008-10-07 08:26:00,0,0.15007468846594435,False
1391,Logistic regression,train once,2008-10-06,190,2008-10-07 09:11:00,0,0.131246846322119,False
1392,Logistic regression,train once,2008-10-06,190,2008-10-07 09:20:00,0,0.16874435053280376,False
1393,Logistic regression,train once,2008-10-06,190,2008-10-07 09:59:00,0,0.1974119603475461,False
1394,Logistic regression,train once,2008-10-06,190,2008-10-07 10:04:00,0,0.6013728440640518,False
1395,Logistic regression,train once,2008-10-06,190,2008-10-07 10:10:00,0,0.4463769760347383,False
1396,Logistic regression,train once,2008-10-06,190,2008-10-07 10:51:00,0,0.17459959390122778,False
1397,Logistic regression,train once,2008-10-06,190,2008-10-07 11:15:00,0,0.2700318286584725,False
1398,Logistic regression,train once,2008-10-06,190,2008-10-07 11:16:00,0,0.9452155709693476,True
1399,Logistic regression,train once,2008-10-06,190,2008-10-07 11:36:00,0,0.5570525765045902,False
1400,Logistic regression,train once,2008-10-06,190,2008-10-07 12:40:00,0,0.5792912984174944,False
1401,Logistic regression,train once,2008-10-06,190,2008-10-07 13:10:00,1,0.4546294469999368,False
1402,Logistic regression,train once,2008-10-06,190,2008-10-07 13:48:00,0,0.18653232438136938,False
1403,Logistic regression,train once,2008-10-06,190,2008-10-07 14:35:00,0,0.21648559076790175,False
1404,Logistic regression,train once,2008-10-06,190,2008-10-07 16:32:00,0,0.5509540020811594,False
1405,Logistic regression,train once,2008-10-06,190,2008-10-07 17:06:00,0,0.29998430652683705,False
1406,Logistic regression,train once,2008-10-06,190,2008-10-07 17:28:00,0,0.5457000579165843,False
1407,Logistic regression,train once,2008-10-06,190,2008-10-07 18:39:00,0,0.4514630009762679,False
1408,Logistic regression,train once,2008-10-06,190,2008-10-07 19:24:00,0,0.14408947093711602,False
1409,Logistic regression,train once,2008-10-06,190,2008-10-07 20:19:00,0,0.13599721564697584,False
1410,Logistic regression,train once,2008-10-06,190,2008-10-07 20:39:00,0,0.27059626305140166,False
1411,Logistic regression,train once,2008-10-06,190,2008-10-07 20:48:00,0,0.3511125486912111,False
1412,Logistic regression,train once,2008-10-06,190,2008-10-08 04:47:00,0,0.20304149685018752,False
1413,Logistic regression,train once,2008-10-06,190,2008-10-08 05:35:00,0,0.609516278609182,False
1414,Logistic regression,train once,2008-10-06,190,2008-10-08 05:38:00,0,0.4462782069701936,False
1415,Logistic regression,train once,2008-10-06,190,2008-10-08 06:25:00,0,0.1444554709181046,False
1416,Logistic regression,train once,2008-10-06,190,2008-10-08 07:10:00,0,0.14195239889913652,False
1417,Logistic regression,train once,2008-10-06,190,2008-10-08 07:13:00,0,0.18768589822672335,False
1418,Logistic regression,train once,2008-10-06,190,2008-10-08 07:16:00,0,0.055715286862799904,False
1419,Logistic regression,train once,2008-10-06,190,2008-10-08 09:01:00,0,0.9218680780409783,True
1420,Logistic regression,train once,2008-10-06,190,2008-10-08 09:06:00,0,0.4355083446849818,False
1421,Logistic regression,train once,2008-10-06,190,2008-10-08 10:37:00,0,0.2288170742191139,False
1422,Logistic regression,train once,2008-10-06,190,2008-10-08 12:11:00,0,0.19869425972035665,False
1423,Logistic regression,train once,2008-10-06,190,2008-10-08 13:35:00,0,0.9185847668052576,True
1424,Logistic regression,train once,2008-10-06,190,2008-10-08 13:38:00,0,0.2264310953849529,False
1425,Logistic regression,train once,2008-10-06,190,2008-10-08 14:48:00,0,0.3680854036606705,False
1426,Logistic regression,train once,2008-10-06,190,2008-10-08 15:37:00,0,0.2873869227456536,False
1427,Logistic regression,train once,2008-10-06,190,2008-10-08 16:26:00,0,0.26598475265851557,False
1428,Logistic regression,train once,2008-10-06,190,2008-10-08 17:14:00,0,0.936952484118842,True
1429,Logistic regression,train once,2008-10-06,190,2008-10-08 17:31:00,0,0.12507537168836472,False
1430,Logistic regression,train once,2008-10-06,190,2008-10-08 17:41:00,0,0.9759334346022654,True
1431,Logistic regression,train once,2008-10-06,190,2008-10-08 18:22:00,0,0.10464850285466776,False
1432,Logistic regression,train once,2008-10-06,190,2008-10-08 20:27:00,0,0.3507066407325565,False
1433,Logistic regression,train once,2008-10-06,190,2008-10-08 21:19:00,0,0.15170638123998292,False
1434,Logistic regression,train once,2008-10-06,190,2008-10-08 21:45:00,0,0.2899384843079301,False
1435,Logistic regression,train once,2008-10-06,190,2008-10-08 22:08:00,0,0.14072143268318268,False
1436,Logistic regression,train once,2008-10-06,190,2008-10-08 23:13:00,0,0.12222718909998442,False
1437,Logistic regression,train once,2008-10-06,190,2008-10-08 23:50:00,0,0.16057455964210388,False
1438,Logistic regression,train once,2008-10-06,190,2008-10-09 00:23:00,0,0.0702002103637671,False
1439,Logistic regression,train once,2008-10-06,190,2008-10-09 04:34:00,1,0.274190647312949,False
1440,Logistic regression,train once,2008-10-06,190,2008-10-09 06:06:00,0,0.1539307069335677,False
1441,Logistic regression,train once,2008-10-06,190,2008-10-09 07:38:00,0,0.13878193107579473,False
1442,Logistic regression,train once,2008-10-06,190,2008-10-09 14:15:00,0,0.3442639074416567,False
1443,Logistic regression,train once,2008-10-06,190,2008-10-09 15:04:00,0,0.25623408632519584,False
1444,Logistic regression,train once,2008-10-06,190,2008-10-09 15:55:00,1,0.3810902449986658,False
1445,Logistic regression,train once,2008-10-06,190,2008-10-09 15:56:00,0,0.11655959246447249,False
1446,Logistic regression,train once,2008-10-06,190,2008-10-10 10:05:00,0,0.39936109632803923,False
1447,Logistic regression,train once,2008-10-06,190,2008-10-10 10:46:00,0,1.0,True
1448,Logistic regression,train once,2008-10-06,190,2008-10-10 10:53:00,0,0.23700246229162855,False
1449,Logistic regression,train once,2008-10-06,190,2008-10-10 12:30:00,0,0.011651768063626661,False
1450,Logistic regression,train once,2008-10-06,190,2008-10-10 15:33:00,0,0.37508435334277485,False
1451,Logistic regression,train once,2008-10-06,190,2008-10-10 15:50:00,0,0.06540061241490262,False
1452,Logistic regression,train once,2008-10-06,190,2008-10-10 20:02:00,0,0.04863047884511365,False
1453,Logistic regression,train once,2008-10-06,190,2008-10-10 21:03:00,0,0.07854105190403307,False
1454,Logistic regression,train once,2008-10-06,190,2008-10-10 21:07:00,0,0.4373886486837429,False
1455,Logistic regression,train once,2008-10-06,190,2008-10-10 21:16:00,0,0.05021601304539084,False
1456,Logistic regression,train once,2008-10-06,190,2008-10-11 02:55:00,0,0.11871786663437778,False
1457,Logistic regression,train once,2008-10-06,190,2008-10-11 06:56:00,0,1.0,True
1458,Logistic regression,train once,2008-10-06,190,2008-10-11 07:38:00,0,0.25345558506307686,False
1459,Logistic regression,train once,2008-10-06,190,2008-10-11 07:39:00,0,1.0,True
1460,Logistic regression,train once,2008-10-06,190,2008-10-11 07:42:00,0,0.018308043175978242,False
1461,Logistic regression,train once,2008-10-06,190,2008-10-11 08:27:00,0,0.06960614699423283,False
1462,Logistic regression,train once,2008-10-06,190,2008-10-11 14:43:00,0,0.06166123844460155,False
1463,Logistic regression,train once,2008-10-06,190,2008-10-11 15:33:00,0,0.43745326380272576,False
1464,Logistic regression,train once,2008-10-06,190,2008-10-11 16:25:00,0,0.2565284448531261,False
1465,Logistic regression,train once,2008-10-06,190,2008-10-11 23:16:00,0,0.6425243259009682,False
1466,Logistic regression,train once,2008-10-06,190,2008-10-11 23:58:00,0,0.33597096586245023,False
1467,Logistic regression,train once,2008-10-06,190,2008-10-12 00:57:00,0,0.19571878057740777,False
1468,Logistic regression,train once,2008-10-06,190,2008-10-12 01:50:00,0,0.02977796607608414,False
1469,Logistic regression,train once,2008-10-06,190,2008-10-12 02:59:00,0,0.9961728457123854,True
1470,Logistic regression,train once,2008-10-06,190,2008-10-12 03:21:00,0,0.9953499158313208,True
1471,Logistic regression,train once,2008-10-06,190,2008-10-12 03:28:00,0,0.391607170596942,False
1472,Logistic regression,train once,2008-10-06,190,2008-10-12 08:19:00,0,0.15954249197567402,False
1473,Logistic regression,train once,2008-10-06,190,2008-10-12 18:47:00,0,0.2400108472942598,False
1474,Logistic regression,train once,2008-10-13,190,2008-10-13 03:34:00,0,0.39937248778878265,False
1475,Logistic regression,train once,2008-10-13,190,2008-10-13 03:53:00,0,0.5917410234564473,False
1476,Logistic regression,train once,2008-10-13,190,2008-10-13 11:27:00,0,0.2796243458478413,False
1477,Logistic regression,train once,2008-10-13,190,2008-10-13 12:18:00,0,0.14156643457172552,False
1478,Logistic regression,train once,2008-10-13,190,2008-10-13 14:06:00,0,0.2833266233586423,False
1479,Logistic regression,train once,2008-10-13,190,2008-10-13 14:29:00,0,0.29619294298717624,False
1480,Logistic regression,train once,2008-10-13,190,2008-10-13 14:30:00,0,0.1360835572212192,False
1481,Logistic regression,train once,2008-10-13,190,2008-10-13 14:55:00,0,0.2978787237409011,False
1482,Logistic regression,train once,2008-10-13,190,2008-10-13 15:42:00,0,0.11392766144721432,False
1483,Logistic regression,train once,2008-10-13,190,2008-10-13 15:42:00,0,0.26641888827456484,False
1484,Logistic regression,train once,2008-10-13,190,2008-10-13 16:13:00,0,0.5527953183494061,False
1485,Logistic regression,train once,2008-10-13,190,2008-10-13 19:17:00,0,0.1646445833430081,False
1486,Logistic regression,train once,2008-10-13,190,2008-10-13 19:36:00,0,0.3470869199979271,False
1487,Logistic regression,train once,2008-10-13,190,2008-10-13 19:40:00,0,0.28310884410155424,False
1488,Logistic regression,train once,2008-10-13,190,2008-10-13 20:10:00,0,0.3787364641384446,False
1489,Logistic regression,train once,2008-10-13,190,2008-10-13 20:30:00,0,0.6226761220775175,False
1490,Logistic regression,train once,2008-10-13,190,2008-10-13 20:53:00,0,0.6739047111000387,False
1491,Logistic regression,train once,2008-10-13,190,2008-10-13 21:20:00,0,0.2491078024551578,False
1492,Logistic regression,train once,2008-10-13,190,2008-10-13 21:47:00,0,0.5718794629352337,False
1493,Logistic regression,train once,2008-10-13,190,2008-10-13 21:57:00,0,0.287816039871677,False
1494,Logistic regression,train once,2008-10-13,190,2008-10-13 22:48:00,0,0.3950584121178994,False
1495,Logistic regression,train once,2008-10-13,190,2008-10-13 22:54:00,0,0.3357020182150889,False
1496,Logistic regression,train once,2008-10-13,190,2008-10-14 00:35:00,0,0.08192213399211484,False
1497,Logistic regression,train once,2008-10-13,190,2008-10-14 03:21:00,0,0.494109669968685,False
1498,Logistic regression,train once,2008-10-13,190,2008-10-14 03:28:00,0,0.30942442855644436,False
1499,Logistic regression,train once,2008-10-13,190,2008-10-14 03:35:00,0,0.49281987021602874,False
1500,Logistic regression,train once,2008-10-13,190,2008-10-14 13:13:00,0,0.3396409698641316,False
1501,Logistic regression,train once,2008-10-13,190,2008-10-14 13:16:00,0,0.26890904135067295,False
1502,Logistic regression,train once,2008-10-13,190,2008-10-14 14:07:00,0,0.6970539867357758,False
1503,Logistic regression,train once,2008-10-13,190,2008-10-14 14:15:00,0,0.3881888857935231,False
1504,Logistic regression,train once,2008-10-13,190,2008-10-14 14:43:00,0,0.5836693045440595,False
1505,Logistic regression,train once,2008-10-13,190,2008-10-14 17:36:00,0,0.27274870280126606,False
1506,Logistic regression,train once,2008-10-13,190,2008-10-14 19:15:00,0,0.36332953663709905,False
1507,Logistic regression,train once,2008-10-13,190,2008-10-14 20:01:00,0,0.6470121258926528,False
1508,Logistic regression,train once,2008-10-13,190,2008-10-14 20:30:00,0,0.10472607328450854,False
1509,Logistic regression,train once,2008-10-13,190,2008-10-14 20:48:00,0,0.13146724101016374,False
1510,Logistic regression,train once,2008-10-13,190,2008-10-14 21:36:00,0,0.4126449184935609,False
1511,Logistic regression,train once,2008-10-13,190,2008-10-14 23:07:00,0,0.21029138350476406,False
1512,Logistic regression,train once,2008-10-13,190,2008-10-15 00:03:00,0,0.3070509332126508,False
1513,Logistic regression,train once,2008-10-13,190,2008-10-15 00:27:00,0,0.23131695429550864,False
1514,Logistic regression,train once,2008-10-13,190,2008-10-15 00:47:00,0,0.2469698043127136,False
1515,Logistic regression,train once,2008-10-13,190,2008-10-15 01:52:00,0,0.6163082197422705,False
1516,Logistic regression,train once,2008-10-13,190,2008-10-15 01:52:00,0,0.2222668154012251,False
1517,Logistic regression,train once,2008-10-13,190,2008-10-15 01:52:00,0,0.15534313969080957,False
1518,Logistic regression,train once,2008-10-13,190,2008-10-15 02:40:00,0,0.4944381652471782,False
1519,Logistic regression,train once,2008-10-13,190,2008-10-15 02:40:00,0,0.15386198828709538,False
1520,Logistic regression,train once,2008-10-13,190,2008-10-15 02:42:00,1,0.23358002245398496,False
1521,Logistic regression,train once,2008-10-13,190,2008-10-15 03:24:00,0,0.1960906268805293,False
1522,Logistic regression,train once,2008-10-13,190,2008-10-15 04:08:00,0,0.14522059270816762,False
1523,Logistic regression,train once,2008-10-13,190,2008-10-15 05:13:00,0,0.17994139605179846,False
1524,Logistic regression,train once,2008-10-13,190,2008-10-15 05:16:00,0,0.4563259590075677,False
1525,Logistic regression,train once,2008-10-13,190,2008-10-15 06:49:00,0,0.16449477219715047,False
1526,Logistic regression,train once,2008-10-13,190,2008-10-15 07:36:00,0,0.6258709677012628,False
1527,Logistic regression,train once,2008-10-13,190,2008-10-15 07:55:00,0,0.13040904566798636,False
1528,Logistic regression,train once,2008-10-13,190,2008-10-15 08:21:00,0,0.15881695937666945,False
1529,Logistic regression,train once,2008-10-13,190,2008-10-15 09:11:00,0,0.24988104225315902,False
1530,Logistic regression,train once,2008-10-13,190,2008-10-15 10:00:00,0,0.2599422681557138,False
1531,Logistic regression,train once,2008-10-13,190,2008-10-15 12:53:00,0,0.35885089036909873,False
1532,Logistic regression,train once,2008-10-13,190,2008-10-15 13:14:00,0,0.2795486790696976,False
1533,Logistic regression,train once,2008-10-13,190,2008-10-15 13:16:00,0,0.2680963843395105,False
1534,Logistic regression,train once,2008-10-13,190,2008-10-15 14:08:00,0,0.41434841275845563,False
1535,Logistic regression,train once,2008-10-13,190,2008-10-15 15:11:00,0,0.49958467952575764,False
1536,Logistic regression,train once,2008-10-13,190,2008-10-15 16:24:00,0,0.256002138770304,False
1537,Logistic regression,train once,2008-10-13,190,2008-10-15 17:19:00,0,0.11186113003714607,False
1538,Logistic regression,train once,2008-10-13,190,2008-10-15 18:16:00,0,0.15639750877645275,False
1539,Logistic regression,train once,2008-10-13,190,2008-10-15 19:15:00,0,0.20866180313328886,False
1540,Logistic regression,train once,2008-10-13,190,2008-10-15 19:24:00,0,0.289613023996458,False
1541,Logistic regression,train once,2008-10-13,190,2008-10-15 21:44:00,0,0.4404055255621252,False
1542,Logistic regression,train once,2008-10-13,190,2008-10-15 22:45:00,0,0.2539956472438229,False
1543,Logistic regression,train once,2008-10-13,190,2008-10-15 22:54:00,0,0.6307199980183876,False
1544,Logistic regression,train once,2008-10-13,190,2008-10-15 23:00:00,0,0.3805142846216212,False
1545,Logistic regression,train once,2008-10-13,190,2008-10-15 23:45:00,0,0.509008012474426,False
1546,Logistic regression,train once,2008-10-13,190,2008-10-16 02:16:00,0,0.2051633648289946,False
1547,Logistic regression,train once,2008-10-13,190,2008-10-16 02:16:00,0,0.34353626924360775,False
1548,Logistic regression,train once,2008-10-13,190,2008-10-16 02:17:00,0,0.22135149594232123,False
1549,Logistic regression,train once,2008-10-13,190,2008-10-16 02:22:00,0,0.3673158274825697,False
1550,Logistic regression,train once,2008-10-13,190,2008-10-16 02:55:00,0,0.5391483513275763,False
1551,Logistic regression,train once,2008-10-13,190,2008-10-16 03:56:00,0,0.5281859236939528,False
1552,Logistic regression,train once,2008-10-13,190,2008-10-16 04:02:00,0,0.22818318064849685,False
1553,Logistic regression,train once,2008-10-13,190,2008-10-16 04:02:00,0,0.3416018671207761,False
1554,Logistic regression,train once,2008-10-13,190,2008-10-16 04:04:00,0,0.3533577272244448,False
1555,Logistic regression,train once,2008-10-13,190,2008-10-16 04:47:00,0,0.20311509653576318,False
1556,Logistic regression,train once,2008-10-13,190,2008-10-16 04:50:00,0,0.508754082476445,False
1557,Logistic regression,train once,2008-10-13,190,2008-10-16 04:54:00,0,0.12011626003790755,False
1558,Logistic regression,train once,2008-10-13,190,2008-10-16 05:08:00,0,0.3335271106973047,False
1559,Logistic regression,train once,2008-10-13,190,2008-10-16 05:13:00,0,0.4234670065920111,False
1560,Logistic regression,train once,2008-10-13,190,2008-10-16 05:44:00,0,0.32376113171346427,False
1561,Logistic regression,train once,2008-10-13,190,2008-10-16 05:58:00,0,0.1287024153843198,False
1562,Logistic regression,train once,2008-10-13,190,2008-10-16 15:02:00,0,0.03387476540421113,False
1563,Logistic regression,train once,2008-10-13,190,2008-10-16 15:13:00,0,0.3644883438108903,False
1564,Logistic regression,train once,2008-10-13,190,2008-10-16 20:49:00,0,0.21988595971334843,False
1565,Logistic regression,train once,2008-10-13,190,2008-10-17 05:26:00,0,0.22183908254038795,False
1566,Logistic regression,train once,2008-10-13,190,2008-10-17 06:01:00,0,0.46652005934072666,False
1567,Logistic regression,train once,2008-10-13,190,2008-10-17 06:07:00,0,0.19562439465857265,False
191,Logistic regression,"weekly, expanding",2008-08-11,190,2008-08-11 03:06:00,0,0.6665376678213032,False
192,Logistic regression,"weekly, expanding",2008-08-11,190,2008-08-11 04:09:00,0,0.28610668470033873,False
193,Logistic regression,"weekly, expanding",2008-08-11,190,2008-08-11 05:15:00,0,0.48403481780499397,False
194,Logistic regression,"weekly, expanding",2008-08-11,190,2008-08-11 11:35:00,0,0.5172443968778473,False
195,Logistic regression,"weekly, expanding",2008-08-11,190,2008-08-11 12:38:00,0,0.4439695819307555,False
196,Logistic regression,"weekly, expanding",2008-08-11,190,2008-08-12 04:23:00,0,0.2029720782256562,False
197,Logistic regression,"weekly, expanding",2008-08-11,190,2008-08-12 06:16:00,0,0.373208408588244,False
198,Logistic regression,"weekly, expanding",2008-08-11,190,2008-08-12 10:54:00,0,0.3318190237121401,False
199,Logistic regression,"weekly, expanding",2008-08-11,190,2008-08-12 11:29:00,0,0.16176144637675055,False
200,Logistic regression,"weekly, expanding",2008-08-11,190,2008-08-12 12:04:00,0,0.4132272904881708,False
201,Logistic regression,"weekly, expanding",2008-08-11,190,2008-08-13 02:48:00,0,0.41715168031605776,False
202,Logistic regression,"weekly, expanding",2008-08-11,190,2008-08-15 03:26:00,0,0.0353156148566328,False
203,Logistic regression,"weekly, expanding",2008-08-11,190,2008-08-15 04:14:00,0,0.6799727328724751,False
204,Logistic regression,"weekly, expanding",2008-08-11,190,2008-08-15 05:13:00,0,0.40336197133595675,False
205,Logistic regression,"weekly, expanding",2008-08-11,190,2008-08-15 09:38:00,0,0.22314108038992658,False
206,Logistic regression,"weekly, expanding",2008-08-11,190,2008-08-15 10:14:00,0,0.31821012296722334,False
207,Logistic regression,"weekly, expanding",2008-08-11,190,2008-08-15 11:42:00,0,0.3196567910930134,False
208,Logistic regression,"weekly, expanding",2008-08-11,190,2008-08-15 18:19:00,0,0.6040819398301124,False
209,Logistic regression,"weekly, expanding",2008-08-11,190,2008-08-15 19:19:00,0,0.22420500283389258,False
210,Logistic regression,"weekly, expanding",2008-08-11,190,2008-08-15 20:00:00,0,0.6057212931940635,False
211,Logistic regression,"weekly, expanding",2008-08-11,190,2008-08-15 20:03:00,0,0.3347688185834114,False
212,Logistic regression,"weekly, expanding",2008-08-11,190,2008-08-15 23:31:00,0,0.22053390283042826,False
213,Logistic regression,"weekly, expanding",2008-08-11,190,2008-08-16 02:21:00,0,0.5504804715000523,False
214,Logistic regression,"weekly, expanding",2008-08-11,190,2008-08-16 05:47:00,0,0.7122221010295742,True
215,Logistic regression,"weekly, expanding",2008-08-11,190,2008-08-16 06:52:00,0,0.4057856567643094,False
216,Logistic regression,"weekly, expanding",2008-08-11,190,2008-08-16 07:33:00,0,0.5596818203939695,False
217,Logistic regression,"weekly, expanding",2008-08-11,190,2008-08-16 08:39:00,0,0.5525104731184673,False
218,Logistic regression,"weekly, expanding",2008-08-11,190,2008-08-16 08:41:00,0,0.5700701738981446,False
219,Logistic regression,"weekly, expanding",2008-08-11,190,2008-08-16 09:44:00,1,0.2798706129445516,False
220,Logistic regression,"weekly, expanding",2008-08-11,190,2008-08-16 13:51:00,0,0.13683367783876396,False
221,Logistic regression,"weekly, expanding",2008-08-11,190,2008-08-16 14:30:00,0,0.2192348350496977,False
222,Logistic regression,"weekly, expanding",2008-08-11,190,2008-08-16 15:16:00,0,0.4206519909439268,False
223,Logistic regression,"weekly, expanding",2008-08-11,190,2008-08-16 15:19:00,1,0.5294385062107135,False
224,Logistic regression,"weekly, expanding",2008-08-11,190,2008-08-16 23:48:00,0,0.5812895510313522,False
225,Logistic regression,"weekly, expanding",2008-08-11,190,2008-08-17 00:52:00,0,0.3713156721122438,False
226,Logistic regression,"weekly, expanding",2008-08-11,190,2008-08-17 01:53:00,0,0.2860897585860411,False
227,Logistic regression,"weekly, expanding",2008-08-11,190,2008-08-17 03:17:00,0,0.3778348084295789,False
228,Logistic regression,"weekly, expanding",2008-08-11,190,2008-08-17 03:18:00,0,0.29947889914706716,False
229,Logistic regression,"weekly, expanding",2008-08-11,190,2008-08-17 03:46:00,0,0.642534841256119,False
230,Logistic regression,"weekly, expanding",2008-08-11,190,2008-08-17 04:19:00,0,0.5029877272066208,False
231,Logistic regression,"weekly, expanding",2008-08-11,190,2008-08-17 05:21:00,0,0.6945720023345974,False
232,Logistic regression,"weekly, expanding",2008-08-11,190,2008-08-17 12:16:00,1,0.25234184187676395,False
233,Logistic regression,"weekly, expanding",2008-08-11,190,2008-08-17 13:34:00,0,0.4774108018092481,False
234,Logistic regression,"weekly, expanding",2008-08-11,190,2008-08-17 14:21:00,0,0.3694860130232086,False
235,Logistic regression,"weekly, expanding",2008-08-11,190,2008-08-17 15:25:00,0,0.5654566439923173,False
236,Logistic regression,"weekly, expanding",2008-08-11,190,2008-08-17 21:26:00,1,0.340067048990077,False
237,Logistic regression,"weekly, expanding",2008-08-11,190,2008-08-17 22:03:00,1,0.19368602446568273,False
238,Logistic regression,"weekly, expanding",2008-08-11,190,2008-08-17 22:21:00,0,0.7316736497927416,True
239,Logistic regression,"weekly, expanding",2008-08-11,190,2008-08-17 23:04:00,1,0.15881314928865942,False
240,Logistic regression,"weekly, expanding",2008-08-11,190,2008-08-17 23:20:00,0,0.43992905115800746,False
241,Logistic regression,"weekly, expanding",2008-08-11,190,2008-08-17 23:55:00,1,0.743484154837365,True
242,Logistic regression,"weekly, expanding",2008-08-18,241,2008-08-18 00:02:00,1,0.4983708884302406,False
243,Logistic regression,"weekly, expanding",2008-08-18,241,2008-08-18 00:20:00,0,0.4048171650391297,False
244,Logistic regression,"weekly, expanding",2008-08-18,241,2008-08-18 01:23:00,1,0.2376774579305147,False
245,Logistic regression,"weekly, expanding",2008-08-18,241,2008-08-18 04:01:00,1,0.5906531477291056,False
246,Logistic regression,"weekly, expanding",2008-08-18,241,2008-08-18 04:12:00,0,0.8538638414684973,True
247,Logistic regression,"weekly, expanding",2008-08-18,241,2008-08-18 04:35:00,0,0.37597700904589076,False
248,Logistic regression,"weekly, expanding",2008-08-18,241,2008-08-18 05:03:00,0,0.46575955996146406,False
249,Logistic regression,"weekly, expanding",2008-08-18,241,2008-08-18 05:25:00,0,0.8452413239565472,True
250,Logistic regression,"weekly, expanding",2008-08-18,241,2008-08-18 06:07:00,0,0.3412581689383141,False
251,Logistic regression,"weekly, expanding",2008-08-18,241,2008-08-18 06:11:00,0,0.217320812424498,False
252,Logistic regression,"weekly, expanding",2008-08-18,241,2008-08-18 06:26:00,0,0.8087738552880037,True
253,Logistic regression,"weekly, expanding",2008-08-18,241,2008-08-18 07:11:00,0,0.23256376366113377,False
254,Logistic regression,"weekly, expanding",2008-08-18,241,2008-08-18 07:23:00,0,0.2510295122480263,False
255,Logistic regression,"weekly, expanding",2008-08-18,241,2008-08-18 07:29:00,0,0.3388186660380193,False
256,Logistic regression,"weekly, expanding",2008-08-18,241,2008-08-18 08:18:00,0,0.29411490838185994,False
257,Logistic regression,"weekly, expanding",2008-08-18,241,2008-08-18 08:31:00,0,0.49243065975756534,False
258,Logistic regression,"weekly, expanding",2008-08-18,241,2008-08-18 10:13:00,0,0.37361514351752223,False
259,Logistic regression,"weekly, expanding",2008-08-18,241,2008-08-18 11:04:00,0,0.45784824185549405,False
260,Logistic regression,"weekly, expanding",2008-08-18,241,2008-08-18 12:00:00,0,0.24797903995190373,False
261,Logistic regression,"weekly, expanding",2008-08-18,241,2008-08-18 12:06:00,0,0.3758958069037515,False
262,Logistic regression,"weekly, expanding",2008-08-18,241,2008-08-18 12:22:00,0,0.5558717707042156,False
263,Logistic regression,"weekly, expanding",2008-08-18,241,2008-08-18 12:49:00,0,0.6190349636426009,False
264,Logistic regression,"weekly, expanding",2008-08-18,241,2008-08-18 13:07:00,0,0.8011091121285837,True
265,Logistic regression,"weekly, expanding",2008-08-18,241,2008-08-18 14:01:00,0,0.22373827505273958,False
266,Logistic regression,"weekly, expanding",2008-08-18,241,2008-08-18 14:04:00,0,0.2742419106880333,False
267,Logistic regression,"weekly, expanding",2008-08-18,241,2008-08-18 14:45:00,0,0.17632559532692266,False
268,Logistic regression,"weekly, expanding",2008-08-18,241,2008-08-18 15:00:00,0,0.739292377535433,True
269,Logistic regression,"weekly, expanding",2008-08-18,241,2008-08-18 15:26:00,0,0.27751456197153085,False
270,Logistic regression,"weekly, expanding",2008-08-18,241,2008-08-18 15:30:00,0,0.13660025211074484,False
271,Logistic regression,"weekly, expanding",2008-08-18,241,2008-08-18 15:33:00,0,0.7206175926579762,True
272,Logistic regression,"weekly, expanding",2008-08-18,241,2008-08-18 15:41:00,0,0.1407158125828329,False
273,Logistic regression,"weekly, expanding",2008-08-18,241,2008-08-18 16:19:00,0,0.613922265143098,False
274,Logistic regression,"weekly, expanding",2008-08-18,241,2008-08-18 17:13:00,1,0.6212741840474209,True
275,Logistic regression,"weekly, expanding",2008-08-18,241,2008-08-18 17:16:00,0,0.4403657700378345,False
276,Logistic regression,"weekly, expanding",2008-08-18,241,2008-08-18 17:37:00,0,0.0,False
277,Logistic regression,"weekly, expanding",2008-08-18,241,2008-08-18 19:24:00,0,0.3107188994594026,False
278,Logistic regression,"weekly, expanding",2008-08-18,241,2008-08-18 19:54:00,1,0.7104703986864132,True
279,Logistic regression,"weekly, expanding",2008-08-18,241,2008-08-18 23:00:00,0,0.4854971563643735,False
280,Logistic regression,"weekly, expanding",2008-08-18,241,2008-08-18 23:03:00,0,0.44544932664033615,False
281,Logistic regression,"weekly, expanding",2008-08-18,241,2008-08-18 23:47:00,0,0.23551077668611364,False
282,Logistic regression,"weekly, expanding",2008-08-18,241,2008-08-19 01:10:00,0,0.8267313660326312,True
283,Logistic regression,"weekly, expanding",2008-08-18,241,2008-08-19 03:59:00,1,0.6720103681266391,True
284,Logistic regression,"weekly, expanding",2008-08-18,241,2008-08-19 04:58:00,0,0.4650751212819855,False
285,Logistic regression,"weekly, expanding",2008-08-18,241,2008-08-19 05:09:00,0,0.5789586348833536,False
286,Logistic regression,"weekly, expanding",2008-08-18,241,2008-08-19 05:11:00,0,0.12468865105954066,False
287,Logistic regression,"weekly, expanding",2008-08-18,241,2008-08-19 05:11:00,0,0.2364632737937045,False
288,Logistic regression,"weekly, expanding",2008-08-18,241,2008-08-19 05:40:00,0,0.5910059502046535,False
289,Logistic regression,"weekly, expanding",2008-08-18,241,2008-08-19 05:41:00,0,0.38262700790874754,False
290,Logistic regression,"weekly, expanding",2008-08-18,241,2008-08-19 05:53:00,0,0.5398449761490163,False
291,Logistic regression,"weekly, expanding",2008-08-18,241,2008-08-19 05:54:00,0,0.3254317487378443,False
292,Logistic regression,"weekly, expanding",2008-08-18,241,2008-08-19 05:56:00,1,0.5364057917138756,False
293,Logistic regression,"weekly, expanding",2008-08-18,241,2008-08-19 06:24:00,0,0.28162195619825015,False
294,Logistic regression,"weekly, expanding",2008-08-18,241,2008-08-19 07:43:00,0,0.37534544403439823,False
295,Logistic regression,"weekly, expanding",2008-08-18,241,2008-08-19 07:58:00,1,0.4304488970301216,False
296,Logistic regression,"weekly, expanding",2008-08-18,241,2008-08-19 08:01:00,0,0.23280121188683325,False
297,Logistic regression,"weekly, expanding",2008-08-18,241,2008-08-19 08:07:00,0,0.28695391181390534,False
298,Logistic regression,"weekly, expanding",2008-08-18,241,2008-08-19 08:33:00,0,0.07128482686725572,False
299,Logistic regression,"weekly, expanding",2008-08-18,241,2008-08-19 09:04:00,0,0.1854299955993312,False
300,Logistic regression,"weekly, expanding",2008-08-18,241,2008-08-19 09:05:00,0,0.1006632569617559,False
301,Logistic regression,"weekly, expanding",2008-08-18,241,2008-08-19 10:46:00,0,0.41383034457556583,False
302,Logistic regression,"weekly, expanding",2008-08-18,241,2008-08-19 11:11:00,0,0.6311031205870679,True
303,Logistic regression,"weekly, expanding",2008-08-18,241,2008-08-19 11:13:00,0,0.3250577181880054,False
304,Logistic regression,"weekly, expanding",2008-08-18,241,2008-08-19 11:13:00,0,0.86656826724271,True
305,Logistic regression,"weekly, expanding",2008-08-18,241,2008-08-19 11:28:00,0,0.20085251774446125,False
306,Logistic regression,"weekly, expanding",2008-08-18,241,2008-08-19 11:44:00,0,0.27526018493905924,False
307,Logistic regression,"weekly, expanding",2008-08-18,241,2008-08-19 11:46:00,0,0.3550089640600993,False
308,Logistic regression,"weekly, expanding",2008-08-18,241,2008-08-19 11:57:00,0,0.5129439360035711,False
309,Logistic regression,"weekly, expanding",2008-08-18,241,2008-08-19 11:58:00,0,0.6041791943682187,False
310,Logistic regression,"weekly, expanding",2008-08-18,241,2008-08-19 12:30:00,0,0.3031792939586123,False
311,Logistic regression,"weekly, expanding",2008-08-18,241,2008-08-19 15:33:00,0,0.23843540337342906,False
312,Logistic regression,"weekly, expanding",2008-08-18,241,2008-08-19 18:12:00,0,0.7460357301795045,True
313,Logistic regression,"weekly, expanding",2008-08-18,241,2008-08-19 18:12:00,0,0.2741820388744722,False
314,Logistic regression,"weekly, expanding",2008-08-18,241,2008-08-19 18:30:00,0,0.7883909865726776,True
315,Logistic regression,"weekly, expanding",2008-08-18,241,2008-08-19 18:30:00,0,0.30914522793438753,False
316,Logistic regression,"weekly, expanding",2008-08-18,241,2008-08-19 19:38:00,0,0.519840868036249,False
317,Logistic regression,"weekly, expanding",2008-08-18,241,2008-08-19 20:53:00,0,0.5792082087424054,False
318,Logistic regression,"weekly, expanding",2008-08-18,241,2008-08-20 00:05:00,0,0.3222381014697406,False
319,Logistic regression,"weekly, expanding",2008-08-18,241,2008-08-20 01:33:00,0,0.646825635581292,True
320,Logistic regression,"weekly, expanding",2008-08-18,241,2008-08-20 01:42:00,0,0.26428719629422875,False
321,Logistic regression,"weekly, expanding",2008-08-18,241,2008-08-20 02:13:00,0,0.4390051497124385,False
322,Logistic regression,"weekly, expanding",2008-08-18,241,2008-08-20 02:27:00,1,0.2220014927794332,False
323,Logistic regression,"weekly, expanding",2008-08-18,241,2008-08-20 03:00:00,0,0.8355880070917451,True
324,Logistic regression,"weekly, expanding",2008-08-18,241,2008-08-20 03:12:00,1,0.2320060206789495,False
325,Logistic regression,"weekly, expanding",2008-08-18,241,2008-08-20 06:36:00,0,0.3874210568123126,False
326,Logistic regression,"weekly, expanding",2008-08-18,241,2008-08-20 07:12:00,0,0.5629495689917562,False
327,Logistic regression,"weekly, expanding",2008-08-18,241,2008-08-20 08:40:00,1,0.5119694178678653,False
328,Logistic regression,"weekly, expanding",2008-08-18,241,2008-08-20 09:17:00,1,0.3052746915412936,False
329,Logistic regression,"weekly, expanding",2008-08-18,241,2008-08-20 10:26:00,0,0.16449210845019932,False
330,Logistic regression,"weekly, expanding",2008-08-18,241,2008-08-20 16:08:00,0,0.5386256716193956,False
331,Logistic regression,"weekly, expanding",2008-08-18,241,2008-08-20 16:16:00,0,0.36764517309753053,False
332,Logistic regression,"weekly, expanding",2008-08-18,241,2008-08-20 17:09:00,0,0.2537105267044464,False
333,Logistic regression,"weekly, expanding",2008-08-18,241,2008-08-20 17:35:00,0,0.31315047238806365,False
334,Logistic regression,"weekly, expanding",2008-08-18,241,2008-08-20 17:36:00,0,0.23238361925125947,False
335,Logistic regression,"weekly, expanding",2008-08-18,241,2008-08-20 18:29:00,0,0.5052413857519376,False
336,Logistic regression,"weekly, expanding",2008-08-18,241,2008-08-20 18:35:00,0,0.6512844007894595,True
337,Logistic regression,"weekly, expanding",2008-08-18,241,2008-08-20 19:20:00,1,0.35642595766292706,False
338,Logistic regression,"weekly, expanding",2008-08-18,241,2008-08-20 20:19:00,0,0.5006441886101697,False
339,Logistic regression,"weekly, expanding",2008-08-18,241,2008-08-20 21:33:00,0,0.4505840914499571,False
340,Logistic regression,"weekly, expanding",2008-08-18,241,2008-08-20 21:41:00,0,0.43158683848948737,False
341,Logistic regression,"weekly, expanding",2008-08-18,241,2008-08-20 21:58:00,0,0.2580143761547656,False
342,Logistic regression,"weekly, expanding",2008-08-18,241,2008-08-20 22:13:00,0,0.8957876899948545,True
343,Logistic regression,"weekly, expanding",2008-08-18,241,2008-08-20 22:45:00,0,0.41744993395621965,False
344,Logistic regression,"weekly, expanding",2008-08-18,241,2008-08-20 23:18:00,0,0.31984288170766945,False
345,Logistic regression,"weekly, expanding",2008-08-18,241,2008-08-20 23:43:00,1,0.3143513238632463,False
346,Logistic regression,"weekly, expanding",2008-08-18,241,2008-08-21 02:11:00,0,0.6018503976576333,False
347,Logistic regression,"weekly, expanding",2008-08-18,241,2008-08-21 02:46:00,0,0.40711197906885493,False
348,Logistic regression,"weekly, expanding",2008-08-18,241,2008-08-21 04:22:00,0,0.9803898992654076,True
349,Logistic regression,"weekly, expanding",2008-08-18,241,2008-08-21 04:29:00,0,0.22565829519235509,False
350,Logistic regression,"weekly, expanding",2008-08-18,241,2008-08-21 05:06:00,0,0.10743902298863829,False
351,Logistic regression,"weekly, expanding",2008-08-18,241,2008-08-21 05:15:00,0,0.2833385639868159,False
352,Logistic regression,"weekly, expanding",2008-08-18,241,2008-08-21 06:10:00,1,0.558608615162603,False
353,Logistic regression,"weekly, expanding",2008-08-18,241,2008-08-21 11:22:00,0,0.14880400395339524,False
354,Logistic regression,"weekly, expanding",2008-08-18,241,2008-08-21 12:00:00,0,0.21646805785436524,False
355,Logistic regression,"weekly, expanding",2008-08-18,241,2008-08-21 12:31:00,0,0.5803994487086058,False
356,Logistic regression,"weekly, expanding",2008-08-18,241,2008-08-21 12:33:00,0,0.28542945789462076,False
357,Logistic regression,"weekly, expanding",2008-08-18,241,2008-08-21 12:43:00,0,0.17054701055845833,False
358,Logistic regression,"weekly, expanding",2008-08-18,241,2008-08-21 12:52:00,0,0.15433158531270066,False
359,Logistic regression,"weekly, expanding",2008-08-18,241,2008-08-21 13:11:00,0,0.3575357999594414,False
360,Logistic regression,"weekly, expanding",2008-08-18,241,2008-08-21 13:19:00,0,0.33434148165925653,False
361,Logistic regression,"weekly, expanding",2008-08-18,241,2008-08-21 13:29:00,0,0.7084972828218575,True
362,Logistic regression,"weekly, expanding",2008-08-18,241,2008-08-21 13:45:00,0,0.15661525806578452,False
363,Logistic regression,"weekly, expanding",2008-08-18,241,2008-08-21 14:47:00,0,0.6670373632663754,True
364,Logistic regression,"weekly, expanding",2008-08-18,241,2008-08-21 15:05:00,0,0.48012108879637666,False
365,Logistic regression,"weekly, expanding",2008-08-18,241,2008-08-21 15:06:00,0,0.6419516040109441,True
366,Logistic regression,"weekly, expanding",2008-08-18,241,2008-08-21 15:32:00,0,0.7001184518923402,True
367,Logistic regression,"weekly, expanding",2008-08-18,241,2008-08-21 15:48:00,0,0.27700552230657693,False
368,Logistic regression,"weekly, expanding",2008-08-18,241,2008-08-21 15:50:00,0,0.030311394330856067,False
369,Logistic regression,"weekly, expanding",2008-08-18,241,2008-08-21 16:19:00,1,0.6555414089708954,True
370,Logistic regression,"weekly, expanding",2008-08-18,241,2008-08-21 16:36:00,0,0.15303566150503858,False
371,Logistic regression,"weekly, expanding",2008-08-18,241,2008-08-21 17:25:00,0,0.19299706380476342,False
372,Logistic regression,"weekly, expanding",2008-08-18,241,2008-08-21 17:44:00,0,0.07297219498813091,False
373,Logistic regression,"weekly, expanding",2008-08-18,241,2008-08-21 18:04:00,0,0.5655272546228853,False
374,Logistic regression,"weekly, expanding",2008-08-18,241,2008-08-21 18:05:00,1,0.1286037058651392,False
375,Logistic regression,"weekly, expanding",2008-08-18,241,2008-08-21 18:39:00,0,0.40886748516826593,False
376,Logistic regression,"weekly, expanding",2008-08-18,241,2008-08-21 18:53:00,0,0.9899012350828847,True
377,Logistic regression,"weekly, expanding",2008-08-18,241,2008-08-21 19:12:00,0,0.25521767998986195,False
378,Logistic regression,"weekly, expanding",2008-08-18,241,2008-08-21 19:12:00,0,0.43046917391889755,False
379,Logistic regression,"weekly, expanding",2008-08-18,241,2008-08-21 19:46:00,0,0.2805975971841607,False
380,Logistic regression,"weekly, expanding",2008-08-18,241,2008-08-21 20:19:00,0,0.2704848636063666,False
381,Logistic regression,"weekly, expanding",2008-08-18,241,2008-08-21 20:21:00,0,0.6256035179640195,True
382,Logistic regression,"weekly, expanding",2008-08-18,241,2008-08-21 20:37:00,0,0.44390663767228716,False
383,Logistic regression,"weekly, expanding",2008-08-18,241,2008-08-21 21:32:00,0,0.42602023128118177,False
384,Logistic regression,"weekly, expanding",2008-08-18,241,2008-08-21 22:25:00,0,0.24482746093042448,False
385,Logistic regression,"weekly, expanding",2008-08-18,241,2008-08-21 22:41:00,0,0.8546887090236768,True
386,Logistic regression,"weekly, expanding",2008-08-18,241,2008-08-21 23:08:00,0,0.5752261483934931,False
387,Logistic regression,"weekly, expanding",2008-08-18,241,2008-08-21 23:27:00,0,0.7253752986582964,True
388,Logistic regression,"weekly, expanding",2008-08-18,241,2008-08-21 23:53:00,0,0.473035679966344,False
389,Logistic regression,"weekly, expanding",2008-08-18,241,2008-08-21 23:57:00,0,0.4701069064892182,False
390,Logistic regression,"weekly, expanding",2008-08-18,241,2008-08-22 00:43:00,0,0.5141177364538444,False
391,Logistic regression,"weekly, expanding",2008-08-18,241,2008-08-22 00:44:00,0,0.2687406963141903,False
392,Logistic regression,"weekly, expanding",2008-08-18,241,2008-08-22 00:47:00,0,0.4186665952672184,False
393,Logistic regression,"weekly, expanding",2008-08-18,241,2008-08-22 01:04:00,1,0.2153921320398012,False
394,Logistic regression,"weekly, expanding",2008-08-18,241,2008-08-22 01:26:00,0,0.2801439506160275,False
395,Logistic regression,"weekly, expanding",2008-08-18,241,2008-08-22 01:27:00,0,0.38152347401361275,False
396,Logistic regression,"weekly, expanding",2008-08-18,241,2008-08-22 01:54:00,0,0.7797659291706901,True
397,Logistic regression,"weekly, expanding",2008-08-18,241,2008-08-22 02:01:00,0,0.2877402017140967,False
398,Logistic regression,"weekly, expanding",2008-08-18,241,2008-08-22 02:25:00,0,0.375284513937638,False
399,Logistic regression,"weekly, expanding",2008-08-18,241,2008-08-22 02:52:00,0,0.8563564815988051,True
400,Logistic regression,"weekly, expanding",2008-08-18,241,2008-08-22 03:18:00,0,0.1190115736158733,False
401,Logistic regression,"weekly, expanding",2008-08-18,241,2008-08-22 03:58:00,0,0.44446156862008757,False
402,Logistic regression,"weekly, expanding",2008-08-18,241,2008-08-22 04:40:00,0,0.6819741595837041,True
403,Logistic regression,"weekly, expanding",2008-08-18,241,2008-08-22 04:57:00,0,0.5301118903885157,False
404,Logistic regression,"weekly, expanding",2008-08-18,241,2008-08-22 05:21:00,0,0.11492658645687284,False
405,Logistic regression,"weekly, expanding",2008-08-18,241,2008-08-22 05:31:00,0,0.279177226007598,False
406,Logistic regression,"weekly, expanding",2008-08-18,241,2008-08-22 05:32:00,0,0.19056346799655294,False
407,Logistic regression,"weekly, expanding",2008-08-18,241,2008-08-22 06:00:00,1,0.41366024904287263,False
408,Logistic regression,"weekly, expanding",2008-08-18,241,2008-08-22 07:04:00,0,0.6183070853784579,False
409,Logistic regression,"weekly, expanding",2008-08-18,241,2008-08-22 07:17:00,0,0.8982570489587822,True
410,Logistic regression,"weekly, expanding",2008-08-18,241,2008-08-22 07:27:00,0,0.3274945819344165,False
411,Logistic regression,"weekly, expanding",2008-08-18,241,2008-08-22 09:29:00,0,0.08646729566382502,False
412,Logistic regression,"weekly, expanding",2008-08-18,241,2008-08-22 09:29:00,0,0.502428548660091,False
413,Logistic regression,"weekly, expanding",2008-08-18,241,2008-08-22 10:01:00,0,0.5527014124677845,False
414,Logistic regression,"weekly, expanding",2008-08-18,241,2008-08-22 10:18:00,0,0.5901029427595096,False
415,Logistic regression,"weekly, expanding",2008-08-18,241,2008-08-22 10:47:00,0,0.5614756547280076,False
416,Logistic regression,"weekly, expanding",2008-08-18,241,2008-08-22 11:32:00,0,0.4568163934633259,False
417,Logistic regression,"weekly, expanding",2008-08-18,241,2008-08-22 12:13:00,0,0.10680048409798754,False
418,Logistic regression,"weekly, expanding",2008-08-18,241,2008-08-22 12:37:00,0,0.6967137252083984,True
419,Logistic regression,"weekly, expanding",2008-08-18,241,2008-08-22 12:42:00,0,0.6071971055216353,False
420,Logistic regression,"weekly, expanding",2008-08-18,241,2008-08-22 13:22:00,0,0.43859903834482933,False
421,Logistic regression,"weekly, expanding",2008-08-18,241,2008-08-22 14:45:00,0,0.778175633924377,True
422,Logistic regression,"weekly, expanding",2008-08-18,241,2008-08-22 15:25:00,0,0.6028848202357414,False
423,Logistic regression,"weekly, expanding",2008-08-18,241,2008-08-22 15:39:00,0,0.32796252711290536,False
424,Logistic regression,"weekly, expanding",2008-08-18,241,2008-08-22 15:54:00,0,0.999068319736515,True
425,Logistic regression,"weekly, expanding",2008-08-18,241,2008-08-22 19:14:00,1,0.4000016933808739,False
426,Logistic regression,"weekly, expanding",2008-08-18,241,2008-08-22 23:46:00,0,0.5360112164752261,False
427,Logistic regression,"weekly, expanding",2008-08-18,241,2008-08-22 23:47:00,0,0.976467535230018,True
428,Logistic regression,"weekly, expanding",2008-08-18,241,2008-08-22 23:49:00,0,0.5219341914189238,False
429,Logistic regression,"weekly, expanding",2008-08-18,241,2008-08-22 23:56:00,0,0.42761364026149934,False
430,Logistic regression,"weekly, expanding",2008-08-18,241,2008-08-23 02:04:00,0,0.42648923253636356,False
431,Logistic regression,"weekly, expanding",2008-08-18,241,2008-08-23 03:26:00,0,0.4438723666207572,False
432,Logistic regression,"weekly, expanding",2008-08-18,241,2008-08-23 04:50:00,0,0.3156073770810412,False
433,Logistic regression,"weekly, expanding",2008-08-18,241,2008-08-23 04:52:00,0,0.6356088304576298,True
434,Logistic regression,"weekly, expanding",2008-08-18,241,2008-08-23 05:57:00,0,0.32070761599234343,False
435,Logistic regression,"weekly, expanding",2008-08-18,241,2008-08-23 05:57:00,0,0.27866296723248385,False
436,Logistic regression,"weekly, expanding",2008-08-18,241,2008-08-23 05:58:00,0,0.604868002397861,False
437,Logistic regression,"weekly, expanding",2008-08-18,241,2008-08-23 05:58:00,0,0.13140914135127144,False
438,Logistic regression,"weekly, expanding",2008-08-18,241,2008-08-23 09:24:00,0,0.32990716827171596,False
439,Logistic regression,"weekly, expanding",2008-08-18,241,2008-08-23 12:58:00,0,0.8552398436739015,True
440,Logistic regression,"weekly, expanding",2008-08-18,241,2008-08-23 13:02:00,0,0.9096233256238283,True
441,Logistic regression,"weekly, expanding",2008-08-18,241,2008-08-23 15:10:00,0,0.33929881368681114,False
442,Logistic regression,"weekly, expanding",2008-08-18,241,2008-08-23 15:29:00,1,0.3690843665620698,False
443,Logistic regression,"weekly, expanding",2008-08-18,241,2008-08-24 02:32:00,0,0.2567944993784786,False
444,Logistic regression,"weekly, expanding",2008-08-18,241,2008-08-24 04:00:00,0,0.7355849220081935,True
445,Logistic regression,"weekly, expanding",2008-08-18,241,2008-08-24 07:12:00,0,0.41845351908021833,False
446,Logistic regression,"weekly, expanding",2008-08-18,241,2008-08-24 07:14:00,0,0.7619612609630467,True
447,Logistic regression,"weekly, expanding",2008-08-18,241,2008-08-24 10:09:00,0,0.24153668261313305,False
448,Logistic regression,"weekly, expanding",2008-08-18,241,2008-08-24 10:14:00,0,0.2527426363479,False
449,Logistic regression,"weekly, expanding",2008-08-18,241,2008-08-24 13:03:00,1,0.5934207440459798,False
450,Logistic regression,"weekly, expanding",2008-08-25,449,2008-08-25 09:29:00,0,0.389770222782369,False
451,Logistic regression,"weekly, expanding",2008-08-25,449,2008-08-27 00:46:00,0,0.11198163190686955,False
452,Logistic regression,"weekly, expanding",2008-08-25,449,2008-08-27 11:38:00,0,0.32629563373585946,False
453,Logistic regression,"weekly, expanding",2008-08-25,449,2008-08-27 12:22:00,0,0.3479143870048197,False
454,Logistic regression,"weekly, expanding",2008-08-25,449,2008-08-27 13:35:00,0,0.3059476158612846,False
455,Logistic regression,"weekly, expanding",2008-08-25,449,2008-08-27 14:18:00,0,0.44107245312124954,False
456,Logistic regression,"weekly, expanding",2008-08-25,449,2008-08-27 17:14:00,0,0.20289325191508448,False
457,Logistic regression,"weekly, expanding",2008-08-25,449,2008-08-27 22:48:00,0,0.2251141110560543,False
458,Logistic regression,"weekly, expanding",2008-08-25,449,2008-08-27 22:58:00,0,0.21813465171606175,False
459,Logistic regression,"weekly, expanding",2008-08-25,449,2008-08-28 03:03:00,0,0.6162984869554005,False
460,Logistic regression,"weekly, expanding",2008-08-25,449,2008-08-28 03:04:00,0,0.39384109524887606,False
461,Logistic regression,"weekly, expanding",2008-08-25,449,2008-08-28 03:29:00,0,0.4981423841821113,False
462,Logistic regression,"weekly, expanding",2008-08-25,449,2008-08-28 03:38:00,0,0.1386859125055648,False
463,Logistic regression,"weekly, expanding",2008-08-25,449,2008-08-28 03:45:00,0,0.5372469734612096,False
464,Logistic regression,"weekly, expanding",2008-08-25,449,2008-08-28 04:10:00,0,0.37155313195646444,False
465,Logistic regression,"weekly, expanding",2008-08-25,449,2008-08-28 04:20:00,0,0.42639452791075705,False
466,Logistic regression,"weekly, expanding",2008-08-25,449,2008-08-28 04:54:00,0,0.5632447027701837,False
467,Logistic regression,"weekly, expanding",2008-08-25,449,2008-08-28 05:00:00,0,0.2277784419313253,False
468,Logistic regression,"weekly, expanding",2008-08-25,449,2008-08-28 06:15:00,0,0.4262567271153738,False
469,Logistic regression,"weekly, expanding",2008-08-25,449,2008-08-28 06:39:00,0,0.4255670156019955,False
470,Logistic regression,"weekly, expanding",2008-08-25,449,2008-08-28 06:56:00,0,0.2936822712939155,False
471,Logistic regression,"weekly, expanding",2008-08-25,449,2008-08-28 07:40:00,0,0.43164273647103774,False
472,Logistic regression,"weekly, expanding",2008-08-25,449,2008-08-28 07:51:00,0,0.2607519816421209,False
473,Logistic regression,"weekly, expanding",2008-08-25,449,2008-08-28 08:41:00,0,0.239927051703179,False
474,Logistic regression,"weekly, expanding",2008-08-25,449,2008-08-28 09:46:00,0,0.4755951783570257,False
475,Logistic regression,"weekly, expanding",2008-08-25,449,2008-08-28 09:49:00,0,0.5005374059433455,False
476,Logistic regression,"weekly, expanding",2008-08-25,449,2008-08-28 10:15:00,0,0.4127645220173318,False
477,Logistic regression,"weekly, expanding",2008-08-25,449,2008-08-28 10:28:00,0,0.31336383233532217,False
478,Logistic regression,"weekly, expanding",2008-08-25,449,2008-08-28 10:32:00,0,0.3498046985196832,False
479,Logistic regression,"weekly, expanding",2008-08-25,449,2008-08-28 11:19:00,0,0.5045008181512145,False
480,Logistic regression,"weekly, expanding",2008-08-25,449,2008-08-28 12:44:00,0,0.29682977661763704,False
481,Logistic regression,"weekly, expanding",2008-08-25,449,2008-08-28 14:48:00,0,0.35499682819672906,False
482,Logistic regression,"weekly, expanding",2008-08-25,449,2008-08-28 15:19:00,0,0.1294025590629216,False
483,Logistic regression,"weekly, expanding",2008-08-25,449,2008-08-28 16:01:00,0,0.06848526298100031,False
484,Logistic regression,"weekly, expanding",2008-08-25,449,2008-08-28 16:43:00,0,0.7439988349630327,True
485,Logistic regression,"weekly, expanding",2008-08-25,449,2008-08-28 16:52:00,0,0.2674581747965123,False
486,Logistic regression,"weekly, expanding",2008-08-25,449,2008-08-28 17:21:00,0,0.26111287190488136,False
487,Logistic regression,"weekly, expanding",2008-08-25,449,2008-08-28 17:27:00,0,0.24671273859866535,False
488,Logistic regression,"weekly, expanding",2008-08-25,449,2008-08-28 17:32:00,0,0.4756283528365688,False
489,Logistic regression,"weekly, expanding",2008-08-25,449,2008-08-28 18:05:00,0,0.1721104685949893,False
490,Logistic regression,"weekly, expanding",2008-08-25,449,2008-08-28 18:10:00,0,0.3215883651951476,False
491,Logistic regression,"weekly, expanding",2008-08-25,449,2008-08-28 18:15:00,0,0.11843768752117514,False
492,Logistic regression,"weekly, expanding",2008-08-25,449,2008-08-28 18:25:00,0,0.2530677831089878,False
493,Logistic regression,"weekly, expanding",2008-08-25,449,2008-08-28 18:47:00,0,0.2666415958083418,False
494,Logistic regression,"weekly, expanding",2008-08-25,449,2008-08-28 18:57:00,0,0.35223667803019054,False
495,Logistic regression,"weekly, expanding",2008-08-25,449,2008-08-28 20:20:00,0,0.6233119572561736,False
496,Logistic regression,"weekly, expanding",2008-08-25,449,2008-08-28 20:39:00,1,0.41624244095869434,False
497,Logistic regression,"weekly, expanding",2008-08-25,449,2008-08-28 21:03:00,0,0.2552474535141402,False
498,Logistic regression,"weekly, expanding",2008-08-25,449,2008-08-28 21:52:00,0,0.04408970181542492,False
499,Logistic regression,"weekly, expanding",2008-08-25,449,2008-08-28 22:57:00,0,0.39789209768006933,False
500,Logistic regression,"weekly, expanding",2008-08-25,449,2008-08-28 23:40:00,0,0.7332480434108225,True
501,Logistic regression,"weekly, expanding",2008-08-25,449,2008-08-28 23:42:00,0,0.41167810879601574,False
502,Logistic regression,"weekly, expanding",2008-08-25,449,2008-08-29 00:49:00,0,0.279169313621511,False
503,Logistic regression,"weekly, expanding",2008-08-25,449,2008-08-29 01:06:00,0,0.6182273615469833,False
504,Logistic regression,"weekly, expanding",2008-08-25,449,2008-08-29 02:38:00,0,0.27217812520075196,False
505,Logistic regression,"weekly, expanding",2008-08-25,449,2008-08-29 02:39:00,0,0.40281110244584384,False
506,Logistic regression,"weekly, expanding",2008-08-25,449,2008-08-29 03:27:00,0,0.5435965017562492,False
507,Logistic regression,"weekly, expanding",2008-08-25,449,2008-08-29 03:33:00,0,0.47169501043055473,False
508,Logistic regression,"weekly, expanding",2008-08-25,449,2008-08-29 03:46:00,0,0.3801712557181754,False
509,Logistic regression,"weekly, expanding",2008-08-25,449,2008-08-29 04:55:00,1,0.16048904888157794,False
510,Logistic regression,"weekly, expanding",2008-08-25,449,2008-08-29 04:56:00,0,0.23294622371635673,False
511,Logistic regression,"weekly, expanding",2008-08-25,449,2008-08-29 05:16:00,0,0.12365542718718592,False
512,Logistic regression,"weekly, expanding",2008-08-25,449,2008-08-29 05:54:00,0,0.4919848579165882,False
513,Logistic regression,"weekly, expanding",2008-08-25,449,2008-08-29 05:54:00,0,0.295187653023647,False
514,Logistic regression,"weekly, expanding",2008-08-25,449,2008-08-29 05:57:00,0,0.4029221487384516,False
515,Logistic regression,"weekly, expanding",2008-08-25,449,2008-08-29 05:57:00,0,0.5089589778046826,False
516,Logistic regression,"weekly, expanding",2008-08-25,449,2008-08-29 06:35:00,0,0.27558535764572356,False
517,Logistic regression,"weekly, expanding",2008-08-25,449,2008-08-29 06:37:00,0,0.3832082639716858,False
518,Logistic regression,"weekly, expanding",2008-08-25,449,2008-08-29 06:40:00,0,0.4633850607602339,False
519,Logistic regression,"weekly, expanding",2008-08-25,449,2008-08-29 06:45:00,1,0.5870327930221161,False
520,Logistic regression,"weekly, expanding",2008-08-25,449,2008-08-29 06:54:00,0,0.42706217128214197,False
521,Logistic regression,"weekly, expanding",2008-08-25,449,2008-08-29 07:18:00,0,0.5897744115983109,False
522,Logistic regression,"weekly, expanding",2008-08-25,449,2008-08-29 07:22:00,0,0.6099961771313149,False
523,Logistic regression,"weekly, expanding",2008-08-25,449,2008-08-29 07:24:00,0,0.5945574876486261,False
524,Logistic regression,"weekly, expanding",2008-08-25,449,2008-08-29 07:33:00,0,0.6719974332064131,False
525,Logistic regression,"weekly, expanding",2008-08-25,449,2008-08-29 07:33:00,0,0.15729449263986553,False
526,Logistic regression,"weekly, expanding",2008-08-25,449,2008-08-29 08:10:00,0,0.16686758950103905,False
527,Logistic regression,"weekly, expanding",2008-08-25,449,2008-08-29 08:20:00,0,0.5297083443060155,False
528,Logistic regression,"weekly, expanding",2008-08-25,449,2008-08-29 08:41:00,0,0.5439907693230425,False
529,Logistic regression,"weekly, expanding",2008-08-25,449,2008-08-29 08:45:00,0,0.6996014469870602,False
530,Logistic regression,"weekly, expanding",2008-08-25,449,2008-08-29 12:21:00,0,0.4968220738596796,False
531,Logistic regression,"weekly, expanding",2008-08-25,449,2008-08-29 12:22:00,0,0.42983283596327093,False
532,Logistic regression,"weekly, expanding",2008-08-25,449,2008-08-29 12:37:00,0,0.3415990675500411,False
533,Logistic regression,"weekly, expanding",2008-08-25,449,2008-08-29 13:04:00,0,0.6538544177688471,False
534,Logistic regression,"weekly, expanding",2008-08-25,449,2008-08-29 13:14:00,0,0.3320764422474207,False
535,Logistic regression,"weekly, expanding",2008-08-25,449,2008-08-29 13:27:00,0,0.44708631595236437,False
536,Logistic regression,"weekly, expanding",2008-08-25,449,2008-08-29 13:49:00,0,0.5217992834781264,False
537,Logistic regression,"weekly, expanding",2008-08-25,449,2008-08-29 14:11:00,0,0.43582745280359625,False
538,Logistic regression,"weekly, expanding",2008-08-25,449,2008-08-29 14:18:00,0,0.24609433108436266,False
539,Logistic regression,"weekly, expanding",2008-08-25,449,2008-08-29 14:30:00,0,0.3446367775450864,False
540,Logistic regression,"weekly, expanding",2008-08-25,449,2008-08-29 15:01:00,0,1.0,True
541,Logistic regression,"weekly, expanding",2008-08-25,449,2008-08-29 15:43:00,0,0.35227968439758045,False
542,Logistic regression,"weekly, expanding",2008-08-25,449,2008-08-29 16:26:00,0,0.3959939581699157,False
543,Logistic regression,"weekly, expanding",2008-08-25,449,2008-08-29 20:21:00,0,0.6577017508819242,False
544,Logistic regression,"weekly, expanding",2008-08-25,449,2008-08-29 20:49:00,0,0.17898504780781013,False
545,Logistic regression,"weekly, expanding",2008-08-25,449,2008-08-29 21:25:00,0,0.26970743862269375,False
546,Logistic regression,"weekly, expanding",2008-08-25,449,2008-08-29 21:46:00,0,0.19342586551281657,False
547,Logistic regression,"weekly, expanding",2008-08-25,449,2008-08-29 21:54:00,0,0.264084320824509,False
548,Logistic regression,"weekly, expanding",2008-08-25,449,2008-08-29 22:11:00,0,0.2233153565074748,False
549,Logistic regression,"weekly, expanding",2008-08-25,449,2008-08-29 22:45:00,0,0.5543801458820299,False
550,Logistic regression,"weekly, expanding",2008-08-25,449,2008-08-29 22:49:00,0,0.5079831112579164,False
551,Logistic regression,"weekly, expanding",2008-08-25,449,2008-08-29 22:56:00,0,0.5680577529373141,False
552,Logistic regression,"weekly, expanding",2008-08-25,449,2008-08-30 00:01:00,0,0.5030120243406528,False
553,Logistic regression,"weekly, expanding",2008-08-25,449,2008-08-30 00:05:00,0,0.49892383167037835,False
554,Logistic regression,"weekly, expanding",2008-08-25,449,2008-08-30 00:57:00,0,0.27579052396523157,False
555,Logistic regression,"weekly, expanding",2008-08-25,449,2008-08-30 01:29:00,0,0.22191517336204883,False
556,Logistic regression,"weekly, expanding",2008-08-25,449,2008-08-30 02:08:00,0,0.5899085989857071,False
557,Logistic regression,"weekly, expanding",2008-08-25,449,2008-08-30 02:22:00,0,0.7675698305977986,True
558,Logistic regression,"weekly, expanding",2008-08-25,449,2008-08-30 02:32:00,0,0.513138378062272,False
559,Logistic regression,"weekly, expanding",2008-08-25,449,2008-08-30 02:39:00,0,0.36898416578456256,False
560,Logistic regression,"weekly, expanding",2008-08-25,449,2008-08-30 02:50:00,0,0.25323341491781354,False
561,Logistic regression,"weekly, expanding",2008-08-25,449,2008-08-30 03:10:00,0,0.30987559280691235,False
562,Logistic regression,"weekly, expanding",2008-08-25,449,2008-08-30 04:20:00,0,0.23054239670606816,False
563,Logistic regression,"weekly, expanding",2008-08-25,449,2008-08-30 04:24:00,0,0.2823889335476208,False
564,Logistic regression,"weekly, expanding",2008-08-25,449,2008-08-30 04:55:00,0,0.5723699460376718,False
565,Logistic regression,"weekly, expanding",2008-08-25,449,2008-08-30 05:05:00,0,0.5723758612559554,False
566,Logistic regression,"weekly, expanding",2008-08-25,449,2008-08-30 05:05:00,0,0.4990821026991138,False
567,Logistic regression,"weekly, expanding",2008-08-25,449,2008-08-30 05:38:00,0,0.28640925981936166,False
568,Logistic regression,"weekly, expanding",2008-08-25,449,2008-08-30 05:51:00,0,0.4848170770804337,False
569,Logistic regression,"weekly, expanding",2008-08-25,449,2008-08-30 07:50:00,0,0.11016447416548687,False
570,Logistic regression,"weekly, expanding",2008-08-25,449,2008-08-30 07:54:00,0,0.25221782251315344,False
571,Logistic regression,"weekly, expanding",2008-08-25,449,2008-08-30 08:10:00,0,0.2646426848948453,False
572,Logistic regression,"weekly, expanding",2008-08-25,449,2008-08-30 08:29:00,0,0.4012012886839034,False
573,Logistic regression,"weekly, expanding",2008-08-25,449,2008-08-30 08:42:00,0,0.23900993018817082,False
574,Logistic regression,"weekly, expanding",2008-08-25,449,2008-08-30 08:53:00,0,0.4647493929392949,False
575,Logistic regression,"weekly, expanding",2008-08-25,449,2008-08-30 09:13:00,0,0.48412172328364905,False
576,Logistic regression,"weekly, expanding",2008-08-25,449,2008-08-30 09:37:00,0,0.43369788453890235,False
577,Logistic regression,"weekly, expanding",2008-08-25,449,2008-08-30 09:45:00,1,0.9827814706855695,True
578,Logistic regression,"weekly, expanding",2008-08-25,449,2008-08-30 10:15:00,0,0.22531121966382406,False
579,Logistic regression,"weekly, expanding",2008-08-25,449,2008-08-30 10:16:00,0,0.7394602917581976,True
580,Logistic regression,"weekly, expanding",2008-08-25,449,2008-08-30 11:12:00,0,0.6488210459245217,False
581,Logistic regression,"weekly, expanding",2008-08-25,449,2008-08-30 11:14:00,0,0.3352604991901992,False
582,Logistic regression,"weekly, expanding",2008-08-25,449,2008-08-30 11:18:00,0,0.5709043142725979,False
583,Logistic regression,"weekly, expanding",2008-08-25,449,2008-08-30 11:57:00,0,0.3234496882829573,False
584,Logistic regression,"weekly, expanding",2008-08-25,449,2008-08-30 14:10:00,1,0.23336421421641598,False
585,Logistic regression,"weekly, expanding",2008-08-25,449,2008-08-30 14:23:00,0,0.6327862941954102,False
586,Logistic regression,"weekly, expanding",2008-08-25,449,2008-08-30 14:37:00,0,0.3902425527713062,False
587,Logistic regression,"weekly, expanding",2008-08-25,449,2008-08-30 15:06:00,0,0.6917246620178091,False
588,Logistic regression,"weekly, expanding",2008-08-25,449,2008-08-30 15:16:00,0,0.5011889651315394,False
589,Logistic regression,"weekly, expanding",2008-08-25,449,2008-08-30 15:37:00,0,0.35829907987614945,False
590,Logistic regression,"weekly, expanding",2008-08-25,449,2008-08-30 15:50:00,0,0.7269337144645319,True
591,Logistic regression,"weekly, expanding",2008-08-25,449,2008-08-30 15:57:00,0,0.5454372041889844,False
592,Logistic regression,"weekly, expanding",2008-08-25,449,2008-08-30 16:24:00,0,0.37153118529185797,False
593,Logistic regression,"weekly, expanding",2008-08-25,449,2008-08-30 17:05:00,0,0.8210355819770512,True
594,Logistic regression,"weekly, expanding",2008-08-25,449,2008-08-30 17:49:00,0,0.19550745479400464,False
595,Logistic regression,"weekly, expanding",2008-08-25,449,2008-08-30 19:21:00,0,0.41514829929734126,False
596,Logistic regression,"weekly, expanding",2008-08-25,449,2008-08-30 19:27:00,0,0.44245784531061283,False
597,Logistic regression,"weekly, expanding",2008-08-25,449,2008-08-30 20:11:00,0,0.6266555833439699,False
598,Logistic regression,"weekly, expanding",2008-08-25,449,2008-08-30 20:53:00,0,0.9357352941078351,True
599,Logistic regression,"weekly, expanding",2008-08-25,449,2008-08-30 21:53:00,0,0.22668507316495698,False
600,Logistic regression,"weekly, expanding",2008-08-25,449,2008-08-30 23:51:00,0,0.17584503639125748,False
601,Logistic regression,"weekly, expanding",2008-08-25,449,2008-08-31 02:57:00,0,0.6579092512789507,False
602,Logistic regression,"weekly, expanding",2008-08-25,449,2008-08-31 04:46:00,1,0.5759108444514995,False
603,Logistic regression,"weekly, expanding",2008-08-25,449,2008-08-31 05:05:00,0,0.6355250556914938,False
604,Logistic regression,"weekly, expanding",2008-08-25,449,2008-08-31 09:11:00,0,0.41214086781951104,False
605,Logistic regression,"weekly, expanding",2008-08-25,449,2008-08-31 10:36:00,0,0.3123361458305916,False
606,Logistic regression,"weekly, expanding",2008-08-25,449,2008-08-31 10:59:00,1,0.45836256175959317,False
607,Logistic regression,"weekly, expanding",2008-08-25,449,2008-08-31 10:59:00,0,0.375073877469855,False
608,Logistic regression,"weekly, expanding",2008-08-25,449,2008-08-31 11:03:00,0,0.6047679621170398,False
609,Logistic regression,"weekly, expanding",2008-08-25,449,2008-08-31 15:09:00,0,0.439679933053316,False
610,Logistic regression,"weekly, expanding",2008-08-25,449,2008-08-31 15:13:00,0,0.38059863850419917,False
611,Logistic regression,"weekly, expanding",2008-08-25,449,2008-08-31 16:32:00,0,0.6358483531573647,False
612,Logistic regression,"weekly, expanding",2008-08-25,449,2008-08-31 20:24:00,0,0.32962665057886337,False
613,Logistic regression,"weekly, expanding",2008-08-25,449,2008-08-31 21:04:00,0,0.6444654024738156,False
614,Logistic regression,"weekly, expanding",2008-08-25,449,2008-08-31 21:46:00,0,0.49200209212264,False
615,Logistic regression,"weekly, expanding",2008-08-25,449,2008-08-31 21:58:00,0,0.34351233720826047,False
616,Logistic regression,"weekly, expanding",2008-08-25,449,2008-08-31 22:32:00,0,0.30030697644548004,False
617,Logistic regression,"weekly, expanding",2008-08-25,449,2008-08-31 22:48:00,0,0.47732402651136796,False
618,Logistic regression,"weekly, expanding",2008-08-25,449,2008-08-31 22:57:00,0,0.4203060835075665,False
619,Logistic regression,"weekly, expanding",2008-09-01,618,2008-09-01 00:01:00,0,0.7303830292128658,True
620,Logistic regression,"weekly, expanding",2008-09-01,618,2008-09-01 00:39:00,0,0.14691256107879444,False
621,Logistic regression,"weekly, expanding",2008-09-01,618,2008-09-01 00:45:00,0,0.1970540641314865,False
622,Logistic regression,"weekly, expanding",2008-09-01,618,2008-09-01 00:53:00,0,0.3156387179593263,False
623,Logistic regression,"weekly, expanding",2008-09-01,618,2008-09-01 05:29:00,0,0.06427735545793628,False
624,Logistic regression,"weekly, expanding",2008-09-01,618,2008-09-01 05:32:00,0,0.02775399244550961,False
625,Logistic regression,"weekly, expanding",2008-09-01,618,2008-09-01 06:12:00,0,0.020885919149467812,False
626,Logistic regression,"weekly, expanding",2008-09-01,618,2008-09-01 06:21:00,0,0.2972319449589873,False
627,Logistic regression,"weekly, expanding",2008-09-01,618,2008-09-01 06:52:00,0,0.23402295522232597,False
628,Logistic regression,"weekly, expanding",2008-09-01,618,2008-09-01 08:18:00,0,0.12745130119369014,False
629,Logistic regression,"weekly, expanding",2008-09-01,618,2008-09-01 09:06:00,0,0.3134401219623632,False
630,Logistic regression,"weekly, expanding",2008-09-01,618,2008-09-01 09:19:00,0,0.18762894053457949,False
631,Logistic regression,"weekly, expanding",2008-09-01,618,2008-09-01 09:54:00,0,0.14840369015296703,False
632,Logistic regression,"weekly, expanding",2008-09-01,618,2008-09-01 10:57:00,0,0.1569510354023377,False
633,Logistic regression,"weekly, expanding",2008-09-01,618,2008-09-01 11:40:00,0,0.1725255681810434,False
634,Logistic regression,"weekly, expanding",2008-09-01,618,2008-09-01 16:20:00,0,0.4810442916655529,False
635,Logistic regression,"weekly, expanding",2008-09-01,618,2008-09-01 19:54:00,1,0.25259485378205393,False
636,Logistic regression,"weekly, expanding",2008-09-01,618,2008-09-01 20:51:00,0,0.17844210441229313,False
637,Logistic regression,"weekly, expanding",2008-09-01,618,2008-09-01 22:05:00,0,0.15333067316494475,False
638,Logistic regression,"weekly, expanding",2008-09-01,618,2008-09-01 23:05:00,0,0.09602365993984092,False
639,Logistic regression,"weekly, expanding",2008-09-01,618,2008-09-01 23:19:00,0,0.17888076437981912,False
640,Logistic regression,"weekly, expanding",2008-09-01,618,2008-09-01 23:24:00,0,0.18028711346967582,False
641,Logistic regression,"weekly, expanding",2008-09-01,618,2008-09-01 23:28:00,0,0.04932901974480911,False
642,Logistic regression,"weekly, expanding",2008-09-01,618,2008-09-01 23:39:00,0,0.774200132013407,True
643,Logistic regression,"weekly, expanding",2008-09-01,618,2008-09-01 23:45:00,0,0.1380246693755019,False
644,Logistic regression,"weekly, expanding",2008-09-01,618,2008-09-01 23:59:00,0,0.8489420727565565,True
645,Logistic regression,"weekly, expanding",2008-09-01,618,2008-09-02 00:26:00,0,0.06543925290882045,False
646,Logistic regression,"weekly, expanding",2008-09-01,618,2008-09-02 00:31:00,0,0.5103154529305743,False
647,Logistic regression,"weekly, expanding",2008-09-01,618,2008-09-02 00:46:00,0,0.11206316237835587,False
648,Logistic regression,"weekly, expanding",2008-09-01,618,2008-09-02 01:09:00,0,0.1773064905678437,False
649,Logistic regression,"weekly, expanding",2008-09-01,618,2008-09-02 01:10:00,0,0.43633768231183084,False
650,Logistic regression,"weekly, expanding",2008-09-01,618,2008-09-02 01:10:00,0,0.35093628806943244,False
651,Logistic regression,"weekly, expanding",2008-09-01,618,2008-09-02 01:36:00,0,0.3452309333863739,False
652,Logistic regression,"weekly, expanding",2008-09-01,618,2008-09-02 01:50:00,0,0.21343265159159414,False
653,Logistic regression,"weekly, expanding",2008-09-01,618,2008-09-02 02:02:00,0,0.34333879840805864,False
654,Logistic regression,"weekly, expanding",2008-09-01,618,2008-09-02 02:11:00,0,0.45784677887485214,False
655,Logistic regression,"weekly, expanding",2008-09-01,618,2008-09-02 02:50:00,0,0.21097653193336247,False
656,Logistic regression,"weekly, expanding",2008-09-01,618,2008-09-02 02:52:00,0,0.08348136845358047,False
657,Logistic regression,"weekly, expanding",2008-09-01,618,2008-09-02 03:33:00,0,0.13534664028742327,False
658,Logistic regression,"weekly, expanding",2008-09-01,618,2008-09-02 03:35:00,0,0.33020471990585315,False
659,Logistic regression,"weekly, expanding",2008-09-01,618,2008-09-02 03:35:00,0,0.18114859568502045,False
660,Logistic regression,"weekly, expanding",2008-09-01,618,2008-09-02 04:19:00,0,0.30137995614569973,False
661,Logistic regression,"weekly, expanding",2008-09-01,618,2008-09-02 04:22:00,0,0.31311474058022254,False
662,Logistic regression,"weekly, expanding",2008-09-01,618,2008-09-02 05:46:00,0,0.34383542609093176,False
663,Logistic regression,"weekly, expanding",2008-09-01,618,2008-09-02 06:03:00,0,0.10576528503410927,False
664,Logistic regression,"weekly, expanding",2008-09-01,618,2008-09-02 06:19:00,0,0.1442206389868401,False
665,Logistic regression,"weekly, expanding",2008-09-01,618,2008-09-02 06:32:00,0,0.25219276120774325,False
666,Logistic regression,"weekly, expanding",2008-09-01,618,2008-09-02 06:48:00,0,0.20183105523873182,False
667,Logistic regression,"weekly, expanding",2008-09-01,618,2008-09-02 07:22:00,0,0.05994299091501209,False
668,Logistic regression,"weekly, expanding",2008-09-01,618,2008-09-02 07:32:00,0,0.11633480553334305,False
669,Logistic regression,"weekly, expanding",2008-09-01,618,2008-09-02 08:15:00,0,0.4069091877774485,False
670,Logistic regression,"weekly, expanding",2008-09-01,618,2008-09-02 08:54:00,0,0.1143865683554502,False
671,Logistic regression,"weekly, expanding",2008-09-01,618,2008-09-02 09:36:00,0,0.04470894807045966,False
672,Logistic regression,"weekly, expanding",2008-09-01,618,2008-09-02 09:37:00,0,0.42082408930646154,False
673,Logistic regression,"weekly, expanding",2008-09-01,618,2008-09-02 10:13:00,0,0.0792154951174821,False
674,Logistic regression,"weekly, expanding",2008-09-01,618,2008-09-02 10:21:00,0,0.5774496628008506,False
675,Logistic regression,"weekly, expanding",2008-09-01,618,2008-09-02 10:25:00,0,0.18008459354744238,False
676,Logistic regression,"weekly, expanding",2008-09-01,618,2008-09-02 10:33:00,0,0.35876250419804523,False
677,Logistic regression,"weekly, expanding",2008-09-01,618,2008-09-02 11:08:00,0,0.2976008287867941,False
678,Logistic regression,"weekly, expanding",2008-09-01,618,2008-09-02 11:22:00,0,0.23999162702094504,False
679,Logistic regression,"weekly, expanding",2008-09-01,618,2008-09-02 11:47:00,0,0.2716249361777922,False
680,Logistic regression,"weekly, expanding",2008-09-01,618,2008-09-02 11:49:00,0,0.12773625606291578,False
681,Logistic regression,"weekly, expanding",2008-09-01,618,2008-09-02 12:01:00,0,0.10406346848236848,False
682,Logistic regression,"weekly, expanding",2008-09-01,618,2008-09-02 12:17:00,0,0.46719852735107925,False
683,Logistic regression,"weekly, expanding",2008-09-01,618,2008-09-02 12:26:00,0,0.45072519603670114,False
684,Logistic regression,"weekly, expanding",2008-09-01,618,2008-09-02 12:30:00,0,0.10619084963350804,False
685,Logistic regression,"weekly, expanding",2008-09-01,618,2008-09-02 12:44:00,0,0.35977366046033354,False
686,Logistic regression,"weekly, expanding",2008-09-01,618,2008-09-02 13:05:00,0,0.20152115750951674,False
687,Logistic regression,"weekly, expanding",2008-09-01,618,2008-09-02 13:08:00,0,0.3130633395534472,False
688,Logistic regression,"weekly, expanding",2008-09-01,618,2008-09-02 13:27:00,0,0.25547669221476543,False
689,Logistic regression,"weekly, expanding",2008-09-01,618,2008-09-02 13:40:00,0,0.1759463562056477,False
690,Logistic regression,"weekly, expanding",2008-09-01,618,2008-09-02 14:09:00,0,0.6390003051025623,False
691,Logistic regression,"weekly, expanding",2008-09-01,618,2008-09-02 14:21:00,0,0.3787962989358492,False
692,Logistic regression,"weekly, expanding",2008-09-01,618,2008-09-02 14:34:00,0,0.06733737792823924,False
693,Logistic regression,"weekly, expanding",2008-09-01,618,2008-09-02 15:29:00,0,0.18458395818564222,False
694,Logistic regression,"weekly, expanding",2008-09-01,618,2008-09-02 16:10:00,0,0.4030044818906128,False
695,Logistic regression,"weekly, expanding",2008-09-01,618,2008-09-02 16:50:00,0,0.12196233072664467,False
696,Logistic regression,"weekly, expanding",2008-09-01,618,2008-09-02 16:54:00,0,0.36010467082301323,False
697,Logistic regression,"weekly, expanding",2008-09-01,618,2008-09-02 16:58:00,0,0.37067174988804746,False
698,Logistic regression,"weekly, expanding",2008-09-01,618,2008-09-02 17:10:00,0,0.10405971381122417,False
699,Logistic regression,"weekly, expanding",2008-09-01,618,2008-09-02 17:18:00,0,0.19889395026609163,False
700,Logistic regression,"weekly, expanding",2008-09-01,618,2008-09-02 18:38:00,0,0.260092464971745,False
701,Logistic regression,"weekly, expanding",2008-09-01,618,2008-09-02 18:52:00,0,0.3495530247361613,False
702,Logistic regression,"weekly, expanding",2008-09-01,618,2008-09-02 19:18:00,0,0.08369091817774957,False
703,Logistic regression,"weekly, expanding",2008-09-01,618,2008-09-02 20:18:00,0,0.6827599170025601,False
704,Logistic regression,"weekly, expanding",2008-09-01,618,2008-09-02 20:52:00,0,0.14069783079823528,False
705,Logistic regression,"weekly, expanding",2008-09-01,618,2008-09-02 20:58:00,0,0.14187377506193793,False
706,Logistic regression,"weekly, expanding",2008-09-01,618,2008-09-02 20:59:00,0,0.06803052197883801,False
707,Logistic regression,"weekly, expanding",2008-09-01,618,2008-09-03 00:18:00,0,0.0850041691782024,False
708,Logistic regression,"weekly, expanding",2008-09-01,618,2008-09-03 00:45:00,0,0.18267064059099286,False
709,Logistic regression,"weekly, expanding",2008-09-01,618,2008-09-03 00:58:00,0,0.22542418974491868,False
710,Logistic regression,"weekly, expanding",2008-09-01,618,2008-09-03 01:15:00,1,0.094048131692305,False
711,Logistic regression,"weekly, expanding",2008-09-01,618,2008-09-03 01:32:00,0,0.20436661319369448,False
712,Logistic regression,"weekly, expanding",2008-09-01,618,2008-09-03 04:18:00,0,0.4898518465804793,False
713,Logistic regression,"weekly, expanding",2008-09-01,618,2008-09-03 06:26:00,0,0.2763650301984874,False
714,Logistic regression,"weekly, expanding",2008-09-01,618,2008-09-03 09:38:00,0,0.22481019487984577,False
715,Logistic regression,"weekly, expanding",2008-09-01,618,2008-09-03 14:24:00,0,0.5182792715155258,False
716,Logistic regression,"weekly, expanding",2008-09-01,618,2008-09-03 14:29:00,0,0.21674078473009412,False
717,Logistic regression,"weekly, expanding",2008-09-01,618,2008-09-03 17:22:00,0,0.1903784538628987,False
718,Logistic regression,"weekly, expanding",2008-09-01,618,2008-09-03 18:16:00,0,0.16294538738139533,False
719,Logistic regression,"weekly, expanding",2008-09-01,618,2008-09-03 18:16:00,0,0.548428800839441,False
720,Logistic regression,"weekly, expanding",2008-09-01,618,2008-09-03 20:00:00,0,0.17256627246917805,False
721,Logistic regression,"weekly, expanding",2008-09-01,618,2008-09-03 20:10:00,0,0.5444882663859174,False
722,Logistic regression,"weekly, expanding",2008-09-01,618,2008-09-04 08:01:00,0,0.12195349904723662,False
723,Logistic regression,"weekly, expanding",2008-09-01,618,2008-09-04 08:22:00,0,0.14665106541278555,False
724,Logistic regression,"weekly, expanding",2008-09-01,618,2008-09-04 08:33:00,0,0.4478391963287188,False
725,Logistic regression,"weekly, expanding",2008-09-01,618,2008-09-04 08:41:00,0,0.44780837351289543,False
726,Logistic regression,"weekly, expanding",2008-09-01,618,2008-09-04 08:53:00,0,0.0983040171010427,False
727,Logistic regression,"weekly, expanding",2008-09-01,618,2008-09-04 11:50:00,0,0.22852782736584754,False
728,Logistic regression,"weekly, expanding",2008-09-01,618,2008-09-04 14:09:00,0,0.2818309664025547,False
729,Logistic regression,"weekly, expanding",2008-09-01,618,2008-09-04 14:11:00,0,0.0556842580822733,False
730,Logistic regression,"weekly, expanding",2008-09-01,618,2008-09-04 14:48:00,0,0.4264637401952241,False
731,Logistic regression,"weekly, expanding",2008-09-01,618,2008-09-04 16:30:00,0,0.11010636222484814,False
732,Logistic regression,"weekly, expanding",2008-09-01,618,2008-09-04 16:41:00,0,0.2938166382565734,False
733,Logistic regression,"weekly, expanding",2008-09-01,618,2008-09-04 16:56:00,0,0.5981224837014936,False
734,Logistic regression,"weekly, expanding",2008-09-01,618,2008-09-04 17:30:00,0,0.3154748962748604,False
735,Logistic regression,"weekly, expanding",2008-09-01,618,2008-09-05 15:30:00,0,0.06426254519424916,False
736,Logistic regression,"weekly, expanding",2008-09-01,618,2008-09-05 21:48:00,0,0.29610393660030604,False
737,Logistic regression,"weekly, expanding",2008-09-01,618,2008-09-07 00:08:00,0,0.6001808182776368,False
738,Logistic regression,"weekly, expanding",2008-09-01,618,2008-09-07 00:12:00,0,0.6612174078842071,False
739,Logistic regression,"weekly, expanding",2008-09-01,618,2008-09-07 00:49:00,0,0.8013319314186024,True
740,Logistic regression,"weekly, expanding",2008-09-01,618,2008-09-07 10:52:00,0,0.1664147097919395,False
741,Logistic regression,"weekly, expanding",2008-09-01,618,2008-09-07 12:04:00,0,0.3811626559667466,False
742,Logistic regression,"weekly, expanding",2008-09-01,618,2008-09-07 12:20:00,0,0.6126715460047115,False
743,Logistic regression,"weekly, expanding",2008-09-01,618,2008-09-07 13:02:00,0,0.5098896589024289,False
744,Logistic regression,"weekly, expanding",2008-09-01,618,2008-09-07 18:02:00,0,0.36488606091180964,False
745,Logistic regression,"weekly, expanding",2008-09-01,618,2008-09-07 18:24:00,0,0.4447561731348425,False
746,Logistic regression,"weekly, expanding",2008-09-01,618,2008-09-07 18:49:00,0,0.4769767034676027,False
747,Logistic regression,"weekly, expanding",2008-09-01,618,2008-09-07 19:29:00,0,0.7002055103456751,True
748,Logistic regression,"weekly, expanding",2008-09-01,618,2008-09-07 19:31:00,0,0.1326950113048279,False
749,Logistic regression,"weekly, expanding",2008-09-01,618,2008-09-07 20:12:00,0,0.30510637404521174,False
750,Logistic regression,"weekly, expanding",2008-09-01,618,2008-09-07 20:50:00,0,0.2640063227912287,False
751,Logistic regression,"weekly, expanding",2008-09-01,618,2008-09-07 23:33:00,0,0.18106465562718094,False
752,Logistic regression,"weekly, expanding",2008-09-08,751,2008-09-08 00:32:00,0,0.12956395979268664,False
753,Logistic regression,"weekly, expanding",2008-09-08,751,2008-09-08 00:40:00,0,0.9881735194757371,True
754,Logistic regression,"weekly, expanding",2008-09-08,751,2008-09-08 01:24:00,0,0.1327835767598742,False
755,Logistic regression,"weekly, expanding",2008-09-08,751,2008-09-08 03:32:00,0,0.2039480259999491,False
756,Logistic regression,"weekly, expanding",2008-09-08,751,2008-09-08 03:48:00,0,0.40471816516469095,False
757,Logistic regression,"weekly, expanding",2008-09-08,751,2008-09-08 04:21:00,0,0.04902412109445524,False
758,Logistic regression,"weekly, expanding",2008-09-08,751,2008-09-08 06:37:00,0,0.3007785337022222,False
759,Logistic regression,"weekly, expanding",2008-09-08,751,2008-09-08 07:14:00,0,0.13877294787249628,False
760,Logistic regression,"weekly, expanding",2008-09-08,751,2008-09-08 07:41:00,0,0.012579269078879277,False
761,Logistic regression,"weekly, expanding",2008-09-08,751,2008-09-08 18:46:00,0,0.196991264007278,False
762,Logistic regression,"weekly, expanding",2008-09-08,751,2008-09-08 19:14:00,0,0.28895537581654,False
763,Logistic regression,"weekly, expanding",2008-09-08,751,2008-09-08 19:15:00,0,0.5421777346730814,False
764,Logistic regression,"weekly, expanding",2008-09-08,751,2008-09-08 19:25:00,0,0.08199963286711748,False
765,Logistic regression,"weekly, expanding",2008-09-08,751,2008-09-08 19:33:00,0,0.31864067801169266,False
766,Logistic regression,"weekly, expanding",2008-09-08,751,2008-09-08 20:00:00,0,0.05714966328606076,False
767,Logistic regression,"weekly, expanding",2008-09-08,751,2008-09-08 21:36:00,0,0.14531123734766244,False
768,Logistic regression,"weekly, expanding",2008-09-08,751,2008-09-08 21:53:00,0,0.40806465065682385,False
769,Logistic regression,"weekly, expanding",2008-09-08,751,2008-09-08 22:17:00,0,0.28931376019882954,False
770,Logistic regression,"weekly, expanding",2008-09-08,751,2008-09-09 00:25:00,0,0.21430257980808273,False
771,Logistic regression,"weekly, expanding",2008-09-08,751,2008-09-09 03:53:00,0,0.0832450844542249,False
772,Logistic regression,"weekly, expanding",2008-09-08,751,2008-09-09 08:44:00,0,0.3422102653361879,False
773,Logistic regression,"weekly, expanding",2008-09-08,751,2008-09-10 07:26:00,0,0.4993056869170498,False
774,Logistic regression,"weekly, expanding",2008-09-08,751,2008-09-10 09:21:00,0,0.2423707951539386,False
775,Logistic regression,"weekly, expanding",2008-09-08,751,2008-09-10 20:52:00,0,0.136282705262901,False
776,Logistic regression,"weekly, expanding",2008-09-08,751,2008-09-10 20:53:00,0,0.319319641726027,False
777,Logistic regression,"weekly, expanding",2008-09-08,751,2008-09-10 21:56:00,0,0.3692341717185781,False
778,Logistic regression,"weekly, expanding",2008-09-08,751,2008-09-10 23:30:00,0,0.19669244767072686,False
779,Logistic regression,"weekly, expanding",2008-09-08,751,2008-09-10 23:43:00,0,0.27891601347044787,False
780,Logistic regression,"weekly, expanding",2008-09-08,751,2008-09-11 00:17:00,0,0.15402944451240572,False
781,Logistic regression,"weekly, expanding",2008-09-08,751,2008-09-11 05:20:00,0,0.15182827829137518,False
782,Logistic regression,"weekly, expanding",2008-09-08,751,2008-09-11 06:04:00,0,0.23737290134662808,False
783,Logistic regression,"weekly, expanding",2008-09-08,751,2008-09-11 07:43:00,0,0.08947372567777906,False
784,Logistic regression,"weekly, expanding",2008-09-08,751,2008-09-11 08:06:00,0,0.22209263235014998,False
785,Logistic regression,"weekly, expanding",2008-09-08,751,2008-09-11 08:58:00,0,0.21265713439915968,False
786,Logistic regression,"weekly, expanding",2008-09-08,751,2008-09-11 09:24:00,0,0.4828352381517753,False
787,Logistic regression,"weekly, expanding",2008-09-08,751,2008-09-11 12:47:00,0,0.436029591857117,False
788,Logistic regression,"weekly, expanding",2008-09-08,751,2008-09-11 13:36:00,0,0.44966545833902555,False
789,Logistic regression,"weekly, expanding",2008-09-08,751,2008-09-11 14:20:00,0,0.6651385885604367,False
790,Logistic regression,"weekly, expanding",2008-09-08,751,2008-09-11 14:24:00,0,0.7369493328665088,True
791,Logistic regression,"weekly, expanding",2008-09-08,751,2008-09-11 14:31:00,0,0.3309129026411185,False
792,Logistic regression,"weekly, expanding",2008-09-08,751,2008-09-11 15:05:00,0,0.8754865630720187,True
793,Logistic regression,"weekly, expanding",2008-09-08,751,2008-09-11 15:08:00,0,0.6648946240373248,False
794,Logistic regression,"weekly, expanding",2008-09-08,751,2008-09-11 16:28:00,0,0.6859318715904473,False
795,Logistic regression,"weekly, expanding",2008-09-08,751,2008-09-11 21:13:00,0,0.39499444043843396,False
796,Logistic regression,"weekly, expanding",2008-09-08,751,2008-09-11 22:07:00,1,0.35942923451316156,False
797,Logistic regression,"weekly, expanding",2008-09-08,751,2008-09-11 23:10:00,0,0.7928785359951845,True
798,Logistic regression,"weekly, expanding",2008-09-08,751,2008-09-11 23:48:00,1,0.12034247728343984,False
799,Logistic regression,"weekly, expanding",2008-09-08,751,2008-09-12 05:11:00,0,0.04775167079992708,False
800,Logistic regression,"weekly, expanding",2008-09-08,751,2008-09-12 05:55:00,0,0.2770184904402617,False
801,Logistic regression,"weekly, expanding",2008-09-08,751,2008-09-12 06:38:00,0,0.38549056170999435,False
802,Logistic regression,"weekly, expanding",2008-09-08,751,2008-09-12 06:41:00,0,0.16669030405460078,False
803,Logistic regression,"weekly, expanding",2008-09-08,751,2008-09-12 06:45:00,0,0.26688297700306984,False
804,Logistic regression,"weekly, expanding",2008-09-08,751,2008-09-12 07:21:00,0,0.3973878791788844,False
805,Logistic regression,"weekly, expanding",2008-09-08,751,2008-09-12 07:29:00,0,0.599559719002664,False
806,Logistic regression,"weekly, expanding",2008-09-08,751,2008-09-12 07:38:00,0,0.44412677514635956,False
807,Logistic regression,"weekly, expanding",2008-09-08,751,2008-09-12 11:57:00,0,0.14246106198099767,False
808,Logistic regression,"weekly, expanding",2008-09-08,751,2008-09-12 13:08:00,0,0.06004559911848021,False
809,Logistic regression,"weekly, expanding",2008-09-08,751,2008-09-12 14:52:00,0,0.5801421938645901,False
810,Logistic regression,"weekly, expanding",2008-09-08,751,2008-09-12 15:40:00,0,0.5056956013843117,False
811,Logistic regression,"weekly, expanding",2008-09-08,751,2008-09-12 16:23:00,0,0.06809062793424754,False
812,Logistic regression,"weekly, expanding",2008-09-08,751,2008-09-12 18:01:00,0,0.37208985525747607,False
813,Logistic regression,"weekly, expanding",2008-09-08,751,2008-09-12 18:52:00,0,0.4690356418783499,False
814,Logistic regression,"weekly, expanding",2008-09-08,751,2008-09-12 19:36:00,0,0.7517146132938729,True
815,Logistic regression,"weekly, expanding",2008-09-08,751,2008-09-12 20:28:00,0,0.06578889023409551,False
816,Logistic regression,"weekly, expanding",2008-09-08,751,2008-09-12 21:12:00,0,0.26966189907797894,False
817,Logistic regression,"weekly, expanding",2008-09-08,751,2008-09-12 22:25:00,0,0.3454520652056035,False
818,Logistic regression,"weekly, expanding",2008-09-08,751,2008-09-12 22:45:00,0,0.4170288511192878,False
819,Logistic regression,"weekly, expanding",2008-09-08,751,2008-09-12 23:28:00,0,0.3709893931013397,False
820,Logistic regression,"weekly, expanding",2008-09-08,751,2008-09-12 23:40:00,0,0.5533965589399333,False
821,Logistic regression,"weekly, expanding",2008-09-08,751,2008-09-13 00:25:00,0,0.845970560755344,True
822,Logistic regression,"weekly, expanding",2008-09-08,751,2008-09-13 02:57:00,0,0.41020032696301945,False
823,Logistic regression,"weekly, expanding",2008-09-08,751,2008-09-13 03:14:00,0,0.39293597080806,False
824,Logistic regression,"weekly, expanding",2008-09-08,751,2008-09-13 09:19:00,0,0.36459861051251147,False
825,Logistic regression,"weekly, expanding",2008-09-08,751,2008-09-13 10:55:00,0,0.6725538374044681,False
826,Logistic regression,"weekly, expanding",2008-09-08,751,2008-09-13 11:42:00,0,0.5304828503140653,False
827,Logistic regression,"weekly, expanding",2008-09-08,751,2008-09-13 11:56:00,1,0.7795471261635433,True
828,Logistic regression,"weekly, expanding",2008-09-08,751,2008-09-13 12:48:00,0,0.46896384521031226,False
829,Logistic regression,"weekly, expanding",2008-09-08,751,2008-09-13 14:07:00,0,0.41638181711946765,False
830,Logistic regression,"weekly, expanding",2008-09-08,751,2008-09-13 16:04:00,0,0.048720324413053,False
831,Logistic regression,"weekly, expanding",2008-09-08,751,2008-09-13 16:04:00,0,0.4842895836739179,False
832,Logistic regression,"weekly, expanding",2008-09-08,751,2008-09-13 20:06:00,1,0.04940297762808236,False
833,Logistic regression,"weekly, expanding",2008-09-08,751,2008-09-14 02:50:00,0,0.5605939982904947,False
834,Logistic regression,"weekly, expanding",2008-09-08,751,2008-09-14 02:59:00,0,0.4444116657662495,False
835,Logistic regression,"weekly, expanding",2008-09-08,751,2008-09-14 15:02:00,0,0.3796306688920485,False
836,Logistic regression,"weekly, expanding",2008-09-08,751,2008-09-14 15:46:00,0,0.6506603285239814,False
837,Logistic regression,"weekly, expanding",2008-09-08,751,2008-09-14 16:34:00,0,0.7386129255545067,True
838,Logistic regression,"weekly, expanding",2008-09-08,751,2008-09-14 17:40:00,0,0.15508676256225323,False
839,Logistic regression,"weekly, expanding",2008-09-08,751,2008-09-14 18:27:00,0,0.6611762862923449,False
840,Logistic regression,"weekly, expanding",2008-09-08,751,2008-09-14 18:27:00,0,0.07048222450125326,False
841,Logistic regression,"weekly, expanding",2008-09-08,751,2008-09-14 19:13:00,0,0.2341078149139256,False
842,Logistic regression,"weekly, expanding",2008-09-08,751,2008-09-14 20:00:00,0,0.4783462178511757,False
843,Logistic regression,"weekly, expanding",2008-09-08,751,2008-09-14 20:43:00,0,0.31271615048865714,False
844,Logistic regression,"weekly, expanding",2008-09-08,751,2008-09-14 20:45:00,0,0.7788593638687035,True
845,Logistic regression,"weekly, expanding",2008-09-08,751,2008-09-14 21:31:00,0,0.6972012211678839,True
846,Logistic regression,"weekly, expanding",2008-09-08,751,2008-09-14 23:00:00,0,0.05471521376730378,False
847,Logistic regression,"weekly, expanding",2008-09-15,846,2008-09-15 02:04:00,0,0.01427743532619502,False
848,Logistic regression,"weekly, expanding",2008-09-15,846,2008-09-15 10:03:00,0,0.4618432274005717,False
849,Logistic regression,"weekly, expanding",2008-09-15,846,2008-09-15 11:40:00,0,0.21616289772000644,False
850,Logistic regression,"weekly, expanding",2008-09-15,846,2008-09-15 12:27:00,0,0.20462479143730322,False
851,Logistic regression,"weekly, expanding",2008-09-15,846,2008-09-15 16:10:00,0,0.28599773017405594,False
852,Logistic regression,"weekly, expanding",2008-09-15,846,2008-09-15 16:59:00,0,0.0950067362369293,False
853,Logistic regression,"weekly, expanding",2008-09-15,846,2008-09-15 19:54:00,0,0.453420922383768,False
854,Logistic regression,"weekly, expanding",2008-09-15,846,2008-09-15 21:56:00,0,0.18484224710618063,False
855,Logistic regression,"weekly, expanding",2008-09-15,846,2008-09-15 22:13:00,0,0.042850886565009995,False
856,Logistic regression,"weekly, expanding",2008-09-15,846,2008-09-15 22:45:00,0,0.1569886494890205,False
857,Logistic regression,"weekly, expanding",2008-09-15,846,2008-09-15 22:54:00,0,0.4191521740683749,False
858,Logistic regression,"weekly, expanding",2008-09-15,846,2008-09-15 23:37:00,0,0.07652584658110516,False
859,Logistic regression,"weekly, expanding",2008-09-15,846,2008-09-16 07:39:00,0,0.13074502727674964,False
860,Logistic regression,"weekly, expanding",2008-09-15,846,2008-09-16 07:48:00,0,0.0770298438876012,False
861,Logistic regression,"weekly, expanding",2008-09-15,846,2008-09-16 08:50:00,0,0.22904030000186681,False
862,Logistic regression,"weekly, expanding",2008-09-15,846,2008-09-16 08:52:00,0,0.0734982153574513,False
863,Logistic regression,"weekly, expanding",2008-09-15,846,2008-09-16 09:37:00,0,0.38369752391923756,False
864,Logistic regression,"weekly, expanding",2008-09-15,846,2008-09-16 17:07:00,0,0.1684355463380311,False
865,Logistic regression,"weekly, expanding",2008-09-15,846,2008-09-16 18:09:00,0,0.12682333992855252,False
866,Logistic regression,"weekly, expanding",2008-09-15,846,2008-09-16 18:23:00,0,0.07644808598794987,False
867,Logistic regression,"weekly, expanding",2008-09-15,846,2008-09-16 19:34:00,0,0.5666080815615802,False
868,Logistic regression,"weekly, expanding",2008-09-15,846,2008-09-16 19:45:00,0,0.20740013086469258,False
869,Logistic regression,"weekly, expanding",2008-09-15,846,2008-09-16 21:21:00,0,0.45392103468211553,False
870,Logistic regression,"weekly, expanding",2008-09-15,846,2008-09-16 22:45:00,0,0.1520334734043029,False
871,Logistic regression,"weekly, expanding",2008-09-15,846,2008-09-17 02:01:00,0,0.2573495315451329,False
872,Logistic regression,"weekly, expanding",2008-09-15,846,2008-09-17 04:23:00,1,0.6953963963974261,False
873,Logistic regression,"weekly, expanding",2008-09-15,846,2008-09-17 07:14:00,0,0.3396086688586925,False
874,Logistic regression,"weekly, expanding",2008-09-15,846,2008-09-17 07:28:00,0,0.5746929343487998,False
875,Logistic regression,"weekly, expanding",2008-09-15,846,2008-09-17 21:52:00,0,0.14868234798328425,False
876,Logistic regression,"weekly, expanding",2008-09-15,846,2008-09-18 00:57:00,0,0.23082240194229894,False
877,Logistic regression,"weekly, expanding",2008-09-15,846,2008-09-18 01:40:00,0,0.34056660898646235,False
878,Logistic regression,"weekly, expanding",2008-09-15,846,2008-09-18 01:43:00,0,0.4876644271963653,False
879,Logistic regression,"weekly, expanding",2008-09-15,846,2008-09-18 02:01:00,0,0.24523608495240798,False
880,Logistic regression,"weekly, expanding",2008-09-15,846,2008-09-18 03:58:00,0,0.01608176168511529,False
881,Logistic regression,"weekly, expanding",2008-09-15,846,2008-09-18 03:58:00,0,0.5350636873742336,False
882,Logistic regression,"weekly, expanding",2008-09-15,846,2008-09-18 05:44:00,0,0.2904123607379188,False
883,Logistic regression,"weekly, expanding",2008-09-15,846,2008-09-18 05:58:00,0,0.010979116009322979,False
884,Logistic regression,"weekly, expanding",2008-09-15,846,2008-09-18 08:04:00,0,0.45042496793315123,False
885,Logistic regression,"weekly, expanding",2008-09-15,846,2008-09-18 10:48:00,0,0.506872862761505,False
886,Logistic regression,"weekly, expanding",2008-09-15,846,2008-09-18 13:48:00,0,0.10999450724710133,False
887,Logistic regression,"weekly, expanding",2008-09-15,846,2008-09-18 17:22:00,0,0.32729188338839027,False
888,Logistic regression,"weekly, expanding",2008-09-15,846,2008-09-18 18:12:00,0,0.35302217797072777,False
889,Logistic regression,"weekly, expanding",2008-09-15,846,2008-09-18 18:56:00,0,0.40152722717659967,False
890,Logistic regression,"weekly, expanding",2008-09-15,846,2008-09-18 21:12:00,0,0.051144483401503314,False
891,Logistic regression,"weekly, expanding",2008-09-15,846,2008-09-18 21:56:00,0,0.11252031482602878,False
892,Logistic regression,"weekly, expanding",2008-09-15,846,2008-09-18 23:00:00,0,0.08786694507519921,False
893,Logistic regression,"weekly, expanding",2008-09-15,846,2008-09-18 23:05:00,0,0.5507611729355918,False
894,Logistic regression,"weekly, expanding",2008-09-15,846,2008-09-18 23:44:00,0,0.2721082824596163,False
895,Logistic regression,"weekly, expanding",2008-09-15,846,2008-09-19 00:30:00,0,0.5943859659996419,False
896,Logistic regression,"weekly, expanding",2008-09-15,846,2008-09-19 01:57:00,0,0.46884707978272644,False
897,Logistic regression,"weekly, expanding",2008-09-15,846,2008-09-19 02:44:00,0,0.174765663434204,False
898,Logistic regression,"weekly, expanding",2008-09-15,846,2008-09-19 04:42:00,0,0.3612225070116233,False
899,Logistic regression,"weekly, expanding",2008-09-15,846,2008-09-19 05:33:00,0,0.372296547980722,False
900,Logistic regression,"weekly, expanding",2008-09-15,846,2008-09-19 05:57:00,0,0.695279021985608,False
901,Logistic regression,"weekly, expanding",2008-09-15,846,2008-09-19 06:01:00,0,0.2452469242919275,False
902,Logistic regression,"weekly, expanding",2008-09-15,846,2008-09-19 06:44:00,0,0.13652391505997002,False
903,Logistic regression,"weekly, expanding",2008-09-15,846,2008-09-19 07:14:00,0,0.15905643294745966,False
904,Logistic regression,"weekly, expanding",2008-09-15,846,2008-09-19 07:18:00,0,0.29102302959439463,False
905,Logistic regression,"weekly, expanding",2008-09-15,846,2008-09-19 08:08:00,0,0.228318546777052,False
906,Logistic regression,"weekly, expanding",2008-09-15,846,2008-09-19 08:52:00,0,0.3470551706267837,False
907,Logistic regression,"weekly, expanding",2008-09-15,846,2008-09-19 09:12:00,0,0.23838375316397906,False
908,Logistic regression,"weekly, expanding",2008-09-15,846,2008-09-19 09:47:00,0,0.1374205555724415,False
909,Logistic regression,"weekly, expanding",2008-09-15,846,2008-09-19 10:45:00,0,0.05836248761027468,False
910,Logistic regression,"weekly, expanding",2008-09-15,846,2008-09-19 11:13:00,0,0.31272206696745597,False
911,Logistic regression,"weekly, expanding",2008-09-15,846,2008-09-19 11:54:00,0,0.7578470892520529,True
912,Logistic regression,"weekly, expanding",2008-09-15,846,2008-09-19 13:59:00,0,0.18395820851679684,False
913,Logistic regression,"weekly, expanding",2008-09-15,846,2008-09-19 15:31:00,0,0.5149278422546364,False
914,Logistic regression,"weekly, expanding",2008-09-15,846,2008-09-19 16:40:00,0,0.1057975097415561,False
915,Logistic regression,"weekly, expanding",2008-09-15,846,2008-09-19 16:58:00,1,0.5486752492293464,False
916,Logistic regression,"weekly, expanding",2008-09-15,846,2008-09-19 17:47:00,0,0.25345818187222113,False
917,Logistic regression,"weekly, expanding",2008-09-15,846,2008-09-19 18:11:00,0,0.4097682847163523,False
918,Logistic regression,"weekly, expanding",2008-09-15,846,2008-09-19 18:33:00,0,0.43723985138631927,False
919,Logistic regression,"weekly, expanding",2008-09-15,846,2008-09-19 19:18:00,0,0.2420499233478145,False
920,Logistic regression,"weekly, expanding",2008-09-15,846,2008-09-19 19:29:00,0,0.03327217656073902,False
921,Logistic regression,"weekly, expanding",2008-09-15,846,2008-09-19 20:05:00,0,0.022304750495666645,False
922,Logistic regression,"weekly, expanding",2008-09-15,846,2008-09-19 20:07:00,0,0.295864034524534,False
923,Logistic regression,"weekly, expanding",2008-09-15,846,2008-09-19 20:10:00,0,0.6070617790478811,False
924,Logistic regression,"weekly, expanding",2008-09-15,846,2008-09-19 20:17:00,0,0.07014206676217226,False
925,Logistic regression,"weekly, expanding",2008-09-15,846,2008-09-19 20:19:00,1,0.6592565423562147,False
926,Logistic regression,"weekly, expanding",2008-09-15,846,2008-09-19 21:08:00,0,0.2242357182395365,False
927,Logistic regression,"weekly, expanding",2008-09-15,846,2008-09-19 21:09:00,1,0.38544249258201185,False
928,Logistic regression,"weekly, expanding",2008-09-15,846,2008-09-19 21:13:00,0,0.22511882031962882,False
929,Logistic regression,"weekly, expanding",2008-09-15,846,2008-09-19 21:14:00,0,0.0022854019902049877,False
930,Logistic regression,"weekly, expanding",2008-09-15,846,2008-09-19 21:59:00,1,0.10655886816269215,False
931,Logistic regression,"weekly, expanding",2008-09-15,846,2008-09-19 23:26:00,0,0.16657522190041046,False
932,Logistic regression,"weekly, expanding",2008-09-15,846,2008-09-19 23:33:00,0,0.5014670258923528,False
933,Logistic regression,"weekly, expanding",2008-09-15,846,2008-09-20 00:18:00,0,0.35626685859441,False
934,Logistic regression,"weekly, expanding",2008-09-15,846,2008-09-20 00:33:00,0,0.18553405850178542,False
935,Logistic regression,"weekly, expanding",2008-09-15,846,2008-09-20 03:58:00,0,0.14767343774658823,False
936,Logistic regression,"weekly, expanding",2008-09-15,846,2008-09-20 04:13:00,0,0.14486553999124976,False
937,Logistic regression,"weekly, expanding",2008-09-15,846,2008-09-20 04:28:00,0,0.030769220908691816,False
938,Logistic regression,"weekly, expanding",2008-09-15,846,2008-09-20 05:22:00,0,0.0772843029880904,False
939,Logistic regression,"weekly, expanding",2008-09-15,846,2008-09-20 05:25:00,0,0.6477436679121128,False
940,Logistic regression,"weekly, expanding",2008-09-15,846,2008-09-20 05:34:00,0,0.40623459570605597,False
941,Logistic regression,"weekly, expanding",2008-09-15,846,2008-09-20 06:08:00,0,0.516609762159573,False
942,Logistic regression,"weekly, expanding",2008-09-15,846,2008-09-20 07:21:00,0,0.1809263221706271,False
943,Logistic regression,"weekly, expanding",2008-09-15,846,2008-09-20 08:14:00,0,0.13199340227304251,False
944,Logistic regression,"weekly, expanding",2008-09-15,846,2008-09-20 10:51:00,0,0.8593033984552327,True
945,Logistic regression,"weekly, expanding",2008-09-15,846,2008-09-20 11:18:00,0,0.3973976208497687,False
946,Logistic regression,"weekly, expanding",2008-09-15,846,2008-09-20 12:20:00,0,0.13664774862164322,False
947,Logistic regression,"weekly, expanding",2008-09-15,846,2008-09-20 12:26:00,0,0.7085107311724953,True
948,Logistic regression,"weekly, expanding",2008-09-15,846,2008-09-20 12:27:00,0,0.1880936739902253,False
949,Logistic regression,"weekly, expanding",2008-09-15,846,2008-09-20 12:36:00,0,0.0034300372338328883,False
950,Logistic regression,"weekly, expanding",2008-09-15,846,2008-09-20 12:57:00,0,0.6487073642722383,False
951,Logistic regression,"weekly, expanding",2008-09-15,846,2008-09-20 14:00:00,0,0.42584187046139266,False
952,Logistic regression,"weekly, expanding",2008-09-15,846,2008-09-20 14:06:00,0,0.7526586691989526,True
953,Logistic regression,"weekly, expanding",2008-09-15,846,2008-09-20 14:42:00,0,0.3530807220509756,False
954,Logistic regression,"weekly, expanding",2008-09-15,846,2008-09-20 14:50:00,0,0.2820445843770271,False
955,Logistic regression,"weekly, expanding",2008-09-15,846,2008-09-20 14:53:00,0,0.18307668175706376,False
956,Logistic regression,"weekly, expanding",2008-09-15,846,2008-09-20 15:02:00,0,0.23893402939798414,False
957,Logistic regression,"weekly, expanding",2008-09-15,846,2008-09-20 15:19:00,0,0.035065733482167946,False
958,Logistic regression,"weekly, expanding",2008-09-15,846,2008-09-20 15:37:00,0,0.24022074015003503,False
959,Logistic regression,"weekly, expanding",2008-09-15,846,2008-09-20 15:46:00,0,0.7818804511602064,True
960,Logistic regression,"weekly, expanding",2008-09-15,846,2008-09-20 16:43:00,0,0.12807569236155528,False
961,Logistic regression,"weekly, expanding",2008-09-15,846,2008-09-20 16:44:00,0,0.34002428847019095,False
962,Logistic regression,"weekly, expanding",2008-09-15,846,2008-09-20 17:26:00,0,0.040289257372106334,False
963,Logistic regression,"weekly, expanding",2008-09-15,846,2008-09-20 17:29:00,0,0.47866690230291575,False
964,Logistic regression,"weekly, expanding",2008-09-15,846,2008-09-20 18:03:00,0,0.16376749038903907,False
965,Logistic regression,"weekly, expanding",2008-09-15,846,2008-09-20 18:21:00,0,0.28134619803754385,False
966,Logistic regression,"weekly, expanding",2008-09-15,846,2008-09-20 18:56:00,0,0.6065325339817803,False
967,Logistic regression,"weekly, expanding",2008-09-15,846,2008-09-20 19:14:00,0,0.3542919877475671,False
968,Logistic regression,"weekly, expanding",2008-09-15,846,2008-09-20 19:21:00,0,0.2905629339181961,False
969,Logistic regression,"weekly, expanding",2008-09-15,846,2008-09-20 23:34:00,0,0.4875660265409576,False
970,Logistic regression,"weekly, expanding",2008-09-15,846,2008-09-21 00:48:00,0,0.2647957455248887,False
971,Logistic regression,"weekly, expanding",2008-09-15,846,2008-09-21 01:06:00,0,0.6859759820021643,False
972,Logistic regression,"weekly, expanding",2008-09-15,846,2008-09-21 02:07:00,0,0.20688772371300804,False
973,Logistic regression,"weekly, expanding",2008-09-15,846,2008-09-21 03:04:00,0,0.46637372025058965,False
974,Logistic regression,"weekly, expanding",2008-09-15,846,2008-09-21 03:47:00,0,0.4295484800530444,False
975,Logistic regression,"weekly, expanding",2008-09-15,846,2008-09-21 04:17:00,0,0.05544990337135511,False
976,Logistic regression,"weekly, expanding",2008-09-15,846,2008-09-21 04:49:00,0,0.25890364274273464,False
977,Logistic regression,"weekly, expanding",2008-09-15,846,2008-09-21 07:30:00,0,0.26453938470172983,False
978,Logistic regression,"weekly, expanding",2008-09-15,846,2008-09-21 07:55:00,0,0.4727400724513515,False
979,Logistic regression,"weekly, expanding",2008-09-15,846,2008-09-21 08:22:00,0,0.3056788477971064,False
980,Logistic regression,"weekly, expanding",2008-09-15,846,2008-09-21 08:49:00,0,0.08518137716968091,False
981,Logistic regression,"weekly, expanding",2008-09-15,846,2008-09-21 09:16:00,0,0.272323377418952,False
982,Logistic regression,"weekly, expanding",2008-09-15,846,2008-09-21 09:31:00,0,0.028451568105606093,False
983,Logistic regression,"weekly, expanding",2008-09-15,846,2008-09-21 10:07:00,0,0.0827177799278918,False
984,Logistic regression,"weekly, expanding",2008-09-15,846,2008-09-21 10:49:00,0,0.11093384183792335,False
985,Logistic regression,"weekly, expanding",2008-09-15,846,2008-09-21 11:33:00,0,0.20818327171544015,False
986,Logistic regression,"weekly, expanding",2008-09-15,846,2008-09-21 12:04:00,0,0.6021099867427991,False
987,Logistic regression,"weekly, expanding",2008-09-15,846,2008-09-21 14:30:00,0,0.12019364726419973,False
988,Logistic regression,"weekly, expanding",2008-09-15,846,2008-09-21 14:31:00,0,0.10716616941145457,False
989,Logistic regression,"weekly, expanding",2008-09-15,846,2008-09-21 14:33:00,0,0.27959398429165155,False
990,Logistic regression,"weekly, expanding",2008-09-15,846,2008-09-21 15:15:00,0,0.07374180544543563,False
991,Logistic regression,"weekly, expanding",2008-09-15,846,2008-09-21 15:26:00,0,0.24618985783790823,False
992,Logistic regression,"weekly, expanding",2008-09-15,846,2008-09-21 15:34:00,0,0.34166169001312985,False
993,Logistic regression,"weekly, expanding",2008-09-15,846,2008-09-21 16:43:00,0,0.2074755852634439,False
994,Logistic regression,"weekly, expanding",2008-09-15,846,2008-09-21 17:26:00,0,0.16733709319505272,False
995,Logistic regression,"weekly, expanding",2008-09-15,846,2008-09-21 17:30:00,0,0.035755665803705934,False
996,Logistic regression,"weekly, expanding",2008-09-15,846,2008-09-21 18:12:00,0,0.0007685372439963523,False
997,Logistic regression,"weekly, expanding",2008-09-15,846,2008-09-21 19:19:00,0,0.07219030528354413,False
998,Logistic regression,"weekly, expanding",2008-09-15,846,2008-09-21 20:35:00,0,0.13086231377618246,False
999,Logistic regression,"weekly, expanding",2008-09-15,846,2008-09-21 21:54:00,0,0.0735459232127461,False
1000,Logistic regression,"weekly, expanding",2008-09-15,846,2008-09-21 22:02:00,0,0.4200460518056118,False
1001,Logistic regression,"weekly, expanding",2008-09-22,1000,2008-09-22 00:12:00,0,0.03309310099585939,False
1002,Logistic regression,"weekly, expanding",2008-09-22,1000,2008-09-22 00:28:00,0,0.04634914794687322,False
1003,Logistic regression,"weekly, expanding",2008-09-22,1000,2008-09-22 00:47:00,0,0.01910977395118307,False
1004,Logistic regression,"weekly, expanding",2008-09-22,1000,2008-09-22 01:43:00,0,0.022155704011860997,False
1005,Logistic regression,"weekly, expanding",2008-09-22,1000,2008-09-22 03:51:00,0,0.024250339082988796,False
1006,Logistic regression,"weekly, expanding",2008-09-22,1000,2008-09-22 06:05:00,0,0.14581370373165461,False
1007,Logistic regression,"weekly, expanding",2008-09-22,1000,2008-09-22 07:12:00,0,0.03982668912896107,False
1008,Logistic regression,"weekly, expanding",2008-09-22,1000,2008-09-22 10:43:00,0,0.40927528091566673,False
1009,Logistic regression,"weekly, expanding",2008-09-22,1000,2008-09-22 11:50:00,0,0.2460834383816479,False
1010,Logistic regression,"weekly, expanding",2008-09-22,1000,2008-09-22 12:11:00,0,0.0650041492781308,False
1011,Logistic regression,"weekly, expanding",2008-09-22,1000,2008-09-22 12:45:00,0,0.29483546956019785,False
1012,Logistic regression,"weekly, expanding",2008-09-22,1000,2008-09-22 13:03:00,0,0.013329938128269426,False
1013,Logistic regression,"weekly, expanding",2008-09-22,1000,2008-09-22 14:24:00,0,0.04869779440357181,False
1014,Logistic regression,"weekly, expanding",2008-09-22,1000,2008-09-22 14:27:00,0,0.1819109933551199,False
1015,Logistic regression,"weekly, expanding",2008-09-22,1000,2008-09-22 14:36:00,0,0.015011676636354969,False
1016,Logistic regression,"weekly, expanding",2008-09-22,1000,2008-09-22 16:25:00,0,0.06264187729475862,False
1017,Logistic regression,"weekly, expanding",2008-09-22,1000,2008-09-22 21:30:00,0,0.0027997797723970227,False
1018,Logistic regression,"weekly, expanding",2008-09-22,1000,2008-09-22 21:31:00,0,0.27430800842439823,False
1019,Logistic regression,"weekly, expanding",2008-09-22,1000,2008-09-22 22:15:00,0,0.10228177348513749,False
1020,Logistic regression,"weekly, expanding",2008-09-22,1000,2008-09-22 22:17:00,0,0.24390710339539282,False
1021,Logistic regression,"weekly, expanding",2008-09-22,1000,2008-09-22 23:01:00,0,0.2679480949985781,False
1022,Logistic regression,"weekly, expanding",2008-09-22,1000,2008-09-22 23:10:00,0,0.05781376845514859,False
1023,Logistic regression,"weekly, expanding",2008-09-22,1000,2008-09-23 00:57:00,0,0.08730459549974968,False
1024,Logistic regression,"weekly, expanding",2008-09-22,1000,2008-09-23 06:44:00,0,0.4149488505490365,False
1025,Logistic regression,"weekly, expanding",2008-09-22,1000,2008-09-23 06:44:00,0,0.05342781451843805,False
1026,Logistic regression,"weekly, expanding",2008-09-22,1000,2008-09-23 06:52:00,0,0.353688328296145,False
1027,Logistic regression,"weekly, expanding",2008-09-22,1000,2008-09-23 07:58:00,0,0.10182656984290528,False
1028,Logistic regression,"weekly, expanding",2008-09-22,1000,2008-09-23 08:11:00,0,0.4121075721793366,False
1029,Logistic regression,"weekly, expanding",2008-09-22,1000,2008-09-23 09:43:00,0,0.2424284841365113,False
1030,Logistic regression,"weekly, expanding",2008-09-22,1000,2008-09-23 11:14:00,1,0.20883686260043527,False
1031,Logistic regression,"weekly, expanding",2008-09-22,1000,2008-09-23 11:42:00,0,0.34871926434758943,False
1032,Logistic regression,"weekly, expanding",2008-09-22,1000,2008-09-23 11:43:00,0,0.5070930840497702,False
1033,Logistic regression,"weekly, expanding",2008-09-22,1000,2008-09-23 12:29:00,0,0.7559939791108897,True
1034,Logistic regression,"weekly, expanding",2008-09-22,1000,2008-09-23 12:31:00,0,0.6520419591713763,False
1035,Logistic regression,"weekly, expanding",2008-09-22,1000,2008-09-23 12:46:00,0,0.45682572418257505,False
1036,Logistic regression,"weekly, expanding",2008-09-22,1000,2008-09-23 13:37:00,0,0.3082141046624661,False
1037,Logistic regression,"weekly, expanding",2008-09-22,1000,2008-09-23 15:23:00,0,0.33741630409357765,False
1038,Logistic regression,"weekly, expanding",2008-09-22,1000,2008-09-23 15:33:00,0,0.06833458576802053,False
1039,Logistic regression,"weekly, expanding",2008-09-22,1000,2008-09-23 15:58:00,0,0.017115649020987802,False
1040,Logistic regression,"weekly, expanding",2008-09-22,1000,2008-09-23 18:10:00,0,0.14408770318587416,False
1041,Logistic regression,"weekly, expanding",2008-09-22,1000,2008-09-23 18:36:00,0,0.014939488955150662,False
1042,Logistic regression,"weekly, expanding",2008-09-22,1000,2008-09-23 18:56:00,0,0.10680887281942718,False
1043,Logistic regression,"weekly, expanding",2008-09-22,1000,2008-09-23 20:18:00,0,0.0969033831937471,False
1044,Logistic regression,"weekly, expanding",2008-09-22,1000,2008-09-23 20:59:00,0,0.35599956800591115,False
1045,Logistic regression,"weekly, expanding",2008-09-22,1000,2008-09-23 21:26:00,0,0.3015253547923769,False
1046,Logistic regression,"weekly, expanding",2008-09-22,1000,2008-09-23 22:25:00,0,0.4137738610812205,False
1047,Logistic regression,"weekly, expanding",2008-09-22,1000,2008-09-24 02:19:00,0,0.345560217706412,False
1048,Logistic regression,"weekly, expanding",2008-09-22,1000,2008-09-24 02:44:00,0,0.19235429884356187,False
1049,Logistic regression,"weekly, expanding",2008-09-22,1000,2008-09-24 03:32:00,0,0.032431472588085666,False
1050,Logistic regression,"weekly, expanding",2008-09-22,1000,2008-09-24 03:40:00,0,0.48864971440393445,False
1051,Logistic regression,"weekly, expanding",2008-09-22,1000,2008-09-24 05:13:00,0,0.01566806330912133,False
1052,Logistic regression,"weekly, expanding",2008-09-22,1000,2008-09-24 05:22:00,0,0.2307022097144442,False
1053,Logistic regression,"weekly, expanding",2008-09-22,1000,2008-09-24 06:13:00,0,0.3489762918641698,False
1054,Logistic regression,"weekly, expanding",2008-09-22,1000,2008-09-24 06:14:00,0,0.28704428610987703,False
1055,Logistic regression,"weekly, expanding",2008-09-22,1000,2008-09-24 07:23:00,0,0.011388713612164378,False
1056,Logistic regression,"weekly, expanding",2008-09-22,1000,2008-09-24 10:10:00,0,0.5985474173495805,False
1057,Logistic regression,"weekly, expanding",2008-09-22,1000,2008-09-24 10:53:00,0,0.0159945922369163,False
1058,Logistic regression,"weekly, expanding",2008-09-22,1000,2008-09-24 10:59:00,0,0.23616939361983266,False
1059,Logistic regression,"weekly, expanding",2008-09-22,1000,2008-09-24 11:47:00,0,0.07655975184217578,False
1060,Logistic regression,"weekly, expanding",2008-09-22,1000,2008-09-24 12:04:00,0,0.2527826923868113,False
1061,Logistic regression,"weekly, expanding",2008-09-22,1000,2008-09-24 12:35:00,0,0.10580389176927693,False
1062,Logistic regression,"weekly, expanding",2008-09-22,1000,2008-09-24 13:01:00,0,0.4884013774633306,False
1063,Logistic regression,"weekly, expanding",2008-09-22,1000,2008-09-24 15:05:00,1,0.14385856951830098,False
1064,Logistic regression,"weekly, expanding",2008-09-22,1000,2008-09-24 15:39:00,0,0.4204996713873267,False
1065,Logistic regression,"weekly, expanding",2008-09-22,1000,2008-09-24 15:42:00,0,0.3077729912858491,False
1066,Logistic regression,"weekly, expanding",2008-09-22,1000,2008-09-24 15:43:00,0,0.5940761079876689,False
1067,Logistic regression,"weekly, expanding",2008-09-22,1000,2008-09-24 16:26:00,0,0.3132590743112131,False
1068,Logistic regression,"weekly, expanding",2008-09-22,1000,2008-09-24 17:54:00,0,0.1331131444174102,False
1069,Logistic regression,"weekly, expanding",2008-09-22,1000,2008-09-24 18:05:00,0,0.2684813857769673,False
1070,Logistic regression,"weekly, expanding",2008-09-22,1000,2008-09-25 01:05:00,0,0.07838096698782658,False
1071,Logistic regression,"weekly, expanding",2008-09-22,1000,2008-09-25 02:03:00,0,0.2699017919991082,False
1072,Logistic regression,"weekly, expanding",2008-09-22,1000,2008-09-25 06:21:00,0,0.11156735926086195,False
1073,Logistic regression,"weekly, expanding",2008-09-22,1000,2008-09-25 07:12:00,0,0.07969317054979244,False
1074,Logistic regression,"weekly, expanding",2008-09-22,1000,2008-09-25 07:58:00,0,0.10736494197071063,False
1075,Logistic regression,"weekly, expanding",2008-09-22,1000,2008-09-25 08:45:00,0,0.13446541669808673,False
1076,Logistic regression,"weekly, expanding",2008-09-22,1000,2008-09-25 09:31:00,0,0.08264275444719694,False
1077,Logistic regression,"weekly, expanding",2008-09-22,1000,2008-09-25 10:23:00,0,0.3828697486002298,False
1078,Logistic regression,"weekly, expanding",2008-09-22,1000,2008-09-25 11:08:00,0,0.25468268167609426,False
1079,Logistic regression,"weekly, expanding",2008-09-22,1000,2008-09-25 11:09:00,0,0.04541849491512098,False
1080,Logistic regression,"weekly, expanding",2008-09-22,1000,2008-09-25 11:55:00,0,0.08237489332645911,False
1081,Logistic regression,"weekly, expanding",2008-09-22,1000,2008-09-25 13:42:00,0,0.04491636817958125,False
1082,Logistic regression,"weekly, expanding",2008-09-22,1000,2008-09-25 14:08:00,0,0.25693203335610026,False
1083,Logistic regression,"weekly, expanding",2008-09-22,1000,2008-09-25 14:28:00,0,0.53559469144224,False
1084,Logistic regression,"weekly, expanding",2008-09-22,1000,2008-09-25 15:12:00,0,0.037801911892320336,False
1085,Logistic regression,"weekly, expanding",2008-09-22,1000,2008-09-25 15:40:00,0,0.8741882104574863,True
1086,Logistic regression,"weekly, expanding",2008-09-22,1000,2008-09-25 15:55:00,0,0.16641276066458857,False
1087,Logistic regression,"weekly, expanding",2008-09-22,1000,2008-09-25 16:44:00,0,0.12622693069699123,False
1088,Logistic regression,"weekly, expanding",2008-09-22,1000,2008-09-25 17:28:00,0,0.24872790963721508,False
1089,Logistic regression,"weekly, expanding",2008-09-22,1000,2008-09-25 17:29:00,0,0.23881029948721078,False
1090,Logistic regression,"weekly, expanding",2008-09-22,1000,2008-09-25 19:49:00,0,0.37692028999879446,False
1091,Logistic regression,"weekly, expanding",2008-09-22,1000,2008-09-25 22:05:00,0,0.23964327933661958,False
1092,Logistic regression,"weekly, expanding",2008-09-22,1000,2008-09-25 23:04:00,0,0.1412417743873706,False
1093,Logistic regression,"weekly, expanding",2008-09-22,1000,2008-09-25 23:48:00,0,0.15554301503606188,False
1094,Logistic regression,"weekly, expanding",2008-09-22,1000,2008-09-26 00:19:00,0,0.2521001553656135,False
1095,Logistic regression,"weekly, expanding",2008-09-22,1000,2008-09-26 01:21:00,0,0.2648927743455981,False
1096,Logistic regression,"weekly, expanding",2008-09-22,1000,2008-09-26 02:26:00,0,0.24587399904591226,False
1097,Logistic regression,"weekly, expanding",2008-09-22,1000,2008-09-26 03:12:00,0,0.1133032070128109,False
1098,Logistic regression,"weekly, expanding",2008-09-22,1000,2008-09-26 03:29:00,0,0.3619456548151755,False
1099,Logistic regression,"weekly, expanding",2008-09-22,1000,2008-09-26 04:14:00,0,0.17408257840583188,False
1100,Logistic regression,"weekly, expanding",2008-09-22,1000,2008-09-26 05:32:00,0,0.047392622251159526,False
1101,Logistic regression,"weekly, expanding",2008-09-22,1000,2008-09-26 11:08:00,0,0.4579194417464765,False
1102,Logistic regression,"weekly, expanding",2008-09-22,1000,2008-09-26 13:36:00,0,0.34874861614037506,False
1103,Logistic regression,"weekly, expanding",2008-09-22,1000,2008-09-26 13:45:00,0,0.20092233892939568,False
1104,Logistic regression,"weekly, expanding",2008-09-22,1000,2008-09-26 14:20:00,0,0.7305554100976478,True
1105,Logistic regression,"weekly, expanding",2008-09-22,1000,2008-09-26 14:51:00,0,0.42864942507305925,False
1106,Logistic regression,"weekly, expanding",2008-09-22,1000,2008-09-26 15:06:00,0,0.30816242096695023,False
1107,Logistic regression,"weekly, expanding",2008-09-22,1000,2008-09-26 15:36:00,0,0.1189547710259026,False
1108,Logistic regression,"weekly, expanding",2008-09-22,1000,2008-09-26 15:49:00,0,0.6743743741494824,False
1109,Logistic regression,"weekly, expanding",2008-09-22,1000,2008-09-26 16:31:00,0,0.1193950680728362,False
1110,Logistic regression,"weekly, expanding",2008-09-22,1000,2008-09-26 17:59:00,0,0.4987443211054177,False
1111,Logistic regression,"weekly, expanding",2008-09-22,1000,2008-09-26 18:54:00,0,0.7177958023032874,True
1112,Logistic regression,"weekly, expanding",2008-09-22,1000,2008-09-26 19:38:00,0,0.2577054805768705,False
1113,Logistic regression,"weekly, expanding",2008-09-22,1000,2008-09-26 19:45:00,0,0.06983138824743317,False
1114,Logistic regression,"weekly, expanding",2008-09-22,1000,2008-09-26 19:55:00,0,0.6427767391737652,False
1115,Logistic regression,"weekly, expanding",2008-09-22,1000,2008-09-26 20:23:00,0,0.3032906717542233,False
1116,Logistic regression,"weekly, expanding",2008-09-22,1000,2008-09-26 20:31:00,0,0.2649028700553675,False
1117,Logistic regression,"weekly, expanding",2008-09-22,1000,2008-09-27 00:16:00,0,0.20434024920864607,False
1118,Logistic regression,"weekly, expanding",2008-09-22,1000,2008-09-27 00:17:00,0,0.4440354662253699,False
1119,Logistic regression,"weekly, expanding",2008-09-22,1000,2008-09-27 01:29:00,0,0.44453399857657594,False
1120,Logistic regression,"weekly, expanding",2008-09-22,1000,2008-09-27 03:53:00,0,0.09600322469889695,False
1121,Logistic regression,"weekly, expanding",2008-09-22,1000,2008-09-27 10:10:00,0,0.1763020361167498,False
1122,Logistic regression,"weekly, expanding",2008-09-22,1000,2008-09-27 10:13:00,0,0.2897320907620601,False
1123,Logistic regression,"weekly, expanding",2008-09-22,1000,2008-09-27 11:04:00,0,0.09294405837871492,False
1124,Logistic regression,"weekly, expanding",2008-09-22,1000,2008-09-27 11:45:00,0,0.19117808007352627,False
1125,Logistic regression,"weekly, expanding",2008-09-22,1000,2008-09-27 11:54:00,0,0.3317908143621729,False
1126,Logistic regression,"weekly, expanding",2008-09-22,1000,2008-09-27 12:26:00,0,0.17421878216091602,False
1127,Logistic regression,"weekly, expanding",2008-09-22,1000,2008-09-27 12:28:00,0,0.2965570082829987,False
1128,Logistic regression,"weekly, expanding",2008-09-22,1000,2008-09-27 12:36:00,0,0.045021862544606966,False
1129,Logistic regression,"weekly, expanding",2008-09-22,1000,2008-09-27 13:14:00,0,0.12493386365673056,False
1130,Logistic regression,"weekly, expanding",2008-09-22,1000,2008-09-27 13:19:00,0,0.06348099395969449,False
1131,Logistic regression,"weekly, expanding",2008-09-22,1000,2008-09-27 14:01:00,0,0.06229159832252008,False
1132,Logistic regression,"weekly, expanding",2008-09-22,1000,2008-09-27 14:05:00,0,0.22164695770969364,False
1133,Logistic regression,"weekly, expanding",2008-09-22,1000,2008-09-27 14:46:00,0,0.13526367931524708,False
1134,Logistic regression,"weekly, expanding",2008-09-22,1000,2008-09-27 15:09:00,0,0.10920892865175061,False
1135,Logistic regression,"weekly, expanding",2008-09-22,1000,2008-09-27 15:30:00,0,0.11503661026644833,False
1136,Logistic regression,"weekly, expanding",2008-09-22,1000,2008-09-27 16:13:00,0,0.21170474194355096,False
1137,Logistic regression,"weekly, expanding",2008-09-22,1000,2008-09-27 17:26:00,0,0.08219314649861938,False
1138,Logistic regression,"weekly, expanding",2008-09-22,1000,2008-09-27 18:14:00,0,0.6574271810505639,False
1139,Logistic regression,"weekly, expanding",2008-09-22,1000,2008-09-27 19:16:00,0,0.4043694207060043,False
1140,Logistic regression,"weekly, expanding",2008-09-22,1000,2008-09-27 20:46:00,0,0.6345015546263737,False
1141,Logistic regression,"weekly, expanding",2008-09-22,1000,2008-09-27 21:45:00,0,0.03034504038018505,False
1142,Logistic regression,"weekly, expanding",2008-09-22,1000,2008-09-28 00:51:00,0,0.49140769553006564,False
1143,Logistic regression,"weekly, expanding",2008-09-22,1000,2008-09-28 01:22:00,0,0.3376397524353027,False
1144,Logistic regression,"weekly, expanding",2008-09-22,1000,2008-09-28 03:55:00,0,0.13880424551368115,False
1145,Logistic regression,"weekly, expanding",2008-09-22,1000,2008-09-28 04:45:00,1,0.04192235048687674,False
1146,Logistic regression,"weekly, expanding",2008-09-22,1000,2008-09-28 05:31:00,0,0.14711026976236222,False
1147,Logistic regression,"weekly, expanding",2008-09-22,1000,2008-09-28 06:22:00,0,0.3558773296410565,False
1148,Logistic regression,"weekly, expanding",2008-09-22,1000,2008-09-28 07:38:00,0,0.42397744838036017,False
1149,Logistic regression,"weekly, expanding",2008-09-22,1000,2008-09-28 07:52:00,0,0.06602611268957477,False
1150,Logistic regression,"weekly, expanding",2008-09-22,1000,2008-09-28 08:40:00,0,0.05775037714324109,False
1151,Logistic regression,"weekly, expanding",2008-09-22,1000,2008-09-28 08:41:00,0,0.06993913040577439,False
1152,Logistic regression,"weekly, expanding",2008-09-22,1000,2008-09-28 09:50:00,1,0.024087646336520045,False
1153,Logistic regression,"weekly, expanding",2008-09-22,1000,2008-09-28 17:05:00,0,0.05025281656875708,False
1154,Logistic regression,"weekly, expanding",2008-09-22,1000,2008-09-28 17:06:00,0,0.14729975735624273,False
1155,Logistic regression,"weekly, expanding",2008-09-22,1000,2008-09-28 17:49:00,0,0.19165932347472048,False
1156,Logistic regression,"weekly, expanding",2008-09-22,1000,2008-09-28 17:55:00,0,0.03700310653830273,False
1157,Logistic regression,"weekly, expanding",2008-09-22,1000,2008-09-28 18:34:00,0,0.3564159863936835,False
1158,Logistic regression,"weekly, expanding",2008-09-22,1000,2008-09-28 18:43:00,0,0.0036196961892047278,False
1159,Logistic regression,"weekly, expanding",2008-09-22,1000,2008-09-28 19:18:00,0,0.036704034104599444,False
1160,Logistic regression,"weekly, expanding",2008-09-22,1000,2008-09-28 19:29:00,0,0.2001398361730233,False
1161,Logistic regression,"weekly, expanding",2008-09-22,1000,2008-09-28 20:02:00,0,0.3939559677888548,False
1162,Logistic regression,"weekly, expanding",2008-09-22,1000,2008-09-28 20:42:00,0,0.2583021026995704,False
1163,Logistic regression,"weekly, expanding",2008-09-22,1000,2008-09-28 21:08:00,0,0.33138290196861264,False
1164,Logistic regression,"weekly, expanding",2008-09-22,1000,2008-09-28 21:27:00,0,0.1830578116327078,False
1165,Logistic regression,"weekly, expanding",2008-09-22,1000,2008-09-28 22:44:00,0,0.017592834363150383,False
1166,Logistic regression,"weekly, expanding",2008-09-22,1000,2008-09-28 23:54:00,0,0.00913911580194528,False
1167,Logistic regression,"weekly, expanding",2008-09-29,1166,2008-09-29 02:06:00,0,0.20908924865963394,False
1168,Logistic regression,"weekly, expanding",2008-09-29,1166,2008-09-29 03:07:00,0,0.01170300362925813,False
1169,Logistic regression,"weekly, expanding",2008-09-29,1166,2008-09-29 03:50:00,0,0.03796609569894954,False
1170,Logistic regression,"weekly, expanding",2008-09-29,1166,2008-09-29 04:18:00,0,0.05089321328430707,False
1171,Logistic regression,"weekly, expanding",2008-09-29,1166,2008-09-29 04:47:00,0,0.17428322476137312,False
1172,Logistic regression,"weekly, expanding",2008-09-29,1166,2008-09-29 05:32:00,0,0.34059983776917646,False
1173,Logistic regression,"weekly, expanding",2008-09-29,1166,2008-09-29 07:53:00,0,0.14335382351372974,False
1174,Logistic regression,"weekly, expanding",2008-09-29,1166,2008-09-29 09:15:00,0,0.06775519052253673,False
1175,Logistic regression,"weekly, expanding",2008-09-29,1166,2008-09-29 11:13:00,0,0.22509660025746323,False
1176,Logistic regression,"weekly, expanding",2008-09-29,1166,2008-09-29 11:53:00,0,0.022847668433368325,False
1177,Logistic regression,"weekly, expanding",2008-09-29,1166,2008-09-29 12:25:00,0,0.1316853595270612,False
1178,Logistic regression,"weekly, expanding",2008-09-29,1166,2008-09-29 14:03:00,0,0.1818931430445699,False
1179,Logistic regression,"weekly, expanding",2008-09-29,1166,2008-09-29 14:04:00,0,0.2544918368563643,False
1180,Logistic regression,"weekly, expanding",2008-09-29,1166,2008-09-29 14:08:00,0,0.1402161245788518,False
1181,Logistic regression,"weekly, expanding",2008-09-29,1166,2008-09-29 15:09:00,0,0.17788695502536375,False
1182,Logistic regression,"weekly, expanding",2008-09-29,1166,2008-09-29 15:16:00,0,0.4539116021701524,False
1183,Logistic regression,"weekly, expanding",2008-09-29,1166,2008-09-29 16:27:00,0,0.025304296187830304,False
1184,Logistic regression,"weekly, expanding",2008-09-29,1166,2008-09-29 17:21:00,0,0.33897175136888424,False
1185,Logistic regression,"weekly, expanding",2008-09-29,1166,2008-09-29 21:26:00,0,0.10514883809132484,False
1186,Logistic regression,"weekly, expanding",2008-09-29,1166,2008-09-29 21:48:00,1,0.2351398234870103,False
1187,Logistic regression,"weekly, expanding",2008-09-29,1166,2008-09-29 22:13:00,0,0.12306095156808439,False
1188,Logistic regression,"weekly, expanding",2008-09-29,1166,2008-09-30 01:33:00,0,0.5956712589973606,False
1189,Logistic regression,"weekly, expanding",2008-09-29,1166,2008-09-30 01:36:00,0,0.18760641723062263,False
1190,Logistic regression,"weekly, expanding",2008-09-29,1166,2008-09-30 02:44:00,1,0.08002380287933175,False
1191,Logistic regression,"weekly, expanding",2008-09-29,1166,2008-09-30 04:01:00,0,0.06350260685556808,False
1192,Logistic regression,"weekly, expanding",2008-09-29,1166,2008-09-30 04:42:00,0,0.5791586961683849,False
1193,Logistic regression,"weekly, expanding",2008-09-29,1166,2008-09-30 08:44:00,0,0.5982731365543382,False
1194,Logistic regression,"weekly, expanding",2008-09-29,1166,2008-09-30 12:31:00,0,0.08110798230341251,False
1195,Logistic regression,"weekly, expanding",2008-09-29,1166,2008-09-30 13:29:00,0,0.031469528702545026,False
1196,Logistic regression,"weekly, expanding",2008-09-29,1166,2008-09-30 14:20:00,0,0.06546765333689043,False
1197,Logistic regression,"weekly, expanding",2008-09-29,1166,2008-09-30 14:36:00,0,0.3275951214629574,False
1198,Logistic regression,"weekly, expanding",2008-09-29,1166,2008-09-30 15:16:00,0,0.007396406215496973,False
1199,Logistic regression,"weekly, expanding",2008-09-29,1166,2008-09-30 15:26:00,0,0.23696641202825608,False
1200,Logistic regression,"weekly, expanding",2008-09-29,1166,2008-09-30 16:13:00,0,0.07950733916406216,False
1201,Logistic regression,"weekly, expanding",2008-09-29,1166,2008-09-30 16:50:00,0,0.2424485987552402,False
1202,Logistic regression,"weekly, expanding",2008-09-29,1166,2008-09-30 17:27:00,0,0.13896834574186004,False
1203,Logistic regression,"weekly, expanding",2008-09-29,1166,2008-09-30 19:17:00,0,0.0848471673886441,False
1204,Logistic regression,"weekly, expanding",2008-09-29,1166,2008-09-30 19:17:00,0,2.386168500619459e-105,False
1205,Logistic regression,"weekly, expanding",2008-09-29,1166,2008-09-30 21:39:00,0,0.22758082772405713,False
1206,Logistic regression,"weekly, expanding",2008-09-29,1166,2008-09-30 21:42:00,0,0.5215655724362223,False
1207,Logistic regression,"weekly, expanding",2008-09-29,1166,2008-09-30 23:34:00,0,0.007233412707563832,False
1208,Logistic regression,"weekly, expanding",2008-09-29,1166,2008-09-30 23:58:00,0,0.37330835123832085,False
1209,Logistic regression,"weekly, expanding",2008-09-29,1166,2008-10-01 00:20:00,0,0.34517686938657344,False
1210,Logistic regression,"weekly, expanding",2008-09-29,1166,2008-10-01 01:11:00,0,0.279323721684616,False
1211,Logistic regression,"weekly, expanding",2008-09-29,1166,2008-10-01 02:53:00,0,0.2965667359511578,False
1212,Logistic regression,"weekly, expanding",2008-09-29,1166,2008-10-01 05:56:00,1,0.1423989919424084,False
1213,Logistic regression,"weekly, expanding",2008-09-29,1166,2008-10-01 07:19:00,0,0.0775944070436303,False
1214,Logistic regression,"weekly, expanding",2008-09-29,1166,2008-10-01 07:28:00,0,0.02743800950737869,False
1215,Logistic regression,"weekly, expanding",2008-09-29,1166,2008-10-01 08:15:00,0,0.150689388483419,False
1216,Logistic regression,"weekly, expanding",2008-09-29,1166,2008-10-01 09:15:00,0,0.01985399462328423,False
1217,Logistic regression,"weekly, expanding",2008-09-29,1166,2008-10-01 09:16:00,0,0.13402563740126774,False
1218,Logistic regression,"weekly, expanding",2008-09-29,1166,2008-10-01 14:22:00,0,0.41617068948510916,False
1219,Logistic regression,"weekly, expanding",2008-09-29,1166,2008-10-01 15:16:00,0,0.6644212727161583,False
1220,Logistic regression,"weekly, expanding",2008-09-29,1166,2008-10-01 16:43:00,0,0.42166430876529865,False
1221,Logistic regression,"weekly, expanding",2008-09-29,1166,2008-10-01 19:57:00,0,0.3437134856883198,False
1222,Logistic regression,"weekly, expanding",2008-09-29,1166,2008-10-01 21:15:00,0,0.16289765487212177,False
1223,Logistic regression,"weekly, expanding",2008-09-29,1166,2008-10-01 21:50:00,0,0.44121087351051436,False
1224,Logistic regression,"weekly, expanding",2008-09-29,1166,2008-10-01 22:47:00,0,0.011693831240747622,False
1225,Logistic regression,"weekly, expanding",2008-09-29,1166,2008-10-01 23:34:00,0,0.2550359024876988,False
1226,Logistic regression,"weekly, expanding",2008-09-29,1166,2008-10-02 00:21:00,0,0.6387354861092709,False
1227,Logistic regression,"weekly, expanding",2008-09-29,1166,2008-10-02 00:22:00,0,0.23766477274966025,False
1228,Logistic regression,"weekly, expanding",2008-09-29,1166,2008-10-02 03:17:00,1,0.46746321964164955,False
1229,Logistic regression,"weekly, expanding",2008-09-29,1166,2008-10-02 03:27:00,0,0.06582020458024823,False
1230,Logistic regression,"weekly, expanding",2008-09-29,1166,2008-10-02 04:11:00,0,0.13555898130981153,False
1231,Logistic regression,"weekly, expanding",2008-09-29,1166,2008-10-02 04:23:00,0,0.7752885008918738,True
1232,Logistic regression,"weekly, expanding",2008-09-29,1166,2008-10-02 04:24:00,0,0.03788638942737859,False
1233,Logistic regression,"weekly, expanding",2008-09-29,1166,2008-10-02 06:49:00,0,0.12153916036138328,False
1234,Logistic regression,"weekly, expanding",2008-09-29,1166,2008-10-02 07:35:00,0,0.058442204615132234,False
1235,Logistic regression,"weekly, expanding",2008-09-29,1166,2008-10-02 07:58:00,0,0.011829034318328853,False
1236,Logistic regression,"weekly, expanding",2008-09-29,1166,2008-10-02 08:24:00,0,0.37829237054833215,False
1237,Logistic regression,"weekly, expanding",2008-09-29,1166,2008-10-02 08:52:00,0,0.014693515346041762,False
1238,Logistic regression,"weekly, expanding",2008-09-29,1166,2008-10-02 08:57:00,0,0.0637215717118061,False
1239,Logistic regression,"weekly, expanding",2008-09-29,1166,2008-10-02 09:10:00,1,0.14173731539712747,False
1240,Logistic regression,"weekly, expanding",2008-09-29,1166,2008-10-02 09:42:00,0,0.03828953000871142,False
1241,Logistic regression,"weekly, expanding",2008-09-29,1166,2008-10-02 10:03:00,0,0.5895187953288743,False
1242,Logistic regression,"weekly, expanding",2008-09-29,1166,2008-10-02 14:07:00,1,0.31436070771015334,False
1243,Logistic regression,"weekly, expanding",2008-09-29,1166,2008-10-02 14:10:00,1,0.14830809378577992,False
1244,Logistic regression,"weekly, expanding",2008-09-29,1166,2008-10-02 14:54:00,0,0.18492316495518396,False
1245,Logistic regression,"weekly, expanding",2008-09-29,1166,2008-10-02 15:10:00,0,0.08160770831752408,False
1246,Logistic regression,"weekly, expanding",2008-09-29,1166,2008-10-02 15:44:00,0,0.5366416489889304,False
1247,Logistic regression,"weekly, expanding",2008-09-29,1166,2008-10-02 15:58:00,0,0.5916565249848662,False
1248,Logistic regression,"weekly, expanding",2008-09-29,1166,2008-10-02 16:32:00,0,0.13034923561755596,False
1249,Logistic regression,"weekly, expanding",2008-09-29,1166,2008-10-02 16:58:00,0,0.43024981912340404,False
1250,Logistic regression,"weekly, expanding",2008-09-29,1166,2008-10-02 17:00:00,0,0.7005750723685187,False
1251,Logistic regression,"weekly, expanding",2008-09-29,1166,2008-10-02 17:19:00,0,0.141042854507222,False
1252,Logistic regression,"weekly, expanding",2008-09-29,1166,2008-10-02 19:21:00,0,0.4124304222783013,False
1253,Logistic regression,"weekly, expanding",2008-09-29,1166,2008-10-02 19:25:00,0,0.8582138013923809,True
1254,Logistic regression,"weekly, expanding",2008-09-29,1166,2008-10-02 20:54:00,0,0.30240416852536645,False
1255,Logistic regression,"weekly, expanding",2008-09-29,1166,2008-10-02 21:32:00,1,0.3415105538321773,False
1256,Logistic regression,"weekly, expanding",2008-09-29,1166,2008-10-02 21:33:00,0,0.45373255674601093,False
1257,Logistic regression,"weekly, expanding",2008-09-29,1166,2008-10-02 22:23:00,0,0.4034811430194676,False
1258,Logistic regression,"weekly, expanding",2008-09-29,1166,2008-10-02 22:33:00,0,0.7257183397407778,False
1259,Logistic regression,"weekly, expanding",2008-09-29,1166,2008-10-02 23:32:00,0,0.04137676149093076,False
1260,Logistic regression,"weekly, expanding",2008-09-29,1166,2008-10-02 23:32:00,0,0.16560075531063895,False
1261,Logistic regression,"weekly, expanding",2008-09-29,1166,2008-10-03 00:24:00,0,0.2862208492280348,False
1262,Logistic regression,"weekly, expanding",2008-09-29,1166,2008-10-03 00:55:00,0,0.376221665794748,False
1263,Logistic regression,"weekly, expanding",2008-09-29,1166,2008-10-03 02:41:00,0,0.21140522447356566,False
1264,Logistic regression,"weekly, expanding",2008-09-29,1166,2008-10-03 03:52:00,0,0.33015804576570784,False
1265,Logistic regression,"weekly, expanding",2008-09-29,1166,2008-10-03 03:56:00,0,0.38669969113128366,False
1266,Logistic regression,"weekly, expanding",2008-09-29,1166,2008-10-03 04:49:00,0,0.1449587513170223,False
1267,Logistic regression,"weekly, expanding",2008-09-29,1166,2008-10-03 05:01:00,0,0.1456778300089828,False
1268,Logistic regression,"weekly, expanding",2008-09-29,1166,2008-10-03 05:45:00,0,0.1827214362309248,False
1269,Logistic regression,"weekly, expanding",2008-09-29,1166,2008-10-03 06:15:00,0,0.043489630758390005,False
1270,Logistic regression,"weekly, expanding",2008-09-29,1166,2008-10-03 08:35:00,0,0.1805413240774563,False
1271,Logistic regression,"weekly, expanding",2008-09-29,1166,2008-10-03 09:30:00,0,0.04388281515263152,False
1272,Logistic regression,"weekly, expanding",2008-09-29,1166,2008-10-03 11:40:00,0,0.15211368745219078,False
1273,Logistic regression,"weekly, expanding",2008-09-29,1166,2008-10-03 12:31:00,0,0.2730120672003633,False
1274,Logistic regression,"weekly, expanding",2008-09-29,1166,2008-10-03 18:45:00,0,0.17887542444613763,False
1275,Logistic regression,"weekly, expanding",2008-09-29,1166,2008-10-03 19:23:00,0,0.04047391790788943,False
1276,Logistic regression,"weekly, expanding",2008-09-29,1166,2008-10-03 19:23:00,0,0.44307981973607474,False
1277,Logistic regression,"weekly, expanding",2008-09-29,1166,2008-10-03 20:11:00,0,0.23829203676083122,False
1278,Logistic regression,"weekly, expanding",2008-09-29,1166,2008-10-03 20:26:00,0,0.07699794071753775,False
1279,Logistic regression,"weekly, expanding",2008-09-29,1166,2008-10-03 20:35:00,0,0.12584001698564815,False
1280,Logistic regression,"weekly, expanding",2008-09-29,1166,2008-10-03 20:46:00,0,0.16402032645705816,False
1281,Logistic regression,"weekly, expanding",2008-09-29,1166,2008-10-03 21:15:00,0,0.11736824718213301,False
1282,Logistic regression,"weekly, expanding",2008-09-29,1166,2008-10-03 21:52:00,0,0.18732000171951835,False
1283,Logistic regression,"weekly, expanding",2008-09-29,1166,2008-10-03 22:08:00,0,0.17817364114047599,False
1284,Logistic regression,"weekly, expanding",2008-09-29,1166,2008-10-03 22:53:00,0,0.2022285273305351,False
1285,Logistic regression,"weekly, expanding",2008-09-29,1166,2008-10-03 23:46:00,0,0.09323347708692249,False
1286,Logistic regression,"weekly, expanding",2008-09-29,1166,2008-10-04 00:58:00,0,0.1306746387398731,False
1287,Logistic regression,"weekly, expanding",2008-09-29,1166,2008-10-04 01:49:00,0,0.05518768650072733,False
1288,Logistic regression,"weekly, expanding",2008-09-29,1166,2008-10-04 02:36:00,0,0.3017638554246929,False
1289,Logistic regression,"weekly, expanding",2008-09-29,1166,2008-10-04 03:53:00,0,0.1931823156803966,False
1290,Logistic regression,"weekly, expanding",2008-09-29,1166,2008-10-04 04:12:00,0,0.11173607296609744,False
1291,Logistic regression,"weekly, expanding",2008-09-29,1166,2008-10-04 04:45:00,0,0.0898809923623056,False
1292,Logistic regression,"weekly, expanding",2008-09-29,1166,2008-10-04 09:29:00,0,0.038074628070806284,False
1293,Logistic regression,"weekly, expanding",2008-09-29,1166,2008-10-04 15:16:00,0,0.37913186988407366,False
1294,Logistic regression,"weekly, expanding",2008-09-29,1166,2008-10-04 16:58:00,0,0.0921035945097243,False
1295,Logistic regression,"weekly, expanding",2008-09-29,1166,2008-10-04 18:15:00,0,0.12870733156108458,False
1296,Logistic regression,"weekly, expanding",2008-09-29,1166,2008-10-04 18:25:00,0,0.15012654944483605,False
1297,Logistic regression,"weekly, expanding",2008-09-29,1166,2008-10-04 18:59:00,0,0.10093899364982149,False
1298,Logistic regression,"weekly, expanding",2008-09-29,1166,2008-10-04 19:12:00,0,0.254015558925861,False
1299,Logistic regression,"weekly, expanding",2008-09-29,1166,2008-10-04 19:47:00,0,0.37084249347077325,False
1300,Logistic regression,"weekly, expanding",2008-09-29,1166,2008-10-04 19:54:00,0,0.19287834541449903,False
1301,Logistic regression,"weekly, expanding",2008-09-29,1166,2008-10-04 20:39:00,0,0.2357671369024166,False
1302,Logistic regression,"weekly, expanding",2008-09-29,1166,2008-10-04 22:06:00,0,0.1208540462164204,False
1303,Logistic regression,"weekly, expanding",2008-09-29,1166,2008-10-04 23:18:00,1,0.11311396902499246,False
1304,Logistic regression,"weekly, expanding",2008-09-29,1166,2008-10-05 00:33:00,1,0.1246459568362895,False
1305,Logistic regression,"weekly, expanding",2008-09-29,1166,2008-10-05 00:33:00,0,2.9598681974371236e-94,False
1306,Logistic regression,"weekly, expanding",2008-09-29,1166,2008-10-05 01:35:00,0,0.17673229912896368,False
1307,Logistic regression,"weekly, expanding",2008-09-29,1166,2008-10-05 04:01:00,0,0.06111774973158236,False
1308,Logistic regression,"weekly, expanding",2008-09-29,1166,2008-10-05 04:20:00,0,0.012265731638252377,False
1309,Logistic regression,"weekly, expanding",2008-09-29,1166,2008-10-05 04:48:00,0,0.008906660925158337,False
1310,Logistic regression,"weekly, expanding",2008-09-29,1166,2008-10-05 05:31:00,0,0.07528761681569045,False
1311,Logistic regression,"weekly, expanding",2008-09-29,1166,2008-10-05 05:53:00,0,0.014812097889776246,False
1312,Logistic regression,"weekly, expanding",2008-09-29,1166,2008-10-05 06:15:00,0,0.5050679176404803,False
1313,Logistic regression,"weekly, expanding",2008-09-29,1166,2008-10-05 08:02:00,0,0.03345798863423565,False
1314,Logistic regression,"weekly, expanding",2008-09-29,1166,2008-10-05 08:40:00,0,0.09262016231263537,False
1315,Logistic regression,"weekly, expanding",2008-09-29,1166,2008-10-05 09:04:00,0,0.010652614753137989,False
1316,Logistic regression,"weekly, expanding",2008-09-29,1166,2008-10-05 09:47:00,0,0.16091198310108296,False
1317,Logistic regression,"weekly, expanding",2008-09-29,1166,2008-10-05 10:00:00,0,0.1657943636532484,False
1318,Logistic regression,"weekly, expanding",2008-09-29,1166,2008-10-05 10:43:00,0,0.10259778739892053,False
1319,Logistic regression,"weekly, expanding",2008-09-29,1166,2008-10-05 11:05:00,0,0.04317368460264034,False
1320,Logistic regression,"weekly, expanding",2008-09-29,1166,2008-10-05 11:30:00,0,0.015303463170552251,False
1321,Logistic regression,"weekly, expanding",2008-09-29,1166,2008-10-05 12:03:00,0,4.471484473920991e-95,False
1322,Logistic regression,"weekly, expanding",2008-09-29,1166,2008-10-05 12:17:00,0,0.307334000815365,False
1323,Logistic regression,"weekly, expanding",2008-09-29,1166,2008-10-05 13:49:00,0,0.31586461761016854,False
1324,Logistic regression,"weekly, expanding",2008-09-29,1166,2008-10-05 14:34:00,0,0.03829601379079228,False
1325,Logistic regression,"weekly, expanding",2008-09-29,1166,2008-10-05 15:30:00,1,0.5259031081601145,False
1326,Logistic regression,"weekly, expanding",2008-09-29,1166,2008-10-05 15:35:00,1,0.09257751674599679,False
1327,Logistic regression,"weekly, expanding",2008-09-29,1166,2008-10-05 16:15:00,0,0.7322663662994983,False
1328,Logistic regression,"weekly, expanding",2008-09-29,1166,2008-10-05 16:37:00,1,0.241374313034543,False
1329,Logistic regression,"weekly, expanding",2008-09-29,1166,2008-10-05 16:49:00,1,0.1222721389512591,False
1330,Logistic regression,"weekly, expanding",2008-09-29,1166,2008-10-05 18:46:00,1,0.11638239436209152,False
1331,Logistic regression,"weekly, expanding",2008-09-29,1166,2008-10-05 18:59:00,0,0.16057548926471044,False
1332,Logistic regression,"weekly, expanding",2008-09-29,1166,2008-10-05 19:45:00,0,0.01648398656197178,False
1333,Logistic regression,"weekly, expanding",2008-09-29,1166,2008-10-05 20:12:00,0,0.04554337596250623,False
1334,Logistic regression,"weekly, expanding",2008-09-29,1166,2008-10-05 20:30:00,0,0.19800532603656185,False
1335,Logistic regression,"weekly, expanding",2008-09-29,1166,2008-10-05 22:13:00,0,0.14669381561830677,False
1336,Logistic regression,"weekly, expanding",2008-10-06,1335,2008-10-06 00:41:00,0,0.039862743657386464,False
1337,Logistic regression,"weekly, expanding",2008-10-06,1335,2008-10-06 01:25:00,0,0.0947505449287156,False
1338,Logistic regression,"weekly, expanding",2008-10-06,1335,2008-10-06 01:27:00,0,0.036201806614513894,False
1339,Logistic regression,"weekly, expanding",2008-10-06,1335,2008-10-06 01:30:00,0,0.01972586716204991,False
1340,Logistic regression,"weekly, expanding",2008-10-06,1335,2008-10-06 02:44:00,0,0.180878337969538,False
1341,Logistic regression,"weekly, expanding",2008-10-06,1335,2008-10-06 02:49:00,0,0.19904950152286774,False
1342,Logistic regression,"weekly, expanding",2008-10-06,1335,2008-10-06 03:31:00,0,0.09699954903902945,False
1343,Logistic regression,"weekly, expanding",2008-10-06,1335,2008-10-06 03:50:00,1,0.10198338345262224,False
1344,Logistic regression,"weekly, expanding",2008-10-06,1335,2008-10-06 03:57:00,1,0.6186100180717887,False
1345,Logistic regression,"weekly, expanding",2008-10-06,1335,2008-10-06 04:26:00,0,0.49286350859386885,False
1346,Logistic regression,"weekly, expanding",2008-10-06,1335,2008-10-06 05:21:00,0,0.13838033999006957,False
1347,Logistic regression,"weekly, expanding",2008-10-06,1335,2008-10-06 05:24:00,0,0.5130688254267781,False
1348,Logistic regression,"weekly, expanding",2008-10-06,1335,2008-10-06 06:11:00,0,0.06007100935141706,False
1349,Logistic regression,"weekly, expanding",2008-10-06,1335,2008-10-06 06:26:00,0,0.21121910557954443,False
1350,Logistic regression,"weekly, expanding",2008-10-06,1335,2008-10-06 06:49:00,0,0.01532451145507785,False
1351,Logistic regression,"weekly, expanding",2008-10-06,1335,2008-10-06 07:12:00,0,0.05536561665151436,False
1352,Logistic regression,"weekly, expanding",2008-10-06,1335,2008-10-06 07:17:00,0,0.036352129937073374,False
1353,Logistic regression,"weekly, expanding",2008-10-06,1335,2008-10-06 07:35:00,0,0.09454061934783103,False
1354,Logistic regression,"weekly, expanding",2008-10-06,1335,2008-10-06 07:38:00,0,0.03648034433141093,False
1355,Logistic regression,"weekly, expanding",2008-10-06,1335,2008-10-06 08:24:00,0,0.08517664547039745,False
1356,Logistic regression,"weekly, expanding",2008-10-06,1335,2008-10-06 08:57:00,0,0.06327763711008175,False
1357,Logistic regression,"weekly, expanding",2008-10-06,1335,2008-10-06 09:11:00,0,0.0852403969800162,False
1358,Logistic regression,"weekly, expanding",2008-10-06,1335,2008-10-06 09:57:00,0,0.12322727158944896,False
1359,Logistic regression,"weekly, expanding",2008-10-06,1335,2008-10-06 10:07:00,0,0.14773086018878634,False
1360,Logistic regression,"weekly, expanding",2008-10-06,1335,2008-10-06 11:51:00,0,0.3304528972932975,False
1361,Logistic regression,"weekly, expanding",2008-10-06,1335,2008-10-06 12:39:00,0,0.26241806474160756,False
1362,Logistic regression,"weekly, expanding",2008-10-06,1335,2008-10-06 12:42:00,0,0.3522579733138916,False
1363,Logistic regression,"weekly, expanding",2008-10-06,1335,2008-10-06 13:08:00,0,0.049576991717008224,False
1364,Logistic regression,"weekly, expanding",2008-10-06,1335,2008-10-06 13:38:00,1,0.41784314938835077,False
1365,Logistic regression,"weekly, expanding",2008-10-06,1335,2008-10-06 13:55:00,1,0.5431805857064418,False
1366,Logistic regression,"weekly, expanding",2008-10-06,1335,2008-10-06 15:00:00,1,0.1745646843253802,False
1367,Logistic regression,"weekly, expanding",2008-10-06,1335,2008-10-06 15:01:00,0,0.33150711012960893,False
1368,Logistic regression,"weekly, expanding",2008-10-06,1335,2008-10-06 15:52:00,0,0.2723030590651949,False
1369,Logistic regression,"weekly, expanding",2008-10-06,1335,2008-10-06 16:42:00,0,0.028124963694685968,False
1370,Logistic regression,"weekly, expanding",2008-10-06,1335,2008-10-06 16:50:00,0,0.21357264753899405,False
1371,Logistic regression,"weekly, expanding",2008-10-06,1335,2008-10-06 17:26:00,0,0.03717723559762084,False
1372,Logistic regression,"weekly, expanding",2008-10-06,1335,2008-10-06 17:26:00,0,0.14256162685657855,False
1373,Logistic regression,"weekly, expanding",2008-10-06,1335,2008-10-06 17:35:00,0,0.10465310788368587,False
1374,Logistic regression,"weekly, expanding",2008-10-06,1335,2008-10-06 18:54:00,0,0.15342293343655866,False
1375,Logistic regression,"weekly, expanding",2008-10-06,1335,2008-10-06 18:55:00,0,0.05707970028441611,False
1376,Logistic regression,"weekly, expanding",2008-10-06,1335,2008-10-06 19:42:00,0,0.06313461273883515,False
1377,Logistic regression,"weekly, expanding",2008-10-06,1335,2008-10-06 20:02:00,0,0.2307905241705773,False
1378,Logistic regression,"weekly, expanding",2008-10-06,1335,2008-10-06 20:36:00,0,0.11986011493577724,False
1379,Logistic regression,"weekly, expanding",2008-10-06,1335,2008-10-06 20:47:00,0,0.14815073095174885,False
1380,Logistic regression,"weekly, expanding",2008-10-06,1335,2008-10-06 21:46:00,0,0.5462241784869566,False
1381,Logistic regression,"weekly, expanding",2008-10-06,1335,2008-10-06 21:48:00,0,0.009269575553325518,False
1382,Logistic regression,"weekly, expanding",2008-10-06,1335,2008-10-06 22:37:00,0,0.1326482076217608,False
1383,Logistic regression,"weekly, expanding",2008-10-06,1335,2008-10-06 23:03:00,0,0.07044449598151975,False
1384,Logistic regression,"weekly, expanding",2008-10-06,1335,2008-10-07 01:46:00,0,0.025742828980015727,False
1385,Logistic regression,"weekly, expanding",2008-10-06,1335,2008-10-07 03:29:00,0,0.18513106753465355,False
1386,Logistic regression,"weekly, expanding",2008-10-06,1335,2008-10-07 03:39:00,0,0.5573200825054345,False
1387,Logistic regression,"weekly, expanding",2008-10-06,1335,2008-10-07 07:32:00,0,0.0816455978950124,False
1388,Logistic regression,"weekly, expanding",2008-10-06,1335,2008-10-07 07:41:00,0,0.06416246167671925,False
1389,Logistic regression,"weekly, expanding",2008-10-06,1335,2008-10-07 08:25:00,0,0.12001443292693464,False
1390,Logistic regression,"weekly, expanding",2008-10-06,1335,2008-10-07 08:26:00,0,0.05599001227492291,False
1391,Logistic regression,"weekly, expanding",2008-10-06,1335,2008-10-07 09:11:00,0,0.14130909163331168,False
1392,Logistic regression,"weekly, expanding",2008-10-06,1335,2008-10-07 09:20:00,0,0.12195140211438976,False
1393,Logistic regression,"weekly, expanding",2008-10-06,1335,2008-10-07 09:59:00,0,0.09092675487808215,False
1394,Logistic regression,"weekly, expanding",2008-10-06,1335,2008-10-07 10:04:00,0,0.11608986948415763,False
1395,Logistic regression,"weekly, expanding",2008-10-06,1335,2008-10-07 10:10:00,0,0.12502114288967997,False
1396,Logistic regression,"weekly, expanding",2008-10-06,1335,2008-10-07 10:51:00,0,0.1193599231641112,False
1397,Logistic regression,"weekly, expanding",2008-10-06,1335,2008-10-07 11:15:00,0,0.4220303312739554,False
1398,Logistic regression,"weekly, expanding",2008-10-06,1335,2008-10-07 11:16:00,0,0.9502449255283765,True
1399,Logistic regression,"weekly, expanding",2008-10-06,1335,2008-10-07 11:36:00,0,0.1740734740341859,False
1400,Logistic regression,"weekly, expanding",2008-10-06,1335,2008-10-07 12:40:00,0,0.1122485334972919,False
1401,Logistic regression,"weekly, expanding",2008-10-06,1335,2008-10-07 13:10:00,1,0.9515186452221863,True
1402,Logistic regression,"weekly, expanding",2008-10-06,1335,2008-10-07 13:48:00,0,0.3797206701763261,False
1403,Logistic regression,"weekly, expanding",2008-10-06,1335,2008-10-07 14:35:00,0,0.12546475903993248,False
1404,Logistic regression,"weekly, expanding",2008-10-06,1335,2008-10-07 16:32:00,0,0.5158052952587162,False
1405,Logistic regression,"weekly, expanding",2008-10-06,1335,2008-10-07 17:06:00,0,0.016128883707565825,False
1406,Logistic regression,"weekly, expanding",2008-10-06,1335,2008-10-07 17:28:00,0,0.0932670085762143,False
1407,Logistic regression,"weekly, expanding",2008-10-06,1335,2008-10-07 18:39:00,0,0.09480678453647386,False
1408,Logistic regression,"weekly, expanding",2008-10-06,1335,2008-10-07 19:24:00,0,0.16991764578040794,False
1409,Logistic regression,"weekly, expanding",2008-10-06,1335,2008-10-07 20:19:00,0,0.04199812264084757,False
1410,Logistic regression,"weekly, expanding",2008-10-06,1335,2008-10-07 20:39:00,0,0.25972633705353204,False
1411,Logistic regression,"weekly, expanding",2008-10-06,1335,2008-10-07 20:48:00,0,0.3262946138327372,False
1412,Logistic regression,"weekly, expanding",2008-10-06,1335,2008-10-08 04:47:00,0,0.35866940735736497,False
1413,Logistic regression,"weekly, expanding",2008-10-06,1335,2008-10-08 05:35:00,0,0.20016997968942213,False
1414,Logistic regression,"weekly, expanding",2008-10-06,1335,2008-10-08 05:38:00,0,0.09865194897125804,False
1415,Logistic regression,"weekly, expanding",2008-10-06,1335,2008-10-08 06:25:00,0,0.21246410954571296,False
1416,Logistic regression,"weekly, expanding",2008-10-06,1335,2008-10-08 07:10:00,0,0.14888311860869546,False
1417,Logistic regression,"weekly, expanding",2008-10-06,1335,2008-10-08 07:13:00,0,0.03178376273239866,False
1418,Logistic regression,"weekly, expanding",2008-10-06,1335,2008-10-08 07:16:00,0,0.12269940250789017,False
1419,Logistic regression,"weekly, expanding",2008-10-06,1335,2008-10-08 09:01:00,0,0.004524145423156824,False
1420,Logistic regression,"weekly, expanding",2008-10-06,1335,2008-10-08 09:06:00,0,0.08108459634586951,False
1421,Logistic regression,"weekly, expanding",2008-10-06,1335,2008-10-08 10:37:00,0,0.11938781490152316,False
1422,Logistic regression,"weekly, expanding",2008-10-06,1335,2008-10-08 12:11:00,0,0.05966141037393368,False
1423,Logistic regression,"weekly, expanding",2008-10-06,1335,2008-10-08 13:35:00,0,0.019520964211272245,False
1424,Logistic regression,"weekly, expanding",2008-10-06,1335,2008-10-08 13:38:00,0,0.03621007141339841,False
1425,Logistic regression,"weekly, expanding",2008-10-06,1335,2008-10-08 14:48:00,0,0.13773054987541963,False
1426,Logistic regression,"weekly, expanding",2008-10-06,1335,2008-10-08 15:37:00,0,0.031077671126152517,False
1427,Logistic regression,"weekly, expanding",2008-10-06,1335,2008-10-08 16:26:00,0,0.06308205553509924,False
1428,Logistic regression,"weekly, expanding",2008-10-06,1335,2008-10-08 17:14:00,0,0.19807701028898173,False
1429,Logistic regression,"weekly, expanding",2008-10-06,1335,2008-10-08 17:31:00,0,0.13899919704255484,False
1430,Logistic regression,"weekly, expanding",2008-10-06,1335,2008-10-08 17:41:00,0,0.004352781825681253,False
1431,Logistic regression,"weekly, expanding",2008-10-06,1335,2008-10-08 18:22:00,0,0.036530620685237825,False
1432,Logistic regression,"weekly, expanding",2008-10-06,1335,2008-10-08 20:27:00,0,0.26756663399663755,False
1433,Logistic regression,"weekly, expanding",2008-10-06,1335,2008-10-08 21:19:00,0,0.37326896788209163,False
1434,Logistic regression,"weekly, expanding",2008-10-06,1335,2008-10-08 21:45:00,0,0.040059110174244746,False
1435,Logistic regression,"weekly, expanding",2008-10-06,1335,2008-10-08 22:08:00,0,0.03235749712006037,False
1436,Logistic regression,"weekly, expanding",2008-10-06,1335,2008-10-08 23:13:00,0,0.3557985230842549,False
1437,Logistic regression,"weekly, expanding",2008-10-06,1335,2008-10-08 23:50:00,0,0.08925334752799152,False
1438,Logistic regression,"weekly, expanding",2008-10-06,1335,2008-10-09 00:23:00,0,0.04948231667089894,False
1439,Logistic regression,"weekly, expanding",2008-10-06,1335,2008-10-09 04:34:00,1,0.38714392218709137,False
1440,Logistic regression,"weekly, expanding",2008-10-06,1335,2008-10-09 06:06:00,0,0.04073417881820791,False
1441,Logistic regression,"weekly, expanding",2008-10-06,1335,2008-10-09 07:38:00,0,0.39627548153520215,False
1442,Logistic regression,"weekly, expanding",2008-10-06,1335,2008-10-09 14:15:00,0,0.20756894762431916,False
1443,Logistic regression,"weekly, expanding",2008-10-06,1335,2008-10-09 15:04:00,0,0.08738885893220161,False
1444,Logistic regression,"weekly, expanding",2008-10-06,1335,2008-10-09 15:55:00,1,0.20476035948842067,False
1445,Logistic regression,"weekly, expanding",2008-10-06,1335,2008-10-09 15:56:00,0,0.11275089202525802,False
1446,Logistic regression,"weekly, expanding",2008-10-06,1335,2008-10-10 10:05:00,0,0.04410393107112754,False
1447,Logistic regression,"weekly, expanding",2008-10-06,1335,2008-10-10 10:46:00,0,0.31705152007978293,False
1448,Logistic regression,"weekly, expanding",2008-10-06,1335,2008-10-10 10:53:00,0,0.4286255914244934,False
1449,Logistic regression,"weekly, expanding",2008-10-06,1335,2008-10-10 12:30:00,0,0.0638621123179035,False
1450,Logistic regression,"weekly, expanding",2008-10-06,1335,2008-10-10 15:33:00,0,0.09577592930845223,False
1451,Logistic regression,"weekly, expanding",2008-10-06,1335,2008-10-10 15:50:00,0,0.12028539253035841,False
1452,Logistic regression,"weekly, expanding",2008-10-06,1335,2008-10-10 20:02:00,0,0.2310373835003454,False
1453,Logistic regression,"weekly, expanding",2008-10-06,1335,2008-10-10 21:03:00,0,0.1623701607799618,False
1454,Logistic regression,"weekly, expanding",2008-10-06,1335,2008-10-10 21:07:00,0,0.14032416396796443,False
1455,Logistic regression,"weekly, expanding",2008-10-06,1335,2008-10-10 21:16:00,0,0.04084035983903619,False
1456,Logistic regression,"weekly, expanding",2008-10-06,1335,2008-10-11 02:55:00,0,0.09154629595976102,False
1457,Logistic regression,"weekly, expanding",2008-10-06,1335,2008-10-11 06:56:00,0,0.01075527025914452,False
1458,Logistic regression,"weekly, expanding",2008-10-06,1335,2008-10-11 07:38:00,0,0.04671967063006944,False
1459,Logistic regression,"weekly, expanding",2008-10-06,1335,2008-10-11 07:39:00,0,0.9115396641573625,True
1460,Logistic regression,"weekly, expanding",2008-10-06,1335,2008-10-11 07:42:00,0,0.03559174558177365,False
1461,Logistic regression,"weekly, expanding",2008-10-06,1335,2008-10-11 08:27:00,0,0.3120367922290943,False
1462,Logistic regression,"weekly, expanding",2008-10-06,1335,2008-10-11 14:43:00,0,0.00985773662757407,False
1463,Logistic regression,"weekly, expanding",2008-10-06,1335,2008-10-11 15:33:00,0,0.04516838102486574,False
1464,Logistic regression,"weekly, expanding",2008-10-06,1335,2008-10-11 16:25:00,0,0.03282580388006339,False
1465,Logistic regression,"weekly, expanding",2008-10-06,1335,2008-10-11 23:16:00,0,0.09746729728465679,False
1466,Logistic regression,"weekly, expanding",2008-10-06,1335,2008-10-11 23:58:00,0,0.024192756736314363,False
1467,Logistic regression,"weekly, expanding",2008-10-06,1335,2008-10-12 00:57:00,0,0.011402861842232551,False
1468,Logistic regression,"weekly, expanding",2008-10-06,1335,2008-10-12 01:50:00,0,0.1753427169437103,False
1469,Logistic regression,"weekly, expanding",2008-10-06,1335,2008-10-12 02:59:00,0,0.02703406055575376,False
1470,Logistic regression,"weekly, expanding",2008-10-06,1335,2008-10-12 03:21:00,0,0.02803851383279617,False
1471,Logistic regression,"weekly, expanding",2008-10-06,1335,2008-10-12 03:28:00,0,0.37661907959020463,False
1472,Logistic regression,"weekly, expanding",2008-10-06,1335,2008-10-12 08:19:00,0,0.18609717570452908,False
1473,Logistic regression,"weekly, expanding",2008-10-06,1335,2008-10-12 18:47:00,0,0.09103415249252117,False
1474,Logistic regression,"weekly, expanding",2008-10-13,1473,2008-10-13 03:34:00,0,0.028270110546604662,False
1475,Logistic regression,"weekly, expanding",2008-10-13,1473,2008-10-13 03:53:00,0,0.1718225290667506,False
1476,Logistic regression,"weekly, expanding",2008-10-13,1473,2008-10-13 11:27:00,0,0.013355186715935715,False
1477,Logistic regression,"weekly, expanding",2008-10-13,1473,2008-10-13 12:18:00,0,0.077994219289346,False
1478,Logistic regression,"weekly, expanding",2008-10-13,1473,2008-10-13 14:06:00,0,0.015768061438742927,False
1479,Logistic regression,"weekly, expanding",2008-10-13,1473,2008-10-13 14:29:00,0,0.04355174650940517,False
1480,Logistic regression,"weekly, expanding",2008-10-13,1473,2008-10-13 14:30:00,0,0.3488148424089397,False
1481,Logistic regression,"weekly, expanding",2008-10-13,1473,2008-10-13 14:55:00,0,0.03180226191446119,False
1482,Logistic regression,"weekly, expanding",2008-10-13,1473,2008-10-13 15:42:00,0,0.106264371227836,False
1483,Logistic regression,"weekly, expanding",2008-10-13,1473,2008-10-13 15:42:00,0,0.05335483035038872,False
1484,Logistic regression,"weekly, expanding",2008-10-13,1473,2008-10-13 16:13:00,0,0.16056684762394136,False
1485,Logistic regression,"weekly, expanding",2008-10-13,1473,2008-10-13 19:17:00,0,0.11839596860576891,False
1486,Logistic regression,"weekly, expanding",2008-10-13,1473,2008-10-13 19:36:00,0,0.5562716241832276,False
1487,Logistic regression,"weekly, expanding",2008-10-13,1473,2008-10-13 19:40:00,0,0.28522803974944083,False
1488,Logistic regression,"weekly, expanding",2008-10-13,1473,2008-10-13 20:10:00,0,0.30227974028405635,False
1489,Logistic regression,"weekly, expanding",2008-10-13,1473,2008-10-13 20:30:00,0,0.01581513870749902,False
1490,Logistic regression,"weekly, expanding",2008-10-13,1473,2008-10-13 20:53:00,0,0.04368821844690911,False
1491,Logistic regression,"weekly, expanding",2008-10-13,1473,2008-10-13 21:20:00,0,0.16446298780643726,False
1492,Logistic regression,"weekly, expanding",2008-10-13,1473,2008-10-13 21:47:00,0,0.03361795867502898,False
1493,Logistic regression,"weekly, expanding",2008-10-13,1473,2008-10-13 21:57:00,0,0.14993637502753712,False
1494,Logistic regression,"weekly, expanding",2008-10-13,1473,2008-10-13 22:48:00,0,0.04521306976320804,False
1495,Logistic regression,"weekly, expanding",2008-10-13,1473,2008-10-13 22:54:00,0,0.2910815950667619,False
1496,Logistic regression,"weekly, expanding",2008-10-13,1473,2008-10-14 00:35:00,0,0.4100767964969851,False
1497,Logistic regression,"weekly, expanding",2008-10-13,1473,2008-10-14 03:21:00,0,0.09671868249008428,False
1498,Logistic regression,"weekly, expanding",2008-10-13,1473,2008-10-14 03:28:00,0,0.05463036866803735,False
1499,Logistic regression,"weekly, expanding",2008-10-13,1473,2008-10-14 03:35:00,0,0.2534425412072431,False
1500,Logistic regression,"weekly, expanding",2008-10-13,1473,2008-10-14 13:13:00,0,0.3994863580636665,False
1501,Logistic regression,"weekly, expanding",2008-10-13,1473,2008-10-14 13:16:00,0,0.7662177778096022,True
1502,Logistic regression,"weekly, expanding",2008-10-13,1473,2008-10-14 14:07:00,0,0.07917505075619763,False
1503,Logistic regression,"weekly, expanding",2008-10-13,1473,2008-10-14 14:15:00,0,0.036646659730675595,False
1504,Logistic regression,"weekly, expanding",2008-10-13,1473,2008-10-14 14:43:00,0,0.15102397571094398,False
1505,Logistic regression,"weekly, expanding",2008-10-13,1473,2008-10-14 17:36:00,0,0.12670659750954053,False
1506,Logistic regression,"weekly, expanding",2008-10-13,1473,2008-10-14 19:15:00,0,0.42639705562895125,False
1507,Logistic regression,"weekly, expanding",2008-10-13,1473,2008-10-14 20:01:00,0,0.2551139761369444,False
1508,Logistic regression,"weekly, expanding",2008-10-13,1473,2008-10-14 20:30:00,0,0.6785198060342811,False
1509,Logistic regression,"weekly, expanding",2008-10-13,1473,2008-10-14 20:48:00,0,0.2933928741342369,False
1510,Logistic regression,"weekly, expanding",2008-10-13,1473,2008-10-14 21:36:00,0,0.3621013561997498,False
1511,Logistic regression,"weekly, expanding",2008-10-13,1473,2008-10-14 23:07:00,0,0.18027688960796845,False
1512,Logistic regression,"weekly, expanding",2008-10-13,1473,2008-10-15 00:03:00,0,0.1437576413808721,False
1513,Logistic regression,"weekly, expanding",2008-10-13,1473,2008-10-15 00:27:00,0,0.26273314877399456,False
1514,Logistic regression,"weekly, expanding",2008-10-13,1473,2008-10-15 00:47:00,0,0.6457630674983816,False
1515,Logistic regression,"weekly, expanding",2008-10-13,1473,2008-10-15 01:52:00,0,0.13621881032514713,False
1516,Logistic regression,"weekly, expanding",2008-10-13,1473,2008-10-15 01:52:00,0,0.4218750162190989,False
1517,Logistic regression,"weekly, expanding",2008-10-13,1473,2008-10-15 01:52:00,0,0.25349813481632366,False
1518,Logistic regression,"weekly, expanding",2008-10-13,1473,2008-10-15 02:40:00,0,0.07200219612979009,False
1519,Logistic regression,"weekly, expanding",2008-10-13,1473,2008-10-15 02:40:00,0,0.30600334684026753,False
1520,Logistic regression,"weekly, expanding",2008-10-13,1473,2008-10-15 02:42:00,1,0.7011182289550663,False
1521,Logistic regression,"weekly, expanding",2008-10-13,1473,2008-10-15 03:24:00,0,0.24028591424368909,False
1522,Logistic regression,"weekly, expanding",2008-10-13,1473,2008-10-15 04:08:00,0,0.2327011767318408,False
1523,Logistic regression,"weekly, expanding",2008-10-13,1473,2008-10-15 05:13:00,0,0.525551946745873,False
1524,Logistic regression,"weekly, expanding",2008-10-13,1473,2008-10-15 05:16:00,0,0.0849234665738379,False
1525,Logistic regression,"weekly, expanding",2008-10-13,1473,2008-10-15 06:49:00,0,0.05300833486098679,False
1526,Logistic regression,"weekly, expanding",2008-10-13,1473,2008-10-15 07:36:00,0,0.09885399390490077,False
1527,Logistic regression,"weekly, expanding",2008-10-13,1473,2008-10-15 07:55:00,0,0.097241404761035,False
1528,Logistic regression,"weekly, expanding",2008-10-13,1473,2008-10-15 08:21:00,0,0.2318840049033204,False
1529,Logistic regression,"weekly, expanding",2008-10-13,1473,2008-10-15 09:11:00,0,0.26655388000326335,False
1530,Logistic regression,"weekly, expanding",2008-10-13,1473,2008-10-15 10:00:00,0,0.025524766715465143,False
1531,Logistic regression,"weekly, expanding",2008-10-13,1473,2008-10-15 12:53:00,0,0.7918446132510991,True
1532,Logistic regression,"weekly, expanding",2008-10-13,1473,2008-10-15 13:14:00,0,0.31890797060115944,False
1533,Logistic regression,"weekly, expanding",2008-10-13,1473,2008-10-15 13:16:00,0,0.17118116038417044,False
1534,Logistic regression,"weekly, expanding",2008-10-13,1473,2008-10-15 14:08:00,0,0.5596808079276238,False
1535,Logistic regression,"weekly, expanding",2008-10-13,1473,2008-10-15 15:11:00,0,0.10822376025884851,False
1536,Logistic regression,"weekly, expanding",2008-10-13,1473,2008-10-15 16:24:00,0,0.1248827640313986,False
1537,Logistic regression,"weekly, expanding",2008-10-13,1473,2008-10-15 17:19:00,0,0.07853143549378094,False
1538,Logistic regression,"weekly, expanding",2008-10-13,1473,2008-10-15 18:16:00,0,0.057055103504532134,False
1539,Logistic regression,"weekly, expanding",2008-10-13,1473,2008-10-15 19:15:00,0,0.10513420791046943,False
1540,Logistic regression,"weekly, expanding",2008-10-13,1473,2008-10-15 19:24:00,0,0.15975202215028952,False
1541,Logistic regression,"weekly, expanding",2008-10-13,1473,2008-10-15 21:44:00,0,0.06406996276590184,False
1542,Logistic regression,"weekly, expanding",2008-10-13,1473,2008-10-15 22:45:00,0,0.060299889417363695,False
1543,Logistic regression,"weekly, expanding",2008-10-13,1473,2008-10-15 22:54:00,0,0.4638488945828791,False
1544,Logistic regression,"weekly, expanding",2008-10-13,1473,2008-10-15 23:00:00,0,0.14591818534188022,False
1545,Logistic regression,"weekly, expanding",2008-10-13,1473,2008-10-15 23:45:00,0,0.2636745250154681,False
1546,Logistic regression,"weekly, expanding",2008-10-13,1473,2008-10-16 02:16:00,0,0.2787671255237731,False
1547,Logistic regression,"weekly, expanding",2008-10-13,1473,2008-10-16 02:16:00,0,0.051695278061354336,False
1548,Logistic regression,"weekly, expanding",2008-10-13,1473,2008-10-16 02:17:00,0,0.485854411250075,False
1549,Logistic regression,"weekly, expanding",2008-10-13,1473,2008-10-16 02:22:00,0,0.12315659791054463,False
1550,Logistic regression,"weekly, expanding",2008-10-13,1473,2008-10-16 02:55:00,0,0.15429067405461505,False
1551,Logistic regression,"weekly, expanding",2008-10-13,1473,2008-10-16 03:56:00,0,0.10315867390194183,False
1552,Logistic regression,"weekly, expanding",2008-10-13,1473,2008-10-16 04:02:00,0,0.11769630718035039,False
1553,Logistic regression,"weekly, expanding",2008-10-13,1473,2008-10-16 04:02:00,0,0.23282680507926687,False
1554,Logistic regression,"weekly, expanding",2008-10-13,1473,2008-10-16 04:04:00,0,0.13786581409368803,False
1555,Logistic regression,"weekly, expanding",2008-10-13,1473,2008-10-16 04:47:00,0,0.4951231215360807,False
1556,Logistic regression,"weekly, expanding",2008-10-13,1473,2008-10-16 04:50:00,0,0.8221862308468553,True
1557,Logistic regression,"weekly, expanding",2008-10-13,1473,2008-10-16 04:54:00,0,0.675838372311112,False
1558,Logistic regression,"weekly, expanding",2008-10-13,1473,2008-10-16 05:08:00,0,0.37127118161094186,False
1559,Logistic regression,"weekly, expanding",2008-10-13,1473,2008-10-16 05:13:00,0,0.21121023722998641,False
1560,Logistic regression,"weekly, expanding",2008-10-13,1473,2008-10-16 05:44:00,0,0.1113410495309745,False
1561,Logistic regression,"weekly, expanding",2008-10-13,1473,2008-10-16 05:58:00,0,0.22313732244493223,False
1562,Logistic regression,"weekly, expanding",2008-10-13,1473,2008-10-16 15:02:00,0,0.004240387481631699,False
1563,Logistic regression,"weekly, expanding",2008-10-13,1473,2008-10-16 15:13:00,0,0.15023219467327503,False
1564,Logistic regression,"weekly, expanding",2008-10-13,1473,2008-10-16 20:49:00,0,0.5047082585583265,False
1565,Logistic regression,"weekly, expanding",2008-10-13,1473,2008-10-17 05:26:00,0,0.005829046314632146,False
1566,Logistic regression,"weekly, expanding",2008-10-13,1473,2008-10-17 06:01:00,0,0.3579328999712751,False
1567,Logistic regression,"weekly, expanding",2008-10-13,1473,2008-10-17 06:07:00,0,0.00264360319002556,False
191,Logistic regression,"weekly, sliding 4 wk",2008-08-11,190,2008-08-11 03:06:00,0,0.6665376678213032,False
192,Logistic regression,"weekly, sliding 4 wk",2008-08-11,190,2008-08-11 04:09:00,0,0.28610668470033873,False
193,Logistic regression,"weekly, sliding 4 wk",2008-08-11,190,2008-08-11 05:15:00,0,0.48403481780499397,False
194,Logistic regression,"weekly, sliding 4 wk",2008-08-11,190,2008-08-11 11:35:00,0,0.5172443968778473,False
195,Logistic regression,"weekly, sliding 4 wk",2008-08-11,190,2008-08-11 12:38:00,0,0.4439695819307555,False
196,Logistic regression,"weekly, sliding 4 wk",2008-08-11,190,2008-08-12 04:23:00,0,0.2029720782256562,False
197,Logistic regression,"weekly, sliding 4 wk",2008-08-11,190,2008-08-12 06:16:00,0,0.373208408588244,False
198,Logistic regression,"weekly, sliding 4 wk",2008-08-11,190,2008-08-12 10:54:00,0,0.3318190237121401,False
199,Logistic regression,"weekly, sliding 4 wk",2008-08-11,190,2008-08-12 11:29:00,0,0.16176144637675055,False
200,Logistic regression,"weekly, sliding 4 wk",2008-08-11,190,2008-08-12 12:04:00,0,0.4132272904881708,False
201,Logistic regression,"weekly, sliding 4 wk",2008-08-11,190,2008-08-13 02:48:00,0,0.41715168031605776,False
202,Logistic regression,"weekly, sliding 4 wk",2008-08-11,190,2008-08-15 03:26:00,0,0.0353156148566328,False
203,Logistic regression,"weekly, sliding 4 wk",2008-08-11,190,2008-08-15 04:14:00,0,0.6799727328724751,False
204,Logistic regression,"weekly, sliding 4 wk",2008-08-11,190,2008-08-15 05:13:00,0,0.40336197133595675,False
205,Logistic regression,"weekly, sliding 4 wk",2008-08-11,190,2008-08-15 09:38:00,0,0.22314108038992658,False
206,Logistic regression,"weekly, sliding 4 wk",2008-08-11,190,2008-08-15 10:14:00,0,0.31821012296722334,False
207,Logistic regression,"weekly, sliding 4 wk",2008-08-11,190,2008-08-15 11:42:00,0,0.3196567910930134,False
208,Logistic regression,"weekly, sliding 4 wk",2008-08-11,190,2008-08-15 18:19:00,0,0.6040819398301124,False
209,Logistic regression,"weekly, sliding 4 wk",2008-08-11,190,2008-08-15 19:19:00,0,0.22420500283389258,False
210,Logistic regression,"weekly, sliding 4 wk",2008-08-11,190,2008-08-15 20:00:00,0,0.6057212931940635,False
211,Logistic regression,"weekly, sliding 4 wk",2008-08-11,190,2008-08-15 20:03:00,0,0.3347688185834114,False
212,Logistic regression,"weekly, sliding 4 wk",2008-08-11,190,2008-08-15 23:31:00,0,0.22053390283042826,False
213,Logistic regression,"weekly, sliding 4 wk",2008-08-11,190,2008-08-16 02:21:00,0,0.5504804715000523,False
214,Logistic regression,"weekly, sliding 4 wk",2008-08-11,190,2008-08-16 05:47:00,0,0.7122221010295742,True
215,Logistic regression,"weekly, sliding 4 wk",2008-08-11,190,2008-08-16 06:52:00,0,0.4057856567643094,False
216,Logistic regression,"weekly, sliding 4 wk",2008-08-11,190,2008-08-16 07:33:00,0,0.5596818203939695,False
217,Logistic regression,"weekly, sliding 4 wk",2008-08-11,190,2008-08-16 08:39:00,0,0.5525104731184673,False
218,Logistic regression,"weekly, sliding 4 wk",2008-08-11,190,2008-08-16 08:41:00,0,0.5700701738981446,False
219,Logistic regression,"weekly, sliding 4 wk",2008-08-11,190,2008-08-16 09:44:00,1,0.2798706129445516,False
220,Logistic regression,"weekly, sliding 4 wk",2008-08-11,190,2008-08-16 13:51:00,0,0.13683367783876396,False
221,Logistic regression,"weekly, sliding 4 wk",2008-08-11,190,2008-08-16 14:30:00,0,0.2192348350496977,False
222,Logistic regression,"weekly, sliding 4 wk",2008-08-11,190,2008-08-16 15:16:00,0,0.4206519909439268,False
223,Logistic regression,"weekly, sliding 4 wk",2008-08-11,190,2008-08-16 15:19:00,1,0.5294385062107135,False
224,Logistic regression,"weekly, sliding 4 wk",2008-08-11,190,2008-08-16 23:48:00,0,0.5812895510313522,False
225,Logistic regression,"weekly, sliding 4 wk",2008-08-11,190,2008-08-17 00:52:00,0,0.3713156721122438,False
226,Logistic regression,"weekly, sliding 4 wk",2008-08-11,190,2008-08-17 01:53:00,0,0.2860897585860411,False
227,Logistic regression,"weekly, sliding 4 wk",2008-08-11,190,2008-08-17 03:17:00,0,0.3778348084295789,False
228,Logistic regression,"weekly, sliding 4 wk",2008-08-11,190,2008-08-17 03:18:00,0,0.29947889914706716,False
229,Logistic regression,"weekly, sliding 4 wk",2008-08-11,190,2008-08-17 03:46:00,0,0.642534841256119,False
230,Logistic regression,"weekly, sliding 4 wk",2008-08-11,190,2008-08-17 04:19:00,0,0.5029877272066208,False
231,Logistic regression,"weekly, sliding 4 wk",2008-08-11,190,2008-08-17 05:21:00,0,0.6945720023345974,False
232,Logistic regression,"weekly, sliding 4 wk",2008-08-11,190,2008-08-17 12:16:00,1,0.25234184187676395,False
233,Logistic regression,"weekly, sliding 4 wk",2008-08-11,190,2008-08-17 13:34:00,0,0.4774108018092481,False
234,Logistic regression,"weekly, sliding 4 wk",2008-08-11,190,2008-08-17 14:21:00,0,0.3694860130232086,False
235,Logistic regression,"weekly, sliding 4 wk",2008-08-11,190,2008-08-17 15:25:00,0,0.5654566439923173,False
236,Logistic regression,"weekly, sliding 4 wk",2008-08-11,190,2008-08-17 21:26:00,1,0.340067048990077,False
237,Logistic regression,"weekly, sliding 4 wk",2008-08-11,190,2008-08-17 22:03:00,1,0.19368602446568273,False
238,Logistic regression,"weekly, sliding 4 wk",2008-08-11,190,2008-08-17 22:21:00,0,0.7316736497927416,True
239,Logistic regression,"weekly, sliding 4 wk",2008-08-11,190,2008-08-17 23:04:00,1,0.15881314928865942,False
240,Logistic regression,"weekly, sliding 4 wk",2008-08-11,190,2008-08-17 23:20:00,0,0.43992905115800746,False
241,Logistic regression,"weekly, sliding 4 wk",2008-08-11,190,2008-08-17 23:55:00,1,0.743484154837365,True
242,Logistic regression,"weekly, sliding 4 wk",2008-08-18,228,2008-08-18 00:02:00,1,0.5001968490540151,False
243,Logistic regression,"weekly, sliding 4 wk",2008-08-18,228,2008-08-18 00:20:00,0,0.3670099349641932,False
244,Logistic regression,"weekly, sliding 4 wk",2008-08-18,228,2008-08-18 01:23:00,1,0.2013443780540623,False
245,Logistic regression,"weekly, sliding 4 wk",2008-08-18,228,2008-08-18 04:01:00,1,0.558008355078905,False
246,Logistic regression,"weekly, sliding 4 wk",2008-08-18,228,2008-08-18 04:12:00,0,0.7647410281716364,True
247,Logistic regression,"weekly, sliding 4 wk",2008-08-18,228,2008-08-18 04:35:00,0,0.29359845245755406,False
248,Logistic regression,"weekly, sliding 4 wk",2008-08-18,228,2008-08-18 05:03:00,0,0.4288211503238649,False
249,Logistic regression,"weekly, sliding 4 wk",2008-08-18,228,2008-08-18 05:25:00,0,0.8456282248625592,True
250,Logistic regression,"weekly, sliding 4 wk",2008-08-18,228,2008-08-18 06:07:00,0,0.3476281285086864,False
251,Logistic regression,"weekly, sliding 4 wk",2008-08-18,228,2008-08-18 06:11:00,0,0.19818466829570375,False
252,Logistic regression,"weekly, sliding 4 wk",2008-08-18,228,2008-08-18 06:26:00,0,0.7866004597418448,True
253,Logistic regression,"weekly, sliding 4 wk",2008-08-18,228,2008-08-18 07:11:00,0,0.2506067564042762,False
254,Logistic regression,"weekly, sliding 4 wk",2008-08-18,228,2008-08-18 07:23:00,0,0.2612423052540131,False
255,Logistic regression,"weekly, sliding 4 wk",2008-08-18,228,2008-08-18 07:29:00,0,0.29473398162550224,False
256,Logistic regression,"weekly, sliding 4 wk",2008-08-18,228,2008-08-18 08:18:00,0,0.3247310408517859,False
257,Logistic regression,"weekly, sliding 4 wk",2008-08-18,228,2008-08-18 08:31:00,0,0.4628511496365771,False
258,Logistic regression,"weekly, sliding 4 wk",2008-08-18,228,2008-08-18 10:13:00,0,0.4244282678016209,False
259,Logistic regression,"weekly, sliding 4 wk",2008-08-18,228,2008-08-18 11:04:00,0,0.3450546006949052,False
260,Logistic regression,"weekly, sliding 4 wk",2008-08-18,228,2008-08-18 12:00:00,0,0.2888600404507418,False
261,Logistic regression,"weekly, sliding 4 wk",2008-08-18,228,2008-08-18 12:06:00,0,0.35699676567921707,False
262,Logistic regression,"weekly, sliding 4 wk",2008-08-18,228,2008-08-18 12:22:00,0,0.5261619501468194,False
263,Logistic regression,"weekly, sliding 4 wk",2008-08-18,228,2008-08-18 12:49:00,0,0.622649976217186,False
264,Logistic regression,"weekly, sliding 4 wk",2008-08-18,228,2008-08-18 13:07:00,0,0.8495781305752329,True
265,Logistic regression,"weekly, sliding 4 wk",2008-08-18,228,2008-08-18 14:01:00,0,0.30080774505908237,False
266,Logistic regression,"weekly, sliding 4 wk",2008-08-18,228,2008-08-18 14:04:00,0,0.26372437900354206,False
267,Logistic regression,"weekly, sliding 4 wk",2008-08-18,228,2008-08-18 14:45:00,0,0.21495821094086104,False
268,Logistic regression,"weekly, sliding 4 wk",2008-08-18,228,2008-08-18 15:00:00,0,0.7281139056009307,True
269,Logistic regression,"weekly, sliding 4 wk",2008-08-18,228,2008-08-18 15:26:00,0,0.27305122083257966,False
270,Logistic regression,"weekly, sliding 4 wk",2008-08-18,228,2008-08-18 15:30:00,0,0.14645988888204667,False
271,Logistic regression,"weekly, sliding 4 wk",2008-08-18,228,2008-08-18 15:33:00,0,0.6633491630695548,False
272,Logistic regression,"weekly, sliding 4 wk",2008-08-18,228,2008-08-18 15:41:00,0,0.20561747491418672,False
273,Logistic regression,"weekly, sliding 4 wk",2008-08-18,228,2008-08-18 16:19:00,0,0.6383569555039996,False
274,Logistic regression,"weekly, sliding 4 wk",2008-08-18,228,2008-08-18 17:13:00,1,0.6217508753910335,False
275,Logistic regression,"weekly, sliding 4 wk",2008-08-18,228,2008-08-18 17:16:00,0,0.4846779609334276,False
276,Logistic regression,"weekly, sliding 4 wk",2008-08-18,228,2008-08-18 17:37:00,0,4.783222319084143e-142,False
277,Logistic regression,"weekly, sliding 4 wk",2008-08-18,228,2008-08-18 19:24:00,0,0.3427175400724711,False
278,Logistic regression,"weekly, sliding 4 wk",2008-08-18,228,2008-08-18 19:54:00,1,0.7105897478970247,True
279,Logistic regression,"weekly, sliding 4 wk",2008-08-18,228,2008-08-18 23:00:00,0,0.40888917309465006,False
280,Logistic regression,"weekly, sliding 4 wk",2008-08-18,228,2008-08-18 23:03:00,0,0.4068357112471596,False
281,Logistic regression,"weekly, sliding 4 wk",2008-08-18,228,2008-08-18 23:47:00,0,0.26804273929320593,False
282,Logistic regression,"weekly, sliding 4 wk",2008-08-18,228,2008-08-19 01:10:00,0,0.8496331418527815,True
283,Logistic regression,"weekly, sliding 4 wk",2008-08-18,228,2008-08-19 03:59:00,1,0.6675687107941828,False
284,Logistic regression,"weekly, sliding 4 wk",2008-08-18,228,2008-08-19 04:58:00,0,0.5144795701963615,False
285,Logistic regression,"weekly, sliding 4 wk",2008-08-18,228,2008-08-19 05:09:00,0,0.6254828532967661,False
286,Logistic regression,"weekly, sliding 4 wk",2008-08-18,228,2008-08-19 05:11:00,0,0.12039856082033243,False
287,Logistic regression,"weekly, sliding 4 wk",2008-08-18,228,2008-08-19 05:11:00,0,0.21155564537698793,False
288,Logistic regression,"weekly, sliding 4 wk",2008-08-18,228,2008-08-19 05:40:00,0,0.6567232326278906,False
289,Logistic regression,"weekly, sliding 4 wk",2008-08-18,228,2008-08-19 05:41:00,0,0.3853480058683181,False
290,Logistic regression,"weekly, sliding 4 wk",2008-08-18,228,2008-08-19 05:53:00,0,0.469340492669845,False
291,Logistic regression,"weekly, sliding 4 wk",2008-08-18,228,2008-08-19 05:54:00,0,0.362841392767297,False
292,Logistic regression,"weekly, sliding 4 wk",2008-08-18,228,2008-08-19 05:56:00,1,0.5257982582516815,False
293,Logistic regression,"weekly, sliding 4 wk",2008-08-18,228,2008-08-19 06:24:00,0,0.3352359871634113,False
294,Logistic regression,"weekly, sliding 4 wk",2008-08-18,228,2008-08-19 07:43:00,0,0.3563719644605598,False
295,Logistic regression,"weekly, sliding 4 wk",2008-08-18,228,2008-08-19 07:58:00,1,0.4228364994496791,False
296,Logistic regression,"weekly, sliding 4 wk",2008-08-18,228,2008-08-19 08:01:00,0,0.2320814581750338,False
297,Logistic regression,"weekly, sliding 4 wk",2008-08-18,228,2008-08-19 08:07:00,0,0.3439359137013579,False
298,Logistic regression,"weekly, sliding 4 wk",2008-08-18,228,2008-08-19 08:33:00,0,0.11159702915903945,False
299,Logistic regression,"weekly, sliding 4 wk",2008-08-18,228,2008-08-19 09:04:00,0,0.20203935793275407,False
300,Logistic regression,"weekly, sliding 4 wk",2008-08-18,228,2008-08-19 09:05:00,0,0.11386273723399082,False
301,Logistic regression,"weekly, sliding 4 wk",2008-08-18,228,2008-08-19 10:46:00,0,0.323523612107567,False
302,Logistic regression,"weekly, sliding 4 wk",2008-08-18,228,2008-08-19 11:11:00,0,0.6064145612461299,False
303,Logistic regression,"weekly, sliding 4 wk",2008-08-18,228,2008-08-19 11:13:00,0,0.3737673915729586,False
304,Logistic regression,"weekly, sliding 4 wk",2008-08-18,228,2008-08-19 11:13:00,0,0.8166597193244121,True
305,Logistic regression,"weekly, sliding 4 wk",2008-08-18,228,2008-08-19 11:28:00,0,0.22298775569635967,False
306,Logistic regression,"weekly, sliding 4 wk",2008-08-18,228,2008-08-19 11:44:00,0,0.3250006050847104,False
307,Logistic regression,"weekly, sliding 4 wk",2008-08-18,228,2008-08-19 11:46:00,0,0.3930489681742641,False
308,Logistic regression,"weekly, sliding 4 wk",2008-08-18,228,2008-08-19 11:57:00,0,0.5337520126838058,False
309,Logistic regression,"weekly, sliding 4 wk",2008-08-18,228,2008-08-19 11:58:00,0,0.5166946081111699,False
310,Logistic regression,"weekly, sliding 4 wk",2008-08-18,228,2008-08-19 12:30:00,0,0.34532372305720826,False
311,Logistic regression,"weekly, sliding 4 wk",2008-08-18,228,2008-08-19 15:33:00,0,0.2474081709309418,False
312,Logistic regression,"weekly, sliding 4 wk",2008-08-18,228,2008-08-19 18:12:00,0,0.8146233178596914,True
313,Logistic regression,"weekly, sliding 4 wk",2008-08-18,228,2008-08-19 18:12:00,0,0.2516145415132872,False
314,Logistic regression,"weekly, sliding 4 wk",2008-08-18,228,2008-08-19 18:30:00,0,0.773265756623873,True
315,Logistic regression,"weekly, sliding 4 wk",2008-08-18,228,2008-08-19 18:30:00,0,0.3234850700418722,False
316,Logistic regression,"weekly, sliding 4 wk",2008-08-18,228,2008-08-19 19:38:00,0,0.5341973140062278,False
317,Logistic regression,"weekly, sliding 4 wk",2008-08-18,228,2008-08-19 20:53:00,0,0.6719699502688512,False
318,Logistic regression,"weekly, sliding 4 wk",2008-08-18,228,2008-08-20 00:05:00,0,0.2869771502691875,False
319,Logistic regression,"weekly, sliding 4 wk",2008-08-18,228,2008-08-20 01:33:00,0,0.5712112918262021,False
320,Logistic regression,"weekly, sliding 4 wk",2008-08-18,228,2008-08-20 01:42:00,0,0.3566587838711565,False
321,Logistic regression,"weekly, sliding 4 wk",2008-08-18,228,2008-08-20 02:13:00,0,0.3435987043672201,False
322,Logistic regression,"weekly, sliding 4 wk",2008-08-18,228,2008-08-20 02:27:00,1,0.2163045892596874,False
323,Logistic regression,"weekly, sliding 4 wk",2008-08-18,228,2008-08-20 03:00:00,0,0.8383542377645714,True
324,Logistic regression,"weekly, sliding 4 wk",2008-08-18,228,2008-08-20 03:12:00,1,0.24961764608044493,False
325,Logistic regression,"weekly, sliding 4 wk",2008-08-18,228,2008-08-20 06:36:00,0,0.38004146666655964,False
326,Logistic regression,"weekly, sliding 4 wk",2008-08-18,228,2008-08-20 07:12:00,0,0.5729581137737431,False
327,Logistic regression,"weekly, sliding 4 wk",2008-08-18,228,2008-08-20 08:40:00,1,0.506328985245495,False
328,Logistic regression,"weekly, sliding 4 wk",2008-08-18,228,2008-08-20 09:17:00,1,0.27353047392632507,False
329,Logistic regression,"weekly, sliding 4 wk",2008-08-18,228,2008-08-20 10:26:00,0,0.1817761275412763,False
330,Logistic regression,"weekly, sliding 4 wk",2008-08-18,228,2008-08-20 16:08:00,0,0.5950790202184254,False
331,Logistic regression,"weekly, sliding 4 wk",2008-08-18,228,2008-08-20 16:16:00,0,0.33178129288181674,False
332,Logistic regression,"weekly, sliding 4 wk",2008-08-18,228,2008-08-20 17:09:00,0,0.2773711328344532,False
333,Logistic regression,"weekly, sliding 4 wk",2008-08-18,228,2008-08-20 17:35:00,0,0.33090706244225593,False
334,Logistic regression,"weekly, sliding 4 wk",2008-08-18,228,2008-08-20 17:36:00,0,0.28864493613937636,False
335,Logistic regression,"weekly, sliding 4 wk",2008-08-18,228,2008-08-20 18:29:00,0,0.4718187414703609,False
336,Logistic regression,"weekly, sliding 4 wk",2008-08-18,228,2008-08-20 18:35:00,0,0.6449618023866032,False
337,Logistic regression,"weekly, sliding 4 wk",2008-08-18,228,2008-08-20 19:20:00,1,0.40116598864038117,False
338,Logistic regression,"weekly, sliding 4 wk",2008-08-18,228,2008-08-20 20:19:00,0,0.5704648761210818,False
339,Logistic regression,"weekly, sliding 4 wk",2008-08-18,228,2008-08-20 21:33:00,0,0.49293206830745345,False
340,Logistic regression,"weekly, sliding 4 wk",2008-08-18,228,2008-08-20 21:41:00,0,0.4365848096068924,False
341,Logistic regression,"weekly, sliding 4 wk",2008-08-18,228,2008-08-20 21:58:00,0,0.33347033260728776,False
342,Logistic regression,"weekly, sliding 4 wk",2008-08-18,228,2008-08-20 22:13:00,0,0.8751363183027181,True
343,Logistic regression,"weekly, sliding 4 wk",2008-08-18,228,2008-08-20 22:45:00,0,0.4814564913382485,False
344,Logistic regression,"weekly, sliding 4 wk",2008-08-18,228,2008-08-20 23:18:00,0,0.3298272323588524,False
345,Logistic regression,"weekly, sliding 4 wk",2008-08-18,228,2008-08-20 23:43:00,1,0.31194937192568595,False
346,Logistic regression,"weekly, sliding 4 wk",2008-08-18,228,2008-08-21 02:11:00,0,0.5762941701772726,False
347,Logistic regression,"weekly, sliding 4 wk",2008-08-18,228,2008-08-21 02:46:00,0,0.44658137159308214,False
348,Logistic regression,"weekly, sliding 4 wk",2008-08-18,228,2008-08-21 04:22:00,0,0.9399547209862144,True
349,Logistic regression,"weekly, sliding 4 wk",2008-08-18,228,2008-08-21 04:29:00,0,0.24541514136203033,False
350,Logistic regression,"weekly, sliding 4 wk",2008-08-18,228,2008-08-21 05:06:00,0,0.14063144426513485,False
351,Logistic regression,"weekly, sliding 4 wk",2008-08-18,228,2008-08-21 05:15:00,0,0.2790727461199303,False
352,Logistic regression,"weekly, sliding 4 wk",2008-08-18,228,2008-08-21 06:10:00,1,0.49959018799844257,False
353,Logistic regression,"weekly, sliding 4 wk",2008-08-18,228,2008-08-21 11:22:00,0,0.161820408351465,False
354,Logistic regression,"weekly, sliding 4 wk",2008-08-18,228,2008-08-21 12:00:00,0,0.22256927456663975,False
355,Logistic regression,"weekly, sliding 4 wk",2008-08-18,228,2008-08-21 12:31:00,0,0.5085312538933721,False
356,Logistic regression,"weekly, sliding 4 wk",2008-08-18,228,2008-08-21 12:33:00,0,0.3055381874259977,False
357,Logistic regression,"weekly, sliding 4 wk",2008-08-18,228,2008-08-21 12:43:00,0,0.22428368434645277,False
358,Logistic regression,"weekly, sliding 4 wk",2008-08-18,228,2008-08-21 12:52:00,0,0.16521049921678316,False
359,Logistic regression,"weekly, sliding 4 wk",2008-08-18,228,2008-08-21 13:11:00,0,0.32226745368732157,False
360,Logistic regression,"weekly, sliding 4 wk",2008-08-18,228,2008-08-21 13:19:00,0,0.3593202028766893,False
361,Logistic regression,"weekly, sliding 4 wk",2008-08-18,228,2008-08-21 13:29:00,0,0.7295137981283327,True
362,Logistic regression,"weekly, sliding 4 wk",2008-08-18,228,2008-08-21 13:45:00,0,0.17809829384847695,False
363,Logistic regression,"weekly, sliding 4 wk",2008-08-18,228,2008-08-21 14:47:00,0,0.7330853150370613,True
364,Logistic regression,"weekly, sliding 4 wk",2008-08-18,228,2008-08-21 15:05:00,0,0.6157075501543025,False
365,Logistic regression,"weekly, sliding 4 wk",2008-08-18,228,2008-08-21 15:06:00,0,0.6731788112355253,False
366,Logistic regression,"weekly, sliding 4 wk",2008-08-18,228,2008-08-21 15:32:00,0,0.647788786892542,False
367,Logistic regression,"weekly, sliding 4 wk",2008-08-18,228,2008-08-21 15:48:00,0,0.3637043594821575,False
368,Logistic regression,"weekly, sliding 4 wk",2008-08-18,228,2008-08-21 15:50:00,0,0.04587461786788601,False
369,Logistic regression,"weekly, sliding 4 wk",2008-08-18,228,2008-08-21 16:19:00,1,0.6298589784440258,False
370,Logistic regression,"weekly, sliding 4 wk",2008-08-18,228,2008-08-21 16:36:00,0,0.20442009152930282,False
371,Logistic regression,"weekly, sliding 4 wk",2008-08-18,228,2008-08-21 17:25:00,0,0.20935946100935798,False
372,Logistic regression,"weekly, sliding 4 wk",2008-08-18,228,2008-08-21 17:44:00,0,0.09921980470411318,False
373,Logistic regression,"weekly, sliding 4 wk",2008-08-18,228,2008-08-21 18:04:00,0,0.5800508746639055,False
374,Logistic regression,"weekly, sliding 4 wk",2008-08-18,228,2008-08-21 18:05:00,1,0.17703617665548588,False
375,Logistic regression,"weekly, sliding 4 wk",2008-08-18,228,2008-08-21 18:39:00,0,0.4260233150525064,False
376,Logistic regression,"weekly, sliding 4 wk",2008-08-18,228,2008-08-21 18:53:00,0,0.989615909535901,True
377,Logistic regression,"weekly, sliding 4 wk",2008-08-18,228,2008-08-21 19:12:00,0,0.29631212047098177,False
378,Logistic regression,"weekly, sliding 4 wk",2008-08-18,228,2008-08-21 19:12:00,0,0.4735467313251782,False
379,Logistic regression,"weekly, sliding 4 wk",2008-08-18,228,2008-08-21 19:46:00,0,0.3759175468095127,False
380,Logistic regression,"weekly, sliding 4 wk",2008-08-18,228,2008-08-21 20:19:00,0,0.3197541756777703,False
381,Logistic regression,"weekly, sliding 4 wk",2008-08-18,228,2008-08-21 20:21:00,0,0.6394517622851659,False
382,Logistic regression,"weekly, sliding 4 wk",2008-08-18,228,2008-08-21 20:37:00,0,0.37984706557600073,False
383,Logistic regression,"weekly, sliding 4 wk",2008-08-18,228,2008-08-21 21:32:00,0,0.4325321243577958,False
384,Logistic regression,"weekly, sliding 4 wk",2008-08-18,228,2008-08-21 22:25:00,0,0.19324709690899328,False
385,Logistic regression,"weekly, sliding 4 wk",2008-08-18,228,2008-08-21 22:41:00,0,0.8573816847001456,True
386,Logistic regression,"weekly, sliding 4 wk",2008-08-18,228,2008-08-21 23:08:00,0,0.5550640859599439,False
387,Logistic regression,"weekly, sliding 4 wk",2008-08-18,228,2008-08-21 23:27:00,0,0.7791463216756588,True
388,Logistic regression,"weekly, sliding 4 wk",2008-08-18,228,2008-08-21 23:53:00,0,0.47279564389832657,False
389,Logistic regression,"weekly, sliding 4 wk",2008-08-18,228,2008-08-21 23:57:00,0,0.4264619572185361,False
390,Logistic regression,"weekly, sliding 4 wk",2008-08-18,228,2008-08-22 00:43:00,0,0.59424123552577,False
391,Logistic regression,"weekly, sliding 4 wk",2008-08-18,228,2008-08-22 00:44:00,0,0.3149496860884199,False
392,Logistic regression,"weekly, sliding 4 wk",2008-08-18,228,2008-08-22 00:47:00,0,0.46721288237155745,False
393,Logistic regression,"weekly, sliding 4 wk",2008-08-18,228,2008-08-22 01:04:00,1,0.23442303724431646,False
394,Logistic regression,"weekly, sliding 4 wk",2008-08-18,228,2008-08-22 01:26:00,0,0.26674996792653516,False
395,Logistic regression,"weekly, sliding 4 wk",2008-08-18,228,2008-08-22 01:27:00,0,0.41340878421529437,False
396,Logistic regression,"weekly, sliding 4 wk",2008-08-18,228,2008-08-22 01:54:00,0,0.6814964599150769,False
397,Logistic regression,"weekly, sliding 4 wk",2008-08-18,228,2008-08-22 02:01:00,0,0.39820378417983354,False
398,Logistic regression,"weekly, sliding 4 wk",2008-08-18,228,2008-08-22 02:25:00,0,0.3991298901685036,False
399,Logistic regression,"weekly, sliding 4 wk",2008-08-18,228,2008-08-22 02:52:00,0,0.8608388156980386,True
400,Logistic regression,"weekly, sliding 4 wk",2008-08-18,228,2008-08-22 03:18:00,0,0.12412613197644251,False
401,Logistic regression,"weekly, sliding 4 wk",2008-08-18,228,2008-08-22 03:58:00,0,0.4967044481833239,False
402,Logistic regression,"weekly, sliding 4 wk",2008-08-18,228,2008-08-22 04:40:00,0,0.6965418753419265,False
403,Logistic regression,"weekly, sliding 4 wk",2008-08-18,228,2008-08-22 04:57:00,0,0.5722542197414274,False
404,Logistic regression,"weekly, sliding 4 wk",2008-08-18,228,2008-08-22 05:21:00,0,0.16361868444712085,False
405,Logistic regression,"weekly, sliding 4 wk",2008-08-18,228,2008-08-22 05:31:00,0,0.35255893751390865,False
406,Logistic regression,"weekly, sliding 4 wk",2008-08-18,228,2008-08-22 05:32:00,0,0.23354809064721507,False
407,Logistic regression,"weekly, sliding 4 wk",2008-08-18,228,2008-08-22 06:00:00,1,0.45010959048823396,False
408,Logistic regression,"weekly, sliding 4 wk",2008-08-18,228,2008-08-22 07:04:00,0,0.5667022276553076,False
409,Logistic regression,"weekly, sliding 4 wk",2008-08-18,228,2008-08-22 07:17:00,0,0.8514782896291566,True
410,Logistic regression,"weekly, sliding 4 wk",2008-08-18,228,2008-08-22 07:27:00,0,0.43479339498909975,False
411,Logistic regression,"weekly, sliding 4 wk",2008-08-18,228,2008-08-22 09:29:00,0,0.10160025569892055,False
412,Logistic regression,"weekly, sliding 4 wk",2008-08-18,228,2008-08-22 09:29:00,0,0.5437619312534202,False
413,Logistic regression,"weekly, sliding 4 wk",2008-08-18,228,2008-08-22 10:01:00,0,0.5206702769646065,False
414,Logistic regression,"weekly, sliding 4 wk",2008-08-18,228,2008-08-22 10:18:00,0,0.5269806331442266,False
415,Logistic regression,"weekly, sliding 4 wk",2008-08-18,228,2008-08-22 10:47:00,0,0.5139441180808847,False
416,Logistic regression,"weekly, sliding 4 wk",2008-08-18,228,2008-08-22 11:32:00,0,0.5059518997134754,False
417,Logistic regression,"weekly, sliding 4 wk",2008-08-18,228,2008-08-22 12:13:00,0,0.130131158835837,False
418,Logistic regression,"weekly, sliding 4 wk",2008-08-18,228,2008-08-22 12:37:00,0,0.6997084244014702,True
419,Logistic regression,"weekly, sliding 4 wk",2008-08-18,228,2008-08-22 12:42:00,0,0.5278469332896804,False
420,Logistic regression,"weekly, sliding 4 wk",2008-08-18,228,2008-08-22 13:22:00,0,0.4328004175443947,False
421,Logistic regression,"weekly, sliding 4 wk",2008-08-18,228,2008-08-22 14:45:00,0,0.7652981902922381,True
422,Logistic regression,"weekly, sliding 4 wk",2008-08-18,228,2008-08-22 15:25:00,0,0.6885464793627313,False
423,Logistic regression,"weekly, sliding 4 wk",2008-08-18,228,2008-08-22 15:39:00,0,0.33692150977546514,False
424,Logistic regression,"weekly, sliding 4 wk",2008-08-18,228,2008-08-22 15:54:00,0,0.9996496993242948,True
425,Logistic regression,"weekly, sliding 4 wk",2008-08-18,228,2008-08-22 19:14:00,1,0.48854476560989085,False
426,Logistic regression,"weekly, sliding 4 wk",2008-08-18,228,2008-08-22 23:46:00,0,0.528131984870151,False
427,Logistic regression,"weekly, sliding 4 wk",2008-08-18,228,2008-08-22 23:47:00,0,0.9452282618200974,True
428,Logistic regression,"weekly, sliding 4 wk",2008-08-18,228,2008-08-22 23:49:00,0,0.5062603082683933,False
429,Logistic regression,"weekly, sliding 4 wk",2008-08-18,228,2008-08-22 23:56:00,0,0.4508691626660566,False
430,Logistic regression,"weekly, sliding 4 wk",2008-08-18,228,2008-08-23 02:04:00,0,0.49065929394797203,False
431,Logistic regression,"weekly, sliding 4 wk",2008-08-18,228,2008-08-23 03:26:00,0,0.39326607278206943,False
432,Logistic regression,"weekly, sliding 4 wk",2008-08-18,228,2008-08-23 04:50:00,0,0.3149022504972805,False
433,Logistic regression,"weekly, sliding 4 wk",2008-08-18,228,2008-08-23 04:52:00,0,0.5835154530731276,False
434,Logistic regression,"weekly, sliding 4 wk",2008-08-18,228,2008-08-23 05:57:00,0,0.3429922146002201,False
435,Logistic regression,"weekly, sliding 4 wk",2008-08-18,228,2008-08-23 05:57:00,0,0.2985010938110571,False
436,Logistic regression,"weekly, sliding 4 wk",2008-08-18,228,2008-08-23 05:58:00,0,0.5941585037374365,False
437,Logistic regression,"weekly, sliding 4 wk",2008-08-18,228,2008-08-23 05:58:00,0,0.2477748753219513,False
438,Logistic regression,"weekly, sliding 4 wk",2008-08-18,228,2008-08-23 09:24:00,0,0.3312412088367019,False
439,Logistic regression,"weekly, sliding 4 wk",2008-08-18,228,2008-08-23 12:58:00,0,0.6904408740739986,False
440,Logistic regression,"weekly, sliding 4 wk",2008-08-18,228,2008-08-23 13:02:00,0,0.7132214010054586,True
441,Logistic regression,"weekly, sliding 4 wk",2008-08-18,228,2008-08-23 15:10:00,0,0.319526488211549,False
442,Logistic regression,"weekly, sliding 4 wk",2008-08-18,228,2008-08-23 15:29:00,1,0.4194540105587569,False
443,Logistic regression,"weekly, sliding 4 wk",2008-08-18,228,2008-08-24 02:32:00,0,0.232299930691292,False
444,Logistic regression,"weekly, sliding 4 wk",2008-08-18,228,2008-08-24 04:00:00,0,0.3950728401316599,False
445,Logistic regression,"weekly, sliding 4 wk",2008-08-18,228,2008-08-24 07:12:00,0,0.37069429535557213,False
446,Logistic regression,"weekly, sliding 4 wk",2008-08-18,228,2008-08-24 07:14:00,0,0.6921484687637555,False
447,Logistic regression,"weekly, sliding 4 wk",2008-08-18,228,2008-08-24 10:09:00,0,0.2295539847432479,False
448,Logistic regression,"weekly, sliding 4 wk",2008-08-18,228,2008-08-24 10:14:00,0,0.20088972877481798,False
449,Logistic regression,"weekly, sliding 4 wk",2008-08-18,228,2008-08-24 13:03:00,1,0.5664349760601084,False
450,Logistic regression,"weekly, sliding 4 wk",2008-08-25,415,2008-08-25 09:29:00,0,0.2823335189231892,False
451,Logistic regression,"weekly, sliding 4 wk",2008-08-25,415,2008-08-27 00:46:00,0,0.12454814765179084,False
452,Logistic regression,"weekly, sliding 4 wk",2008-08-25,415,2008-08-27 11:38:00,0,0.32853251150615775,False
453,Logistic regression,"weekly, sliding 4 wk",2008-08-25,415,2008-08-27 12:22:00,0,0.30298105612890547,False
454,Logistic regression,"weekly, sliding 4 wk",2008-08-25,415,2008-08-27 13:35:00,0,0.3133293332850713,False
455,Logistic regression,"weekly, sliding 4 wk",2008-08-25,415,2008-08-27 14:18:00,0,0.3510707354642837,False
456,Logistic regression,"weekly, sliding 4 wk",2008-08-25,415,2008-08-27 17:14:00,0,0.16040371654243246,False
457,Logistic regression,"weekly, sliding 4 wk",2008-08-25,415,2008-08-27 22:48:00,0,0.11010684878704902,False
458,Logistic regression,"weekly, sliding 4 wk",2008-08-25,415,2008-08-27 22:58:00,0,0.1390461590087009,False
459,Logistic regression,"weekly, sliding 4 wk",2008-08-25,415,2008-08-28 03:03:00,0,0.6202237407322232,False
460,Logistic regression,"weekly, sliding 4 wk",2008-08-25,415,2008-08-28 03:04:00,0,0.39239754318815195,False
461,Logistic regression,"weekly, sliding 4 wk",2008-08-25,415,2008-08-28 03:29:00,0,0.48692069278401867,False
462,Logistic regression,"weekly, sliding 4 wk",2008-08-25,415,2008-08-28 03:38:00,0,0.17300691778349594,False
463,Logistic regression,"weekly, sliding 4 wk",2008-08-25,415,2008-08-28 03:45:00,0,0.49843225349668124,False
464,Logistic regression,"weekly, sliding 4 wk",2008-08-25,415,2008-08-28 04:10:00,0,0.363463195474787,False
465,Logistic regression,"weekly, sliding 4 wk",2008-08-25,415,2008-08-28 04:20:00,0,0.4107020420673958,False
466,Logistic regression,"weekly, sliding 4 wk",2008-08-25,415,2008-08-28 04:54:00,0,0.6014300612423623,False
467,Logistic regression,"weekly, sliding 4 wk",2008-08-25,415,2008-08-28 05:00:00,0,0.18551080322836377,False
468,Logistic regression,"weekly, sliding 4 wk",2008-08-25,415,2008-08-28 06:15:00,0,0.4332287790765122,False
469,Logistic regression,"weekly, sliding 4 wk",2008-08-25,415,2008-08-28 06:39:00,0,0.4394762790958394,False
470,Logistic regression,"weekly, sliding 4 wk",2008-08-25,415,2008-08-28 06:56:00,0,0.2657800704571725,False
471,Logistic regression,"weekly, sliding 4 wk",2008-08-25,415,2008-08-28 07:40:00,0,0.442092749636322,False
472,Logistic regression,"weekly, sliding 4 wk",2008-08-25,415,2008-08-28 07:51:00,0,0.2838028283847409,False
473,Logistic regression,"weekly, sliding 4 wk",2008-08-25,415,2008-08-28 08:41:00,0,0.2656326018233278,False
474,Logistic regression,"weekly, sliding 4 wk",2008-08-25,415,2008-08-28 09:46:00,0,0.4993928322890652,False
475,Logistic regression,"weekly, sliding 4 wk",2008-08-25,415,2008-08-28 09:49:00,0,0.5202207156550008,False
476,Logistic regression,"weekly, sliding 4 wk",2008-08-25,415,2008-08-28 10:15:00,0,0.4051508194321299,False
477,Logistic regression,"weekly, sliding 4 wk",2008-08-25,415,2008-08-28 10:28:00,0,0.23106893399672504,False
478,Logistic regression,"weekly, sliding 4 wk",2008-08-25,415,2008-08-28 10:32:00,0,0.37698611372228147,False
479,Logistic regression,"weekly, sliding 4 wk",2008-08-25,415,2008-08-28 11:19:00,0,0.4338189977705579,False
480,Logistic regression,"weekly, sliding 4 wk",2008-08-25,415,2008-08-28 12:44:00,0,0.33559287110304814,False
481,Logistic regression,"weekly, sliding 4 wk",2008-08-25,415,2008-08-28 14:48:00,0,0.38590993782179595,False
482,Logistic regression,"weekly, sliding 4 wk",2008-08-25,415,2008-08-28 15:19:00,0,0.15462033505365985,False
483,Logistic regression,"weekly, sliding 4 wk",2008-08-25,415,2008-08-28 16:01:00,0,0.0761950242599921,False
484,Logistic regression,"weekly, sliding 4 wk",2008-08-25,415,2008-08-28 16:43:00,0,0.6837020069425179,False
485,Logistic regression,"weekly, sliding 4 wk",2008-08-25,415,2008-08-28 16:52:00,0,0.23363401488949623,False
486,Logistic regression,"weekly, sliding 4 wk",2008-08-25,415,2008-08-28 17:21:00,0,0.20734800087810143,False
487,Logistic regression,"weekly, sliding 4 wk",2008-08-25,415,2008-08-28 17:27:00,0,0.22775621012025524,False
488,Logistic regression,"weekly, sliding 4 wk",2008-08-25,415,2008-08-28 17:32:00,0,0.46402063684500816,False
489,Logistic regression,"weekly, sliding 4 wk",2008-08-25,415,2008-08-28 18:05:00,0,0.12753532926795805,False
490,Logistic regression,"weekly, sliding 4 wk",2008-08-25,415,2008-08-28 18:10:00,0,0.33224985607907137,False
491,Logistic regression,"weekly, sliding 4 wk",2008-08-25,415,2008-08-28 18:15:00,0,0.16348985768938104,False
492,Logistic regression,"weekly, sliding 4 wk",2008-08-25,415,2008-08-28 18:25:00,0,0.2668316948696878,False
493,Logistic regression,"weekly, sliding 4 wk",2008-08-25,415,2008-08-28 18:47:00,0,0.3013742484404985,False
494,Logistic regression,"weekly, sliding 4 wk",2008-08-25,415,2008-08-28 18:57:00,0,0.35441743034983914,False
495,Logistic regression,"weekly, sliding 4 wk",2008-08-25,415,2008-08-28 20:20:00,0,0.6011184960940374,False
496,Logistic regression,"weekly, sliding 4 wk",2008-08-25,415,2008-08-28 20:39:00,1,0.379401830240374,False
497,Logistic regression,"weekly, sliding 4 wk",2008-08-25,415,2008-08-28 21:03:00,0,0.27443643975760557,False
498,Logistic regression,"weekly, sliding 4 wk",2008-08-25,415,2008-08-28 21:52:00,0,0.06913205952898882,False
499,Logistic regression,"weekly, sliding 4 wk",2008-08-25,415,2008-08-28 22:57:00,0,0.4612384073857723,False
500,Logistic regression,"weekly, sliding 4 wk",2008-08-25,415,2008-08-28 23:40:00,0,0.7229213835284537,True
501,Logistic regression,"weekly, sliding 4 wk",2008-08-25,415,2008-08-28 23:42:00,0,0.47398395650284353,False
502,Logistic regression,"weekly, sliding 4 wk",2008-08-25,415,2008-08-29 00:49:00,0,0.3211969627101574,False
503,Logistic regression,"weekly, sliding 4 wk",2008-08-25,415,2008-08-29 01:06:00,0,0.6034583515421731,False
504,Logistic regression,"weekly, sliding 4 wk",2008-08-25,415,2008-08-29 02:38:00,0,0.25197178119501173,False
505,Logistic regression,"weekly, sliding 4 wk",2008-08-25,415,2008-08-29 02:39:00,0,0.3773977830230844,False
506,Logistic regression,"weekly, sliding 4 wk",2008-08-25,415,2008-08-29 03:27:00,0,0.5262642781993251,False
507,Logistic regression,"weekly, sliding 4 wk",2008-08-25,415,2008-08-29 03:33:00,0,0.46780691511505523,False
508,Logistic regression,"weekly, sliding 4 wk",2008-08-25,415,2008-08-29 03:46:00,0,0.3882888028450132,False
509,Logistic regression,"weekly, sliding 4 wk",2008-08-25,415,2008-08-29 04:55:00,1,0.16285321176381756,False
510,Logistic regression,"weekly, sliding 4 wk",2008-08-25,415,2008-08-29 04:56:00,0,0.23571349781652498,False
511,Logistic regression,"weekly, sliding 4 wk",2008-08-25,415,2008-08-29 05:16:00,0,0.16532081225525558,False
512,Logistic regression,"weekly, sliding 4 wk",2008-08-25,415,2008-08-29 05:54:00,0,0.47276460050929886,False
513,Logistic regression,"weekly, sliding 4 wk",2008-08-25,415,2008-08-29 05:54:00,0,0.3248699041289497,False
514,Logistic regression,"weekly, sliding 4 wk",2008-08-25,415,2008-08-29 05:57:00,0,0.4634135095129901,False
515,Logistic regression,"weekly, sliding 4 wk",2008-08-25,415,2008-08-29 05:57:00,0,0.48702289002433635,False
516,Logistic regression,"weekly, sliding 4 wk",2008-08-25,415,2008-08-29 06:35:00,0,0.2959388914736669,False
517,Logistic regression,"weekly, sliding 4 wk",2008-08-25,415,2008-08-29 06:37:00,0,0.41708702967267686,False
518,Logistic regression,"weekly, sliding 4 wk",2008-08-25,415,2008-08-29 06:40:00,0,0.437048618395679,False
519,Logistic regression,"weekly, sliding 4 wk",2008-08-25,415,2008-08-29 06:45:00,1,0.6074321267031917,False
520,Logistic regression,"weekly, sliding 4 wk",2008-08-25,415,2008-08-29 06:54:00,0,0.4666697554230633,False
521,Logistic regression,"weekly, sliding 4 wk",2008-08-25,415,2008-08-29 07:18:00,0,0.5659054678223742,False
522,Logistic regression,"weekly, sliding 4 wk",2008-08-25,415,2008-08-29 07:22:00,0,0.6264140434959894,False
523,Logistic regression,"weekly, sliding 4 wk",2008-08-25,415,2008-08-29 07:24:00,0,0.4836731525049582,False
524,Logistic regression,"weekly, sliding 4 wk",2008-08-25,415,2008-08-29 07:33:00,0,0.6455939749878041,False
525,Logistic regression,"weekly, sliding 4 wk",2008-08-25,415,2008-08-29 07:33:00,0,0.14014146475244174,False
526,Logistic regression,"weekly, sliding 4 wk",2008-08-25,415,2008-08-29 08:10:00,0,0.2168640080927401,False
527,Logistic regression,"weekly, sliding 4 wk",2008-08-25,415,2008-08-29 08:20:00,0,0.4477161701384263,False
528,Logistic regression,"weekly, sliding 4 wk",2008-08-25,415,2008-08-29 08:41:00,0,0.5262688749994572,False
529,Logistic regression,"weekly, sliding 4 wk",2008-08-25,415,2008-08-29 08:45:00,0,0.7010868353389226,True
530,Logistic regression,"weekly, sliding 4 wk",2008-08-25,415,2008-08-29 12:21:00,0,0.4375075630603146,False
531,Logistic regression,"weekly, sliding 4 wk",2008-08-25,415,2008-08-29 12:22:00,0,0.38573699287932955,False
532,Logistic regression,"weekly, sliding 4 wk",2008-08-25,415,2008-08-29 12:37:00,0,0.3850504605256106,False
533,Logistic regression,"weekly, sliding 4 wk",2008-08-25,415,2008-08-29 13:04:00,0,0.6022304136076706,False
534,Logistic regression,"weekly, sliding 4 wk",2008-08-25,415,2008-08-29 13:14:00,0,0.3166510661919529,False
535,Logistic regression,"weekly, sliding 4 wk",2008-08-25,415,2008-08-29 13:27:00,0,0.43088898036063994,False
536,Logistic regression,"weekly, sliding 4 wk",2008-08-25,415,2008-08-29 13:49:00,0,0.46143730281611983,False
537,Logistic regression,"weekly, sliding 4 wk",2008-08-25,415,2008-08-29 14:11:00,0,0.40344402137074503,False
538,Logistic regression,"weekly, sliding 4 wk",2008-08-25,415,2008-08-29 14:18:00,0,0.2955911437571635,False
539,Logistic regression,"weekly, sliding 4 wk",2008-08-25,415,2008-08-29 14:30:00,0,0.29446234844340324,False
540,Logistic regression,"weekly, sliding 4 wk",2008-08-25,415,2008-08-29 15:01:00,0,1.0,True
541,Logistic regression,"weekly, sliding 4 wk",2008-08-25,415,2008-08-29 15:43:00,0,0.2964163648384882,False
542,Logistic regression,"weekly, sliding 4 wk",2008-08-25,415,2008-08-29 16:26:00,0,0.48566718959959915,False
543,Logistic regression,"weekly, sliding 4 wk",2008-08-25,415,2008-08-29 20:21:00,0,0.6802234141563824,False
544,Logistic regression,"weekly, sliding 4 wk",2008-08-25,415,2008-08-29 20:49:00,0,0.18804369054700337,False
545,Logistic regression,"weekly, sliding 4 wk",2008-08-25,415,2008-08-29 21:25:00,0,0.25359128646445445,False
546,Logistic regression,"weekly, sliding 4 wk",2008-08-25,415,2008-08-29 21:46:00,0,0.35217583295544014,False
547,Logistic regression,"weekly, sliding 4 wk",2008-08-25,415,2008-08-29 21:54:00,0,0.23539295543545424,False
548,Logistic regression,"weekly, sliding 4 wk",2008-08-25,415,2008-08-29 22:11:00,0,0.2878661858416547,False
549,Logistic regression,"weekly, sliding 4 wk",2008-08-25,415,2008-08-29 22:45:00,0,0.48503264844492916,False
550,Logistic regression,"weekly, sliding 4 wk",2008-08-25,415,2008-08-29 22:49:00,0,0.5013948866710612,False
551,Logistic regression,"weekly, sliding 4 wk",2008-08-25,415,2008-08-29 22:56:00,0,0.5922604592868089,False
552,Logistic regression,"weekly, sliding 4 wk",2008-08-25,415,2008-08-30 00:01:00,0,0.5110607920933653,False
553,Logistic regression,"weekly, sliding 4 wk",2008-08-25,415,2008-08-30 00:05:00,0,0.5548709065704321,False
554,Logistic regression,"weekly, sliding 4 wk",2008-08-25,415,2008-08-30 00:57:00,0,0.27750811751882365,False
555,Logistic regression,"weekly, sliding 4 wk",2008-08-25,415,2008-08-30 01:29:00,0,0.2217022528755068,False
556,Logistic regression,"weekly, sliding 4 wk",2008-08-25,415,2008-08-30 02:08:00,0,0.6166198549512043,False
557,Logistic regression,"weekly, sliding 4 wk",2008-08-25,415,2008-08-30 02:22:00,0,0.6835530595454042,False
558,Logistic regression,"weekly, sliding 4 wk",2008-08-25,415,2008-08-30 02:32:00,0,0.577497561482324,False
559,Logistic regression,"weekly, sliding 4 wk",2008-08-25,415,2008-08-30 02:39:00,0,0.4418890288209075,False
560,Logistic regression,"weekly, sliding 4 wk",2008-08-25,415,2008-08-30 02:50:00,0,0.22815048744552957,False
561,Logistic regression,"weekly, sliding 4 wk",2008-08-25,415,2008-08-30 03:10:00,0,0.34597200349787066,False
562,Logistic regression,"weekly, sliding 4 wk",2008-08-25,415,2008-08-30 04:20:00,0,0.2727190467555054,False
563,Logistic regression,"weekly, sliding 4 wk",2008-08-25,415,2008-08-30 04:24:00,0,0.3151632436193584,False
564,Logistic regression,"weekly, sliding 4 wk",2008-08-25,415,2008-08-30 04:55:00,0,0.5838851126537739,False
565,Logistic regression,"weekly, sliding 4 wk",2008-08-25,415,2008-08-30 05:05:00,0,0.5122324286048014,False
566,Logistic regression,"weekly, sliding 4 wk",2008-08-25,415,2008-08-30 05:05:00,0,0.6275202648542586,False
567,Logistic regression,"weekly, sliding 4 wk",2008-08-25,415,2008-08-30 05:38:00,0,0.3739902235086007,False
568,Logistic regression,"weekly, sliding 4 wk",2008-08-25,415,2008-08-30 05:51:00,0,0.48180926752518277,False
569,Logistic regression,"weekly, sliding 4 wk",2008-08-25,415,2008-08-30 07:50:00,0,0.12415349481642717,False
570,Logistic regression,"weekly, sliding 4 wk",2008-08-25,415,2008-08-30 07:54:00,0,0.30118271722343726,False
571,Logistic regression,"weekly, sliding 4 wk",2008-08-25,415,2008-08-30 08:10:00,0,0.31293999948794843,False
572,Logistic regression,"weekly, sliding 4 wk",2008-08-25,415,2008-08-30 08:29:00,0,0.3505550880604898,False
573,Logistic regression,"weekly, sliding 4 wk",2008-08-25,415,2008-08-30 08:42:00,0,0.23734426029560127,False
574,Logistic regression,"weekly, sliding 4 wk",2008-08-25,415,2008-08-30 08:53:00,0,0.4451426418099281,False
575,Logistic regression,"weekly, sliding 4 wk",2008-08-25,415,2008-08-30 09:13:00,0,0.5558007375313049,False
576,Logistic regression,"weekly, sliding 4 wk",2008-08-25,415,2008-08-30 09:37:00,0,0.44854487952627614,False
577,Logistic regression,"weekly, sliding 4 wk",2008-08-25,415,2008-08-30 09:45:00,1,0.9808188468211416,True
578,Logistic regression,"weekly, sliding 4 wk",2008-08-25,415,2008-08-30 10:15:00,0,0.2576836210313868,False
579,Logistic regression,"weekly, sliding 4 wk",2008-08-25,415,2008-08-30 10:16:00,0,0.71917852805196,True
580,Logistic regression,"weekly, sliding 4 wk",2008-08-25,415,2008-08-30 11:12:00,0,0.5882502784109884,False
581,Logistic regression,"weekly, sliding 4 wk",2008-08-25,415,2008-08-30 11:14:00,0,0.2808208633261845,False
582,Logistic regression,"weekly, sliding 4 wk",2008-08-25,415,2008-08-30 11:18:00,0,0.522067335220281,False
583,Logistic regression,"weekly, sliding 4 wk",2008-08-25,415,2008-08-30 11:57:00,0,0.27959027085939087,False
584,Logistic regression,"weekly, sliding 4 wk",2008-08-25,415,2008-08-30 14:10:00,1,0.2629510397066566,False
585,Logistic regression,"weekly, sliding 4 wk",2008-08-25,415,2008-08-30 14:23:00,0,0.5356369402911313,False
586,Logistic regression,"weekly, sliding 4 wk",2008-08-25,415,2008-08-30 14:37:00,0,0.43559762907855315,False
587,Logistic regression,"weekly, sliding 4 wk",2008-08-25,415,2008-08-30 15:06:00,0,0.7260485066172018,True
588,Logistic regression,"weekly, sliding 4 wk",2008-08-25,415,2008-08-30 15:16:00,0,0.6904044638992287,False
589,Logistic regression,"weekly, sliding 4 wk",2008-08-25,415,2008-08-30 15:37:00,0,0.3765371379664118,False
590,Logistic regression,"weekly, sliding 4 wk",2008-08-25,415,2008-08-30 15:50:00,0,0.7482517851220322,True
591,Logistic regression,"weekly, sliding 4 wk",2008-08-25,415,2008-08-30 15:57:00,0,0.5611626203541868,False
592,Logistic regression,"weekly, sliding 4 wk",2008-08-25,415,2008-08-30 16:24:00,0,0.32485353262519856,False
593,Logistic regression,"weekly, sliding 4 wk",2008-08-25,415,2008-08-30 17:05:00,0,0.8929743023244486,True
594,Logistic regression,"weekly, sliding 4 wk",2008-08-25,415,2008-08-30 17:49:00,0,0.24117748978015294,False
595,Logistic regression,"weekly, sliding 4 wk",2008-08-25,415,2008-08-30 19:21:00,0,0.45285883451645575,False
596,Logistic regression,"weekly, sliding 4 wk",2008-08-25,415,2008-08-30 19:27:00,0,0.4195431553841846,False
597,Logistic regression,"weekly, sliding 4 wk",2008-08-25,415,2008-08-30 20:11:00,0,0.5963758363776047,False
598,Logistic regression,"weekly, sliding 4 wk",2008-08-25,415,2008-08-30 20:53:00,0,0.9486515867332161,True
599,Logistic regression,"weekly, sliding 4 wk",2008-08-25,415,2008-08-30 21:53:00,0,0.17280251479715686,False
600,Logistic regression,"weekly, sliding 4 wk",2008-08-25,415,2008-08-30 23:51:00,0,0.14991558112506914,False
601,Logistic regression,"weekly, sliding 4 wk",2008-08-25,415,2008-08-31 02:57:00,0,0.7176105358617211,True
602,Logistic regression,"weekly, sliding 4 wk",2008-08-25,415,2008-08-31 04:46:00,1,0.4914709902991618,False
603,Logistic regression,"weekly, sliding 4 wk",2008-08-25,415,2008-08-31 05:05:00,0,0.6408939130774445,False
604,Logistic regression,"weekly, sliding 4 wk",2008-08-25,415,2008-08-31 09:11:00,0,0.49379930307929704,False
605,Logistic regression,"weekly, sliding 4 wk",2008-08-25,415,2008-08-31 10:36:00,0,0.3152281429487311,False
606,Logistic regression,"weekly, sliding 4 wk",2008-08-25,415,2008-08-31 10:59:00,1,0.5806871262708379,False
607,Logistic regression,"weekly, sliding 4 wk",2008-08-25,415,2008-08-31 10:59:00,0,0.4132005288976777,False
608,Logistic regression,"weekly, sliding 4 wk",2008-08-25,415,2008-08-31 11:03:00,0,0.7417580383569327,True
609,Logistic regression,"weekly, sliding 4 wk",2008-08-25,415,2008-08-31 15:09:00,0,0.5354754020088679,False
610,Logistic regression,"weekly, sliding 4 wk",2008-08-25,415,2008-08-31 15:13:00,0,0.33332583079287975,False
611,Logistic regression,"weekly, sliding 4 wk",2008-08-25,415,2008-08-31 16:32:00,0,0.6676488509411916,False
612,Logistic regression,"weekly, sliding 4 wk",2008-08-25,415,2008-08-31 20:24:00,0,0.2398549346442317,False
613,Logistic regression,"weekly, sliding 4 wk",2008-08-25,415,2008-08-31 21:04:00,0,0.8090688821417064,True
614,Logistic regression,"weekly, sliding 4 wk",2008-08-25,415,2008-08-31 21:46:00,0,0.6176636245808287,False
615,Logistic regression,"weekly, sliding 4 wk",2008-08-25,415,2008-08-31 21:58:00,0,0.3487108631327513,False
616,Logistic regression,"weekly, sliding 4 wk",2008-08-25,415,2008-08-31 22:32:00,0,0.26666864523549716,False
617,Logistic regression,"weekly, sliding 4 wk",2008-08-25,415,2008-08-31 22:48:00,0,0.4178196985730198,False
618,Logistic regression,"weekly, sliding 4 wk",2008-08-25,415,2008-08-31 22:57:00,0,0.4496510971340573,False
619,Logistic regression,"weekly, sliding 4 wk",2008-09-01,536,2008-09-01 00:01:00,0,0.7157769566419183,True
620,Logistic regression,"weekly, sliding 4 wk",2008-09-01,536,2008-09-01 00:39:00,0,0.211571654739558,False
621,Logistic regression,"weekly, sliding 4 wk",2008-09-01,536,2008-09-01 00:45:00,0,0.20711221663595294,False
622,Logistic regression,"weekly, sliding 4 wk",2008-09-01,536,2008-09-01 00:53:00,0,0.0760488321677043,False
623,Logistic regression,"weekly, sliding 4 wk",2008-09-01,536,2008-09-01 05:29:00,0,0.06453108924254444,False
624,Logistic regression,"weekly, sliding 4 wk",2008-09-01,536,2008-09-01 05:32:00,0,0.03515514671013642,False
625,Logistic regression,"weekly, sliding 4 wk",2008-09-01,536,2008-09-01 06:12:00,0,0.04220075400581708,False
626,Logistic regression,"weekly, sliding 4 wk",2008-09-01,536,2008-09-01 06:21:00,0,0.29673303164976295,False
627,Logistic regression,"weekly, sliding 4 wk",2008-09-01,536,2008-09-01 06:52:00,0,0.2741057237386039,False
628,Logistic regression,"weekly, sliding 4 wk",2008-09-01,536,2008-09-01 08:18:00,0,0.10246311644226262,False
629,Logistic regression,"weekly, sliding 4 wk",2008-09-01,536,2008-09-01 09:06:00,0,0.31486772842990607,False
630,Logistic regression,"weekly, sliding 4 wk",2008-09-01,536,2008-09-01 09:19:00,0,0.2754256954477504,False
631,Logistic regression,"weekly, sliding 4 wk",2008-09-01,536,2008-09-01 09:54:00,0,0.13989828114208297,False
632,Logistic regression,"weekly, sliding 4 wk",2008-09-01,536,2008-09-01 10:57:00,0,0.19546380844080077,False
633,Logistic regression,"weekly, sliding 4 wk",2008-09-01,536,2008-09-01 11:40:00,0,0.2347145120549533,False
634,Logistic regression,"weekly, sliding 4 wk",2008-09-01,536,2008-09-01 16:20:00,0,0.346643810343037,False
635,Logistic regression,"weekly, sliding 4 wk",2008-09-01,536,2008-09-01 19:54:00,1,0.17784933774866382,False
636,Logistic regression,"weekly, sliding 4 wk",2008-09-01,536,2008-09-01 20:51:00,0,0.2807705474082983,False
637,Logistic regression,"weekly, sliding 4 wk",2008-09-01,536,2008-09-01 22:05:00,0,0.18835636246574414,False
638,Logistic regression,"weekly, sliding 4 wk",2008-09-01,536,2008-09-01 23:05:00,0,0.0987226220265898,False
639,Logistic regression,"weekly, sliding 4 wk",2008-09-01,536,2008-09-01 23:19:00,0,0.25764712566381187,False
640,Logistic regression,"weekly, sliding 4 wk",2008-09-01,536,2008-09-01 23:24:00,0,0.26601769312572343,False
641,Logistic regression,"weekly, sliding 4 wk",2008-09-01,536,2008-09-01 23:28:00,0,0.0561554886832868,False
642,Logistic regression,"weekly, sliding 4 wk",2008-09-01,536,2008-09-01 23:39:00,0,0.713115365999678,True
643,Logistic regression,"weekly, sliding 4 wk",2008-09-01,536,2008-09-01 23:45:00,0,0.17115046744130774,False
644,Logistic regression,"weekly, sliding 4 wk",2008-09-01,536,2008-09-01 23:59:00,0,0.8973035727009033,True
645,Logistic regression,"weekly, sliding 4 wk",2008-09-01,536,2008-09-02 00:26:00,0,0.0751443622289008,False
646,Logistic regression,"weekly, sliding 4 wk",2008-09-01,536,2008-09-02 00:31:00,0,0.46581882421092574,False
647,Logistic regression,"weekly, sliding 4 wk",2008-09-01,536,2008-09-02 00:46:00,0,0.10929836914749069,False
648,Logistic regression,"weekly, sliding 4 wk",2008-09-01,536,2008-09-02 01:09:00,0,0.19809048776237362,False
649,Logistic regression,"weekly, sliding 4 wk",2008-09-01,536,2008-09-02 01:10:00,0,0.49220123720047854,False
650,Logistic regression,"weekly, sliding 4 wk",2008-09-01,536,2008-09-02 01:10:00,0,0.2831745121964296,False
651,Logistic regression,"weekly, sliding 4 wk",2008-09-01,536,2008-09-02 01:36:00,0,0.3441616954724718,False
652,Logistic regression,"weekly, sliding 4 wk",2008-09-01,536,2008-09-02 01:50:00,0,0.2038398738339626,False
653,Logistic regression,"weekly, sliding 4 wk",2008-09-01,536,2008-09-02 02:02:00,0,0.38831867243745377,False
654,Logistic regression,"weekly, sliding 4 wk",2008-09-01,536,2008-09-02 02:11:00,0,0.34635009895022245,False
655,Logistic regression,"weekly, sliding 4 wk",2008-09-01,536,2008-09-02 02:50:00,0,0.2690370709268114,False
656,Logistic regression,"weekly, sliding 4 wk",2008-09-01,536,2008-09-02 02:52:00,0,0.08750204411260255,False
657,Logistic regression,"weekly, sliding 4 wk",2008-09-01,536,2008-09-02 03:33:00,0,0.1558500619305846,False
658,Logistic regression,"weekly, sliding 4 wk",2008-09-01,536,2008-09-02 03:35:00,0,0.27771533314994346,False
659,Logistic regression,"weekly, sliding 4 wk",2008-09-01,536,2008-09-02 03:35:00,0,0.19993817945220219,False
660,Logistic regression,"weekly, sliding 4 wk",2008-09-01,536,2008-09-02 04:19:00,0,0.29534600851441,False
661,Logistic regression,"weekly, sliding 4 wk",2008-09-01,536,2008-09-02 04:22:00,0,0.3212860190373887,False
662,Logistic regression,"weekly, sliding 4 wk",2008-09-01,536,2008-09-02 05:46:00,0,0.2900143322913032,False
663,Logistic regression,"weekly, sliding 4 wk",2008-09-01,536,2008-09-02 06:03:00,0,0.14447202987200086,False
664,Logistic regression,"weekly, sliding 4 wk",2008-09-01,536,2008-09-02 06:19:00,0,0.24661198752825073,False
665,Logistic regression,"weekly, sliding 4 wk",2008-09-01,536,2008-09-02 06:32:00,0,0.28065540254833377,False
666,Logistic regression,"weekly, sliding 4 wk",2008-09-01,536,2008-09-02 06:48:00,0,0.17540267123399877,False
667,Logistic regression,"weekly, sliding 4 wk",2008-09-01,536,2008-09-02 07:22:00,0,0.05768719632908418,False
668,Logistic regression,"weekly, sliding 4 wk",2008-09-01,536,2008-09-02 07:32:00,0,0.10686681851515055,False
669,Logistic regression,"weekly, sliding 4 wk",2008-09-01,536,2008-09-02 08:15:00,0,0.4016431961922602,False
670,Logistic regression,"weekly, sliding 4 wk",2008-09-01,536,2008-09-02 08:54:00,0,0.08986181781306202,False
671,Logistic regression,"weekly, sliding 4 wk",2008-09-01,536,2008-09-02 09:36:00,0,0.058229900371589385,False
672,Logistic regression,"weekly, sliding 4 wk",2008-09-01,536,2008-09-02 09:37:00,0,0.43967780659118355,False
673,Logistic regression,"weekly, sliding 4 wk",2008-09-01,536,2008-09-02 10:13:00,0,0.21407106728830713,False
674,Logistic regression,"weekly, sliding 4 wk",2008-09-01,536,2008-09-02 10:21:00,0,0.5790710624248365,False
675,Logistic regression,"weekly, sliding 4 wk",2008-09-01,536,2008-09-02 10:25:00,0,0.22513430678757645,False
676,Logistic regression,"weekly, sliding 4 wk",2008-09-01,536,2008-09-02 10:33:00,0,0.1793226472158296,False
677,Logistic regression,"weekly, sliding 4 wk",2008-09-01,536,2008-09-02 11:08:00,0,0.3596115905891691,False
678,Logistic regression,"weekly, sliding 4 wk",2008-09-01,536,2008-09-02 11:22:00,0,0.20988048166221648,False
679,Logistic regression,"weekly, sliding 4 wk",2008-09-01,536,2008-09-02 11:47:00,0,0.24209268146017335,False
680,Logistic regression,"weekly, sliding 4 wk",2008-09-01,536,2008-09-02 11:49:00,0,0.13922597301567466,False
681,Logistic regression,"weekly, sliding 4 wk",2008-09-01,536,2008-09-02 12:01:00,0,0.19499855201256586,False
682,Logistic regression,"weekly, sliding 4 wk",2008-09-01,536,2008-09-02 12:17:00,0,0.5180442295035124,False
683,Logistic regression,"weekly, sliding 4 wk",2008-09-01,536,2008-09-02 12:26:00,0,0.4149342410328151,False
684,Logistic regression,"weekly, sliding 4 wk",2008-09-01,536,2008-09-02 12:30:00,0,0.09410207319982986,False
685,Logistic regression,"weekly, sliding 4 wk",2008-09-01,536,2008-09-02 12:44:00,0,0.4101931722198801,False
686,Logistic regression,"weekly, sliding 4 wk",2008-09-01,536,2008-09-02 13:05:00,0,0.20624318674546518,False
687,Logistic regression,"weekly, sliding 4 wk",2008-09-01,536,2008-09-02 13:08:00,0,0.36047797355580546,False
688,Logistic regression,"weekly, sliding 4 wk",2008-09-01,536,2008-09-02 13:27:00,0,0.2141582479224009,False
689,Logistic regression,"weekly, sliding 4 wk",2008-09-01,536,2008-09-02 13:40:00,0,0.1746595060856077,False
690,Logistic regression,"weekly, sliding 4 wk",2008-09-01,536,2008-09-02 14:09:00,0,0.7102247435402845,True
691,Logistic regression,"weekly, sliding 4 wk",2008-09-01,536,2008-09-02 14:21:00,0,0.3208997287111346,False
692,Logistic regression,"weekly, sliding 4 wk",2008-09-01,536,2008-09-02 14:34:00,0,0.07265532697419376,False
693,Logistic regression,"weekly, sliding 4 wk",2008-09-01,536,2008-09-02 15:29:00,0,0.0709742673442975,False
694,Logistic regression,"weekly, sliding 4 wk",2008-09-01,536,2008-09-02 16:10:00,0,0.44969503264776206,False
695,Logistic regression,"weekly, sliding 4 wk",2008-09-01,536,2008-09-02 16:50:00,0,0.16047872921026937,False
696,Logistic regression,"weekly, sliding 4 wk",2008-09-01,536,2008-09-02 16:54:00,0,0.3411160622987472,False
697,Logistic regression,"weekly, sliding 4 wk",2008-09-01,536,2008-09-02 16:58:00,0,0.3897114080118951,False
698,Logistic regression,"weekly, sliding 4 wk",2008-09-01,536,2008-09-02 17:10:00,0,0.10535642144286425,False
699,Logistic regression,"weekly, sliding 4 wk",2008-09-01,536,2008-09-02 17:18:00,0,0.29628360329543624,False
700,Logistic regression,"weekly, sliding 4 wk",2008-09-01,536,2008-09-02 18:38:00,0,0.26056648159797313,False
701,Logistic regression,"weekly, sliding 4 wk",2008-09-01,536,2008-09-02 18:52:00,0,0.26329101638323554,False
702,Logistic regression,"weekly, sliding 4 wk",2008-09-01,536,2008-09-02 19:18:00,0,0.07182852577173968,False
703,Logistic regression,"weekly, sliding 4 wk",2008-09-01,536,2008-09-02 20:18:00,0,0.599135043555022,False
704,Logistic regression,"weekly, sliding 4 wk",2008-09-01,536,2008-09-02 20:52:00,0,0.1311545134273805,False
705,Logistic regression,"weekly, sliding 4 wk",2008-09-01,536,2008-09-02 20:58:00,0,0.16527223126794724,False
706,Logistic regression,"weekly, sliding 4 wk",2008-09-01,536,2008-09-02 20:59:00,0,0.11887531416079714,False
707,Logistic regression,"weekly, sliding 4 wk",2008-09-01,536,2008-09-03 00:18:00,0,0.1540960897836337,False
708,Logistic regression,"weekly, sliding 4 wk",2008-09-01,536,2008-09-03 00:45:00,0,0.12024124198827658,False
709,Logistic regression,"weekly, sliding 4 wk",2008-09-01,536,2008-09-03 00:58:00,0,0.2802461312872185,False
710,Logistic regression,"weekly, sliding 4 wk",2008-09-01,536,2008-09-03 01:15:00,1,0.13942176811768492,False
711,Logistic regression,"weekly, sliding 4 wk",2008-09-01,536,2008-09-03 01:32:00,0,0.28897773000980054,False
712,Logistic regression,"weekly, sliding 4 wk",2008-09-01,536,2008-09-03 04:18:00,0,0.4468270809308733,False
713,Logistic regression,"weekly, sliding 4 wk",2008-09-01,536,2008-09-03 06:26:00,0,0.3988335541505542,False
714,Logistic regression,"weekly, sliding 4 wk",2008-09-01,536,2008-09-03 09:38:00,0,0.24368869889241376,False
715,Logistic regression,"weekly, sliding 4 wk",2008-09-01,536,2008-09-03 14:24:00,0,0.5317892641662386,False
716,Logistic regression,"weekly, sliding 4 wk",2008-09-01,536,2008-09-03 14:29:00,0,0.17514611982402464,False
717,Logistic regression,"weekly, sliding 4 wk",2008-09-01,536,2008-09-03 17:22:00,0,0.1966104033836539,False
718,Logistic regression,"weekly, sliding 4 wk",2008-09-01,536,2008-09-03 18:16:00,0,0.17765984872700535,False
719,Logistic regression,"weekly, sliding 4 wk",2008-09-01,536,2008-09-03 18:16:00,0,0.5257538977389901,False
720,Logistic regression,"weekly, sliding 4 wk",2008-09-01,536,2008-09-03 20:00:00,0,0.19994660453865798,False
721,Logistic regression,"weekly, sliding 4 wk",2008-09-01,536,2008-09-03 20:10:00,0,0.48973617500811667,False
722,Logistic regression,"weekly, sliding 4 wk",2008-09-01,536,2008-09-04 08:01:00,0,0.04925736978092259,False
723,Logistic regression,"weekly, sliding 4 wk",2008-09-01,536,2008-09-04 08:22:00,0,0.20277472866993385,False
724,Logistic regression,"weekly, sliding 4 wk",2008-09-01,536,2008-09-04 08:33:00,0,0.45768273612480953,False
725,Logistic regression,"weekly, sliding 4 wk",2008-09-01,536,2008-09-04 08:41:00,0,0.2709094625798142,False
726,Logistic regression,"weekly, sliding 4 wk",2008-09-01,536,2008-09-04 08:53:00,0,0.11987002363862874,False
727,Logistic regression,"weekly, sliding 4 wk",2008-09-01,536,2008-09-04 11:50:00,0,0.21066071765479494,False
728,Logistic regression,"weekly, sliding 4 wk",2008-09-01,536,2008-09-04 14:09:00,0,0.33557555995664506,False
729,Logistic regression,"weekly, sliding 4 wk",2008-09-01,536,2008-09-04 14:11:00,0,0.06858962718662105,False
730,Logistic regression,"weekly, sliding 4 wk",2008-09-01,536,2008-09-04 14:48:00,0,0.3721882873642647,False
731,Logistic regression,"weekly, sliding 4 wk",2008-09-01,536,2008-09-04 16:30:00,0,0.19073722433497992,False
732,Logistic regression,"weekly, sliding 4 wk",2008-09-01,536,2008-09-04 16:41:00,0,0.25797094197556025,False
733,Logistic regression,"weekly, sliding 4 wk",2008-09-01,536,2008-09-04 16:56:00,0,0.5704728266106629,False
734,Logistic regression,"weekly, sliding 4 wk",2008-09-01,536,2008-09-04 17:30:00,0,0.3143116691500631,False
735,Logistic regression,"weekly, sliding 4 wk",2008-09-01,536,2008-09-05 15:30:00,0,0.01601207404269006,False
736,Logistic regression,"weekly, sliding 4 wk",2008-09-01,536,2008-09-05 21:48:00,0,0.3507940218690635,False
737,Logistic regression,"weekly, sliding 4 wk",2008-09-01,536,2008-09-07 00:08:00,0,0.6175036334129868,False
738,Logistic regression,"weekly, sliding 4 wk",2008-09-01,536,2008-09-07 00:12:00,0,0.7297727883435285,True
739,Logistic regression,"weekly, sliding 4 wk",2008-09-01,536,2008-09-07 00:49:00,0,0.8328760015523289,True
740,Logistic regression,"weekly, sliding 4 wk",2008-09-01,536,2008-09-07 10:52:00,0,0.16980258897067413,False
741,Logistic regression,"weekly, sliding 4 wk",2008-09-01,536,2008-09-07 12:04:00,0,0.4799789267712522,False
742,Logistic regression,"weekly, sliding 4 wk",2008-09-01,536,2008-09-07 12:20:00,0,0.6372639407778246,False
743,Logistic regression,"weekly, sliding 4 wk",2008-09-01,536,2008-09-07 13:02:00,0,0.5244101642053531,False
744,Logistic regression,"weekly, sliding 4 wk",2008-09-01,536,2008-09-07 18:02:00,0,0.5174783953239988,False
745,Logistic regression,"weekly, sliding 4 wk",2008-09-01,536,2008-09-07 18:24:00,0,0.5941800919318037,False
746,Logistic regression,"weekly, sliding 4 wk",2008-09-01,536,2008-09-07 18:49:00,0,0.6071865917183027,False
747,Logistic regression,"weekly, sliding 4 wk",2008-09-01,536,2008-09-07 19:29:00,0,0.7269519489541905,True
748,Logistic regression,"weekly, sliding 4 wk",2008-09-01,536,2008-09-07 19:31:00,0,0.1546914117686344,False
749,Logistic regression,"weekly, sliding 4 wk",2008-09-01,536,2008-09-07 20:12:00,0,0.29549926053139985,False
750,Logistic regression,"weekly, sliding 4 wk",2008-09-01,536,2008-09-07 20:50:00,0,0.36503727526308,False
751,Logistic regression,"weekly, sliding 4 wk",2008-09-01,536,2008-09-07 23:33:00,0,0.1810979152362238,False
752,Logistic regression,"weekly, sliding 4 wk",2008-09-08,561,2008-09-08 00:32:00,0,0.07439452132639318,False
753,Logistic regression,"weekly, sliding 4 wk",2008-09-08,561,2008-09-08 00:40:00,0,0.984071668770271,True
754,Logistic regression,"weekly, sliding 4 wk",2008-09-08,561,2008-09-08 01:24:00,0,0.05866480143942667,False
755,Logistic regression,"weekly, sliding 4 wk",2008-09-08,561,2008-09-08 03:32:00,0,0.07287337800822462,False
756,Logistic regression,"weekly, sliding 4 wk",2008-09-08,561,2008-09-08 03:48:00,0,0.317717036607979,False
757,Logistic regression,"weekly, sliding 4 wk",2008-09-08,561,2008-09-08 04:21:00,0,0.03977518328775642,False
758,Logistic regression,"weekly, sliding 4 wk",2008-09-08,561,2008-09-08 06:37:00,0,0.240592917435214,False
759,Logistic regression,"weekly, sliding 4 wk",2008-09-08,561,2008-09-08 07:14:00,0,0.09594198785170066,False
760,Logistic regression,"weekly, sliding 4 wk",2008-09-08,561,2008-09-08 07:41:00,0,0.022500700946515153,False
761,Logistic regression,"weekly, sliding 4 wk",2008-09-08,561,2008-09-08 18:46:00,0,0.210859307753702,False
762,Logistic regression,"weekly, sliding 4 wk",2008-09-08,561,2008-09-08 19:14:00,0,0.178096165669917,False
763,Logistic regression,"weekly, sliding 4 wk",2008-09-08,561,2008-09-08 19:15:00,0,0.47582198900827977,False
764,Logistic regression,"weekly, sliding 4 wk",2008-09-08,561,2008-09-08 19:25:00,0,0.02715847586435133,False
765,Logistic regression,"weekly, sliding 4 wk",2008-09-08,561,2008-09-08 19:33:00,0,0.42313116469013884,False
766,Logistic regression,"weekly, sliding 4 wk",2008-09-08,561,2008-09-08 20:00:00,0,0.05244676285282155,False
767,Logistic regression,"weekly, sliding 4 wk",2008-09-08,561,2008-09-08 21:36:00,0,0.1750927824607477,False
768,Logistic regression,"weekly, sliding 4 wk",2008-09-08,561,2008-09-08 21:53:00,0,0.22333889983320313,False
769,Logistic regression,"weekly, sliding 4 wk",2008-09-08,561,2008-09-08 22:17:00,0,0.4959521390401586,False
770,Logistic regression,"weekly, sliding 4 wk",2008-09-08,561,2008-09-09 00:25:00,0,0.02066103851550543,False
771,Logistic regression,"weekly, sliding 4 wk",2008-09-08,561,2008-09-09 03:53:00,0,0.06719401555349566,False
772,Logistic regression,"weekly, sliding 4 wk",2008-09-08,561,2008-09-09 08:44:00,0,0.32884768197154973,False
773,Logistic regression,"weekly, sliding 4 wk",2008-09-08,561,2008-09-10 07:26:00,0,0.42377286838672185,False
774,Logistic regression,"weekly, sliding 4 wk",2008-09-08,561,2008-09-10 09:21:00,0,0.08745286411198276,False
775,Logistic regression,"weekly, sliding 4 wk",2008-09-08,561,2008-09-10 20:52:00,0,0.1529817449846727,False
776,Logistic regression,"weekly, sliding 4 wk",2008-09-08,561,2008-09-10 20:53:00,0,0.2981268611237757,False
777,Logistic regression,"weekly, sliding 4 wk",2008-09-08,561,2008-09-10 21:56:00,0,0.25639220675124624,False
778,Logistic regression,"weekly, sliding 4 wk",2008-09-08,561,2008-09-10 23:30:00,0,0.2176547414184383,False
779,Logistic regression,"weekly, sliding 4 wk",2008-09-08,561,2008-09-10 23:43:00,0,0.19193612098391766,False
780,Logistic regression,"weekly, sliding 4 wk",2008-09-08,561,2008-09-11 00:17:00,0,0.1269114767623097,False
781,Logistic regression,"weekly, sliding 4 wk",2008-09-08,561,2008-09-11 05:20:00,0,0.18120752690883304,False
782,Logistic regression,"weekly, sliding 4 wk",2008-09-08,561,2008-09-11 06:04:00,0,0.1193147978113022,False
783,Logistic regression,"weekly, sliding 4 wk",2008-09-08,561,2008-09-11 07:43:00,0,0.0818626791820036,False
784,Logistic regression,"weekly, sliding 4 wk",2008-09-08,561,2008-09-11 08:06:00,0,0.28516129313341093,False
785,Logistic regression,"weekly, sliding 4 wk",2008-09-08,561,2008-09-11 08:58:00,0,0.11521581708756878,False
786,Logistic regression,"weekly, sliding 4 wk",2008-09-08,561,2008-09-11 09:24:00,0,0.46435969571687696,False
787,Logistic regression,"weekly, sliding 4 wk",2008-09-08,561,2008-09-11 12:47:00,0,0.4638673971388781,False
788,Logistic regression,"weekly, sliding 4 wk",2008-09-08,561,2008-09-11 13:36:00,0,0.44559738509491353,False
789,Logistic regression,"weekly, sliding 4 wk",2008-09-08,561,2008-09-11 14:20:00,0,0.4648656506018632,False
790,Logistic regression,"weekly, sliding 4 wk",2008-09-08,561,2008-09-11 14:24:00,0,0.6182813931843855,True
791,Logistic regression,"weekly, sliding 4 wk",2008-09-08,561,2008-09-11 14:31:00,0,0.6553399419457754,True
792,Logistic regression,"weekly, sliding 4 wk",2008-09-08,561,2008-09-11 15:05:00,0,0.7426711354090119,True
793,Logistic regression,"weekly, sliding 4 wk",2008-09-08,561,2008-09-11 15:08:00,0,0.6595018312116897,True
794,Logistic regression,"weekly, sliding 4 wk",2008-09-08,561,2008-09-11 16:28:00,0,0.8015395268865371,True
795,Logistic regression,"weekly, sliding 4 wk",2008-09-08,561,2008-09-11 21:13:00,0,0.19354686602171664,False
796,Logistic regression,"weekly, sliding 4 wk",2008-09-08,561,2008-09-11 22:07:00,1,0.45322254483911667,False
797,Logistic regression,"weekly, sliding 4 wk",2008-09-08,561,2008-09-11 23:10:00,0,0.6094066343369523,False
798,Logistic regression,"weekly, sliding 4 wk",2008-09-08,561,2008-09-11 23:48:00,1,0.05743676045073688,False
799,Logistic regression,"weekly, sliding 4 wk",2008-09-08,561,2008-09-12 05:11:00,0,0.03563238176884149,False
800,Logistic regression,"weekly, sliding 4 wk",2008-09-08,561,2008-09-12 05:55:00,0,0.29661257298044363,False
801,Logistic regression,"weekly, sliding 4 wk",2008-09-08,561,2008-09-12 06:38:00,0,0.16173889018914905,False
802,Logistic regression,"weekly, sliding 4 wk",2008-09-08,561,2008-09-12 06:41:00,0,0.22598698028727807,False
803,Logistic regression,"weekly, sliding 4 wk",2008-09-08,561,2008-09-12 06:45:00,0,0.16264658162131235,False
804,Logistic regression,"weekly, sliding 4 wk",2008-09-08,561,2008-09-12 07:21:00,0,0.2438437162516571,False
805,Logistic regression,"weekly, sliding 4 wk",2008-09-08,561,2008-09-12 07:29:00,0,0.5087252049766815,False
806,Logistic regression,"weekly, sliding 4 wk",2008-09-08,561,2008-09-12 07:38:00,0,0.26870548843299286,False
807,Logistic regression,"weekly, sliding 4 wk",2008-09-08,561,2008-09-12 11:57:00,0,0.07035773557628101,False
808,Logistic regression,"weekly, sliding 4 wk",2008-09-08,561,2008-09-12 13:08:00,0,0.041711932268334286,False
809,Logistic regression,"weekly, sliding 4 wk",2008-09-08,561,2008-09-12 14:52:00,0,0.23787374443250428,False
810,Logistic regression,"weekly, sliding 4 wk",2008-09-08,561,2008-09-12 15:40:00,0,0.5399645016439116,False
811,Logistic regression,"weekly, sliding 4 wk",2008-09-08,561,2008-09-12 16:23:00,0,0.05915842290086093,False
812,Logistic regression,"weekly, sliding 4 wk",2008-09-08,561,2008-09-12 18:01:00,0,0.2290476396554132,False
813,Logistic regression,"weekly, sliding 4 wk",2008-09-08,561,2008-09-12 18:52:00,0,0.1771276871501107,False
814,Logistic regression,"weekly, sliding 4 wk",2008-09-08,561,2008-09-12 19:36:00,0,0.7814597188482897,True
815,Logistic regression,"weekly, sliding 4 wk",2008-09-08,561,2008-09-12 20:28:00,0,0.06232694942108907,False
816,Logistic regression,"weekly, sliding 4 wk",2008-09-08,561,2008-09-12 21:12:00,0,0.3166821052755522,False
817,Logistic regression,"weekly, sliding 4 wk",2008-09-08,561,2008-09-12 22:25:00,0,0.2496108343127509,False
818,Logistic regression,"weekly, sliding 4 wk",2008-09-08,561,2008-09-12 22:45:00,0,0.21798573887914624,False
819,Logistic regression,"weekly, sliding 4 wk",2008-09-08,561,2008-09-12 23:28:00,0,0.2217448874983415,False
820,Logistic regression,"weekly, sliding 4 wk",2008-09-08,561,2008-09-12 23:40:00,0,0.4754617593527216,False
821,Logistic regression,"weekly, sliding 4 wk",2008-09-08,561,2008-09-13 00:25:00,0,0.6767235366767304,True
822,Logistic regression,"weekly, sliding 4 wk",2008-09-08,561,2008-09-13 02:57:00,0,0.46307997969939774,False
823,Logistic regression,"weekly, sliding 4 wk",2008-09-08,561,2008-09-13 03:14:00,0,0.3289279756202044,False
824,Logistic regression,"weekly, sliding 4 wk",2008-09-08,561,2008-09-13 09:19:00,0,0.25406580742618073,False
825,Logistic regression,"weekly, sliding 4 wk",2008-09-08,561,2008-09-13 10:55:00,0,0.6483911023413201,True
826,Logistic regression,"weekly, sliding 4 wk",2008-09-08,561,2008-09-13 11:42:00,0,0.32682203232072643,False
827,Logistic regression,"weekly, sliding 4 wk",2008-09-08,561,2008-09-13 11:56:00,1,0.6011485533643081,False
828,Logistic regression,"weekly, sliding 4 wk",2008-09-08,561,2008-09-13 12:48:00,0,0.3747499405707004,False
829,Logistic regression,"weekly, sliding 4 wk",2008-09-08,561,2008-09-13 14:07:00,0,0.12152976695415786,False
830,Logistic regression,"weekly, sliding 4 wk",2008-09-08,561,2008-09-13 16:04:00,0,0.038696387546632786,False
831,Logistic regression,"weekly, sliding 4 wk",2008-09-08,561,2008-09-13 16:04:00,0,0.34603585035842893,False
832,Logistic regression,"weekly, sliding 4 wk",2008-09-08,561,2008-09-13 20:06:00,1,0.017299091357894293,False
833,Logistic regression,"weekly, sliding 4 wk",2008-09-08,561,2008-09-14 02:50:00,0,0.2782974027997111,False
834,Logistic regression,"weekly, sliding 4 wk",2008-09-08,561,2008-09-14 02:59:00,0,0.5226415995697901,False
835,Logistic regression,"weekly, sliding 4 wk",2008-09-08,561,2008-09-14 15:02:00,0,0.15751524069361492,False
836,Logistic regression,"weekly, sliding 4 wk",2008-09-08,561,2008-09-14 15:46:00,0,0.5208996803908934,False
837,Logistic regression,"weekly, sliding 4 wk",2008-09-08,561,2008-09-14 16:34:00,0,0.4020013396108332,False
838,Logistic regression,"weekly, sliding 4 wk",2008-09-08,561,2008-09-14 17:40:00,0,0.10141827366060199,False
839,Logistic regression,"weekly, sliding 4 wk",2008-09-08,561,2008-09-14 18:27:00,0,0.6427088983609307,True
840,Logistic regression,"weekly, sliding 4 wk",2008-09-08,561,2008-09-14 18:27:00,0,0.03612448105516561,False
841,Logistic regression,"weekly, sliding 4 wk",2008-09-08,561,2008-09-14 19:13:00,0,0.17837094935921136,False
842,Logistic regression,"weekly, sliding 4 wk",2008-09-08,561,2008-09-14 20:00:00,0,0.35431604106176023,False
843,Logistic regression,"weekly, sliding 4 wk",2008-09-08,561,2008-09-14 20:43:00,0,0.1541516298602198,False
844,Logistic regression,"weekly, sliding 4 wk",2008-09-08,561,2008-09-14 20:45:00,0,0.49451355546364484,False
845,Logistic regression,"weekly, sliding 4 wk",2008-09-08,561,2008-09-14 21:31:00,0,0.5695568970117427,False
846,Logistic regression,"weekly, sliding 4 wk",2008-09-08,561,2008-09-14 23:00:00,0,0.07788179167187215,False
847,Logistic regression,"weekly, sliding 4 wk",2008-09-15,605,2008-09-15 02:04:00,0,0.016076369448966916,False
848,Logistic regression,"weekly, sliding 4 wk",2008-09-15,605,2008-09-15 10:03:00,0,0.25944343757561455,False
849,Logistic regression,"weekly, sliding 4 wk",2008-09-15,605,2008-09-15 11:40:00,0,0.36895250620280196,False
850,Logistic regression,"weekly, sliding 4 wk",2008-09-15,605,2008-09-15 12:27:00,0,0.46020455857529385,False
851,Logistic regression,"weekly, sliding 4 wk",2008-09-15,605,2008-09-15 16:10:00,0,0.14210390513442872,False
852,Logistic regression,"weekly, sliding 4 wk",2008-09-15,605,2008-09-15 16:59:00,0,0.13207351570590053,False
853,Logistic regression,"weekly, sliding 4 wk",2008-09-15,605,2008-09-15 19:54:00,0,0.3640718772721774,False
854,Logistic regression,"weekly, sliding 4 wk",2008-09-15,605,2008-09-15 21:56:00,0,0.09130612415179154,False
855,Logistic regression,"weekly, sliding 4 wk",2008-09-15,605,2008-09-15 22:13:00,0,0.08362216864577823,False
856,Logistic regression,"weekly, sliding 4 wk",2008-09-15,605,2008-09-15 22:45:00,0,0.3312790884879484,False
857,Logistic regression,"weekly, sliding 4 wk",2008-09-15,605,2008-09-15 22:54:00,0,0.22269105057530852,False
858,Logistic regression,"weekly, sliding 4 wk",2008-09-15,605,2008-09-15 23:37:00,0,0.02067181491694494,False
859,Logistic regression,"weekly, sliding 4 wk",2008-09-15,605,2008-09-16 07:39:00,0,0.1343687279865991,False
860,Logistic regression,"weekly, sliding 4 wk",2008-09-15,605,2008-09-16 07:48:00,0,0.0641021643946854,False
861,Logistic regression,"weekly, sliding 4 wk",2008-09-15,605,2008-09-16 08:50:00,0,0.1398593472275943,False
862,Logistic regression,"weekly, sliding 4 wk",2008-09-15,605,2008-09-16 08:52:00,0,0.048707560995715556,False
863,Logistic regression,"weekly, sliding 4 wk",2008-09-15,605,2008-09-16 09:37:00,0,0.27826321991357705,False
864,Logistic regression,"weekly, sliding 4 wk",2008-09-15,605,2008-09-16 17:07:00,0,0.19384961667549658,False
865,Logistic regression,"weekly, sliding 4 wk",2008-09-15,605,2008-09-16 18:09:00,0,0.08412626005547849,False
866,Logistic regression,"weekly, sliding 4 wk",2008-09-15,605,2008-09-16 18:23:00,0,0.17830862639901962,False
867,Logistic regression,"weekly, sliding 4 wk",2008-09-15,605,2008-09-16 19:34:00,0,0.6295504030729466,False
868,Logistic regression,"weekly, sliding 4 wk",2008-09-15,605,2008-09-16 19:45:00,0,0.0933434149679511,False
869,Logistic regression,"weekly, sliding 4 wk",2008-09-15,605,2008-09-16 21:21:00,0,0.5868051864663986,False
870,Logistic regression,"weekly, sliding 4 wk",2008-09-15,605,2008-09-16 22:45:00,0,0.1250238746713529,False
871,Logistic regression,"weekly, sliding 4 wk",2008-09-15,605,2008-09-17 02:01:00,0,0.4116847714958602,False
872,Logistic regression,"weekly, sliding 4 wk",2008-09-15,605,2008-09-17 04:23:00,1,0.45782095582003207,False
873,Logistic regression,"weekly, sliding 4 wk",2008-09-15,605,2008-09-17 07:14:00,0,0.3920902921641608,False
874,Logistic regression,"weekly, sliding 4 wk",2008-09-15,605,2008-09-17 07:28:00,0,0.6503437472157995,False
875,Logistic regression,"weekly, sliding 4 wk",2008-09-15,605,2008-09-17 21:52:00,0,0.06008653179078219,False
876,Logistic regression,"weekly, sliding 4 wk",2008-09-15,605,2008-09-18 00:57:00,0,0.24609738561905456,False
877,Logistic regression,"weekly, sliding 4 wk",2008-09-15,605,2008-09-18 01:40:00,0,0.08699294991187118,False
878,Logistic regression,"weekly, sliding 4 wk",2008-09-15,605,2008-09-18 01:43:00,0,0.33638719213670343,False
879,Logistic regression,"weekly, sliding 4 wk",2008-09-15,605,2008-09-18 02:01:00,0,0.2704356155214056,False
880,Logistic regression,"weekly, sliding 4 wk",2008-09-15,605,2008-09-18 03:58:00,0,0.017064072442616623,False
881,Logistic regression,"weekly, sliding 4 wk",2008-09-15,605,2008-09-18 03:58:00,0,0.6280982837124051,False
882,Logistic regression,"weekly, sliding 4 wk",2008-09-15,605,2008-09-18 05:44:00,0,0.17857050299573213,False
883,Logistic regression,"weekly, sliding 4 wk",2008-09-15,605,2008-09-18 05:58:00,0,0.020154038509641415,False
884,Logistic regression,"weekly, sliding 4 wk",2008-09-15,605,2008-09-18 08:04:00,0,0.495943792834566,False
885,Logistic regression,"weekly, sliding 4 wk",2008-09-15,605,2008-09-18 10:48:00,0,0.5650848954000409,False
886,Logistic regression,"weekly, sliding 4 wk",2008-09-15,605,2008-09-18 13:48:00,0,0.15740641704801817,False
887,Logistic regression,"weekly, sliding 4 wk",2008-09-15,605,2008-09-18 17:22:00,0,0.17482848374464277,False
888,Logistic regression,"weekly, sliding 4 wk",2008-09-15,605,2008-09-18 18:12:00,0,0.5522068155471871,False
889,Logistic regression,"weekly, sliding 4 wk",2008-09-15,605,2008-09-18 18:56:00,0,0.21990867509649922,False
890,Logistic regression,"weekly, sliding 4 wk",2008-09-15,605,2008-09-18 21:12:00,0,0.2749454284360981,False
891,Logistic regression,"weekly, sliding 4 wk",2008-09-15,605,2008-09-18 21:56:00,0,0.1335470044282773,False
892,Logistic regression,"weekly, sliding 4 wk",2008-09-15,605,2008-09-18 23:00:00,0,0.06279908828828434,False
893,Logistic regression,"weekly, sliding 4 wk",2008-09-15,605,2008-09-18 23:05:00,0,0.7452891355845853,True
894,Logistic regression,"weekly, sliding 4 wk",2008-09-15,605,2008-09-18 23:44:00,0,0.4430254442135292,False
895,Logistic regression,"weekly, sliding 4 wk",2008-09-15,605,2008-09-19 00:30:00,0,0.4669288524202814,False
896,Logistic regression,"weekly, sliding 4 wk",2008-09-15,605,2008-09-19 01:57:00,0,0.1972959315728155,False
897,Logistic regression,"weekly, sliding 4 wk",2008-09-15,605,2008-09-19 02:44:00,0,0.15107796775033863,False
898,Logistic regression,"weekly, sliding 4 wk",2008-09-15,605,2008-09-19 04:42:00,0,0.4313852526870145,False
899,Logistic regression,"weekly, sliding 4 wk",2008-09-15,605,2008-09-19 05:33:00,0,0.6293306849324443,False
900,Logistic regression,"weekly, sliding 4 wk",2008-09-15,605,2008-09-19 05:57:00,0,0.7293695765067658,True
901,Logistic regression,"weekly, sliding 4 wk",2008-09-15,605,2008-09-19 06:01:00,0,0.20861367733747427,False
902,Logistic regression,"weekly, sliding 4 wk",2008-09-15,605,2008-09-19 06:44:00,0,0.3795105366899347,False
903,Logistic regression,"weekly, sliding 4 wk",2008-09-15,605,2008-09-19 07:14:00,0,0.13178261176651704,False
904,Logistic regression,"weekly, sliding 4 wk",2008-09-15,605,2008-09-19 07:18:00,0,0.1100802701060061,False
905,Logistic regression,"weekly, sliding 4 wk",2008-09-15,605,2008-09-19 08:08:00,0,0.06586904507894278,False
906,Logistic regression,"weekly, sliding 4 wk",2008-09-15,605,2008-09-19 08:52:00,0,0.3439852429030298,False
907,Logistic regression,"weekly, sliding 4 wk",2008-09-15,605,2008-09-19 09:12:00,0,0.33423344974208496,False
908,Logistic regression,"weekly, sliding 4 wk",2008-09-15,605,2008-09-19 09:47:00,0,0.1557321806614328,False
909,Logistic regression,"weekly, sliding 4 wk",2008-09-15,605,2008-09-19 10:45:00,0,0.14385674654573183,False
910,Logistic regression,"weekly, sliding 4 wk",2008-09-15,605,2008-09-19 11:13:00,0,0.3241084586258279,False
911,Logistic regression,"weekly, sliding 4 wk",2008-09-15,605,2008-09-19 11:54:00,0,0.7069719962277221,True
912,Logistic regression,"weekly, sliding 4 wk",2008-09-15,605,2008-09-19 13:59:00,0,0.1944471942588112,False
913,Logistic regression,"weekly, sliding 4 wk",2008-09-15,605,2008-09-19 15:31:00,0,0.34327973801640865,False
914,Logistic regression,"weekly, sliding 4 wk",2008-09-15,605,2008-09-19 16:40:00,0,0.07812571148535909,False
915,Logistic regression,"weekly, sliding 4 wk",2008-09-15,605,2008-09-19 16:58:00,1,0.38273121686916095,False
916,Logistic regression,"weekly, sliding 4 wk",2008-09-15,605,2008-09-19 17:47:00,0,0.36715501520776,False
917,Logistic regression,"weekly, sliding 4 wk",2008-09-15,605,2008-09-19 18:11:00,0,0.4696883127175937,False
918,Logistic regression,"weekly, sliding 4 wk",2008-09-15,605,2008-09-19 18:33:00,0,0.31539257036404716,False
919,Logistic regression,"weekly, sliding 4 wk",2008-09-15,605,2008-09-19 19:18:00,0,0.32773738756048426,False
920,Logistic regression,"weekly, sliding 4 wk",2008-09-15,605,2008-09-19 19:29:00,0,0.02108078966731924,False
921,Logistic regression,"weekly, sliding 4 wk",2008-09-15,605,2008-09-19 20:05:00,0,0.08163880079066578,False
922,Logistic regression,"weekly, sliding 4 wk",2008-09-15,605,2008-09-19 20:07:00,0,0.3945476859132425,False
923,Logistic regression,"weekly, sliding 4 wk",2008-09-15,605,2008-09-19 20:10:00,0,0.45177800568765875,False
924,Logistic regression,"weekly, sliding 4 wk",2008-09-15,605,2008-09-19 20:17:00,0,0.8223108440688074,True
925,Logistic regression,"weekly, sliding 4 wk",2008-09-15,605,2008-09-19 20:19:00,1,0.6717898212268149,True
926,Logistic regression,"weekly, sliding 4 wk",2008-09-15,605,2008-09-19 21:08:00,0,0.49572673035400006,False
927,Logistic regression,"weekly, sliding 4 wk",2008-09-15,605,2008-09-19 21:09:00,1,0.28854709969971604,False
928,Logistic regression,"weekly, sliding 4 wk",2008-09-15,605,2008-09-19 21:13:00,0,0.23566689878529715,False
929,Logistic regression,"weekly, sliding 4 wk",2008-09-15,605,2008-09-19 21:14:00,0,0.024448808522768338,False
930,Logistic regression,"weekly, sliding 4 wk",2008-09-15,605,2008-09-19 21:59:00,1,0.07116809983188423,False
931,Logistic regression,"weekly, sliding 4 wk",2008-09-15,605,2008-09-19 23:26:00,0,0.15897792380900727,False
932,Logistic regression,"weekly, sliding 4 wk",2008-09-15,605,2008-09-19 23:33:00,0,0.9999878439730886,True
933,Logistic regression,"weekly, sliding 4 wk",2008-09-15,605,2008-09-20 00:18:00,0,0.21427747389690327,False
934,Logistic regression,"weekly, sliding 4 wk",2008-09-15,605,2008-09-20 00:33:00,0,0.08931640501720418,False
935,Logistic regression,"weekly, sliding 4 wk",2008-09-15,605,2008-09-20 03:58:00,0,0.2459921113343486,False
936,Logistic regression,"weekly, sliding 4 wk",2008-09-15,605,2008-09-20 04:13:00,0,0.030963879721367712,False
937,Logistic regression,"weekly, sliding 4 wk",2008-09-15,605,2008-09-20 04:28:00,0,0.21857961791051284,False
938,Logistic regression,"weekly, sliding 4 wk",2008-09-15,605,2008-09-20 05:22:00,0,0.10473253749599222,False
939,Logistic regression,"weekly, sliding 4 wk",2008-09-15,605,2008-09-20 05:25:00,0,0.061755931334863116,False
940,Logistic regression,"weekly, sliding 4 wk",2008-09-15,605,2008-09-20 05:34:00,0,0.47249602821879977,False
941,Logistic regression,"weekly, sliding 4 wk",2008-09-15,605,2008-09-20 06:08:00,0,0.6032343929496823,False
942,Logistic regression,"weekly, sliding 4 wk",2008-09-15,605,2008-09-20 07:21:00,0,0.21424349725143327,False
943,Logistic regression,"weekly, sliding 4 wk",2008-09-15,605,2008-09-20 08:14:00,0,0.12477560820648313,False
944,Logistic regression,"weekly, sliding 4 wk",2008-09-15,605,2008-09-20 10:51:00,0,0.33601430203289284,False
945,Logistic regression,"weekly, sliding 4 wk",2008-09-15,605,2008-09-20 11:18:00,0,0.4954887004856314,False
946,Logistic regression,"weekly, sliding 4 wk",2008-09-15,605,2008-09-20 12:20:00,0,0.15721943099986957,False
947,Logistic regression,"weekly, sliding 4 wk",2008-09-15,605,2008-09-20 12:26:00,0,0.11038879393312487,False
948,Logistic regression,"weekly, sliding 4 wk",2008-09-15,605,2008-09-20 12:27:00,0,0.12756165663072216,False
949,Logistic regression,"weekly, sliding 4 wk",2008-09-15,605,2008-09-20 12:36:00,0,0.017042760651165657,False
950,Logistic regression,"weekly, sliding 4 wk",2008-09-15,605,2008-09-20 12:57:00,0,0.18296156511638487,False
951,Logistic regression,"weekly, sliding 4 wk",2008-09-15,605,2008-09-20 14:00:00,0,0.15817880393219752,False
952,Logistic regression,"weekly, sliding 4 wk",2008-09-15,605,2008-09-20 14:06:00,0,0.6511361191762911,True
953,Logistic regression,"weekly, sliding 4 wk",2008-09-15,605,2008-09-20 14:42:00,0,0.2762302252636581,False
954,Logistic regression,"weekly, sliding 4 wk",2008-09-15,605,2008-09-20 14:50:00,0,0.3210819372910547,False
955,Logistic regression,"weekly, sliding 4 wk",2008-09-15,605,2008-09-20 14:53:00,0,0.21155999430013817,False
956,Logistic regression,"weekly, sliding 4 wk",2008-09-15,605,2008-09-20 15:02:00,0,0.22755296525137783,False
957,Logistic regression,"weekly, sliding 4 wk",2008-09-15,605,2008-09-20 15:19:00,0,0.05316163209216324,False
958,Logistic regression,"weekly, sliding 4 wk",2008-09-15,605,2008-09-20 15:37:00,0,0.3144962992078167,False
959,Logistic regression,"weekly, sliding 4 wk",2008-09-15,605,2008-09-20 15:46:00,0,0.8623458984467509,True
960,Logistic regression,"weekly, sliding 4 wk",2008-09-15,605,2008-09-20 16:43:00,0,0.21883117086265347,False
961,Logistic regression,"weekly, sliding 4 wk",2008-09-15,605,2008-09-20 16:44:00,0,0.3850784942093222,False
962,Logistic regression,"weekly, sliding 4 wk",2008-09-15,605,2008-09-20 17:26:00,0,0.028666241856503533,False
963,Logistic regression,"weekly, sliding 4 wk",2008-09-15,605,2008-09-20 17:29:00,0,0.5110651950210298,False
964,Logistic regression,"weekly, sliding 4 wk",2008-09-15,605,2008-09-20 18:03:00,0,0.07086008520790589,False
965,Logistic regression,"weekly, sliding 4 wk",2008-09-15,605,2008-09-20 18:21:00,0,0.5972676840628199,False
966,Logistic regression,"weekly, sliding 4 wk",2008-09-15,605,2008-09-20 18:56:00,0,0.5859398367535958,False
967,Logistic regression,"weekly, sliding 4 wk",2008-09-15,605,2008-09-20 19:14:00,0,0.26338845272866657,False
968,Logistic regression,"weekly, sliding 4 wk",2008-09-15,605,2008-09-20 19:21:00,0,0.3861558175740932,False
969,Logistic regression,"weekly, sliding 4 wk",2008-09-15,605,2008-09-20 23:34:00,0,0.5860446873158396,False
970,Logistic regression,"weekly, sliding 4 wk",2008-09-15,605,2008-09-21 00:48:00,0,0.3411791112752019,False
971,Logistic regression,"weekly, sliding 4 wk",2008-09-15,605,2008-09-21 01:06:00,0,0.31737891979179284,False
972,Logistic regression,"weekly, sliding 4 wk",2008-09-15,605,2008-09-21 02:07:00,0,0.3506291951856866,False
973,Logistic regression,"weekly, sliding 4 wk",2008-09-15,605,2008-09-21 03:04:00,0,0.49822577448940725,False
974,Logistic regression,"weekly, sliding 4 wk",2008-09-15,605,2008-09-21 03:47:00,0,0.553480714221547,False
975,Logistic regression,"weekly, sliding 4 wk",2008-09-15,605,2008-09-21 04:17:00,0,0.08633371450569514,False
976,Logistic regression,"weekly, sliding 4 wk",2008-09-15,605,2008-09-21 04:49:00,0,0.19441947120168984,False
977,Logistic regression,"weekly, sliding 4 wk",2008-09-15,605,2008-09-21 07:30:00,0,0.41636177704788824,False
978,Logistic regression,"weekly, sliding 4 wk",2008-09-15,605,2008-09-21 07:55:00,0,0.4843637426299636,False
979,Logistic regression,"weekly, sliding 4 wk",2008-09-15,605,2008-09-21 08:22:00,0,0.38569689100641374,False
980,Logistic regression,"weekly, sliding 4 wk",2008-09-15,605,2008-09-21 08:49:00,0,0.17243733406401274,False
981,Logistic regression,"weekly, sliding 4 wk",2008-09-15,605,2008-09-21 09:16:00,0,0.35064815941346866,False
982,Logistic regression,"weekly, sliding 4 wk",2008-09-15,605,2008-09-21 09:31:00,0,0.0760086960981325,False
983,Logistic regression,"weekly, sliding 4 wk",2008-09-15,605,2008-09-21 10:07:00,0,0.22613670271381428,False
984,Logistic regression,"weekly, sliding 4 wk",2008-09-15,605,2008-09-21 10:49:00,0,0.13946304283304498,False
985,Logistic regression,"weekly, sliding 4 wk",2008-09-15,605,2008-09-21 11:33:00,0,0.3165752029402197,False
986,Logistic regression,"weekly, sliding 4 wk",2008-09-15,605,2008-09-21 12:04:00,0,0.10846514848949552,False
987,Logistic regression,"weekly, sliding 4 wk",2008-09-15,605,2008-09-21 14:30:00,0,0.2170069500350842,False
988,Logistic regression,"weekly, sliding 4 wk",2008-09-15,605,2008-09-21 14:31:00,0,0.07282745846184087,False
989,Logistic regression,"weekly, sliding 4 wk",2008-09-15,605,2008-09-21 14:33:00,0,0.17953636857881786,False
990,Logistic regression,"weekly, sliding 4 wk",2008-09-15,605,2008-09-21 15:15:00,0,0.1400149010913405,False
991,Logistic regression,"weekly, sliding 4 wk",2008-09-15,605,2008-09-21 15:26:00,0,0.4354957714738736,False
992,Logistic regression,"weekly, sliding 4 wk",2008-09-15,605,2008-09-21 15:34:00,0,0.24670405510745924,False
993,Logistic regression,"weekly, sliding 4 wk",2008-09-15,605,2008-09-21 16:43:00,0,0.2767262461458629,False
994,Logistic regression,"weekly, sliding 4 wk",2008-09-15,605,2008-09-21 17:26:00,0,0.18684899429829172,False
995,Logistic regression,"weekly, sliding 4 wk",2008-09-15,605,2008-09-21 17:30:00,0,0.08960145759981773,False
996,Logistic regression,"weekly, sliding 4 wk",2008-09-15,605,2008-09-21 18:12:00,0,0.004642502706263442,False
997,Logistic regression,"weekly, sliding 4 wk",2008-09-15,605,2008-09-21 19:19:00,0,0.0809921710137839,False
998,Logistic regression,"weekly, sliding 4 wk",2008-09-15,605,2008-09-21 20:35:00,0,0.1620655596937962,False
999,Logistic regression,"weekly, sliding 4 wk",2008-09-15,605,2008-09-21 21:54:00,0,0.06690374459434435,False
1000,Logistic regression,"weekly, sliding 4 wk",2008-09-15,605,2008-09-21 22:02:00,0,0.1792806330168425,False
1001,Logistic regression,"weekly, sliding 4 wk",2008-09-22,551,2008-09-22 00:12:00,0,0.07396031618997981,False
1002,Logistic regression,"weekly, sliding 4 wk",2008-09-22,551,2008-09-22 00:28:00,0,0.03409830115708048,False
1003,Logistic regression,"weekly, sliding 4 wk",2008-09-22,551,2008-09-22 00:47:00,0,0.06681158291837168,False
1004,Logistic regression,"weekly, sliding 4 wk",2008-09-22,551,2008-09-22 01:43:00,0,0.020037351010499835,False
1005,Logistic regression,"weekly, sliding 4 wk",2008-09-22,551,2008-09-22 03:51:00,0,0.03313503632741175,False
1006,Logistic regression,"weekly, sliding 4 wk",2008-09-22,551,2008-09-22 06:05:00,0,0.2159723332852809,False
1007,Logistic regression,"weekly, sliding 4 wk",2008-09-22,551,2008-09-22 07:12:00,0,0.047359029436062086,False
1008,Logistic regression,"weekly, sliding 4 wk",2008-09-22,551,2008-09-22 10:43:00,0,0.22280535757767833,False
1009,Logistic regression,"weekly, sliding 4 wk",2008-09-22,551,2008-09-22 11:50:00,0,0.19904621821172486,False
1010,Logistic regression,"weekly, sliding 4 wk",2008-09-22,551,2008-09-22 12:11:00,0,0.04968916251956793,False
1011,Logistic regression,"weekly, sliding 4 wk",2008-09-22,551,2008-09-22 12:45:00,0,0.08617760671731947,False
1012,Logistic regression,"weekly, sliding 4 wk",2008-09-22,551,2008-09-22 13:03:00,0,0.02826071683087018,False
1013,Logistic regression,"weekly, sliding 4 wk",2008-09-22,551,2008-09-22 14:24:00,0,0.017961628173263505,False
1014,Logistic regression,"weekly, sliding 4 wk",2008-09-22,551,2008-09-22 14:27:00,0,0.10624403092176271,False
1015,Logistic regression,"weekly, sliding 4 wk",2008-09-22,551,2008-09-22 14:36:00,0,0.03186252837999172,False
1016,Logistic regression,"weekly, sliding 4 wk",2008-09-22,551,2008-09-22 16:25:00,0,0.03403850710121964,False
1017,Logistic regression,"weekly, sliding 4 wk",2008-09-22,551,2008-09-22 21:30:00,0,0.049230501094021294,False
1018,Logistic regression,"weekly, sliding 4 wk",2008-09-22,551,2008-09-22 21:31:00,0,0.15778906634848688,False
1019,Logistic regression,"weekly, sliding 4 wk",2008-09-22,551,2008-09-22 22:15:00,0,0.23545666879656402,False
1020,Logistic regression,"weekly, sliding 4 wk",2008-09-22,551,2008-09-22 22:17:00,0,0.2237773887695429,False
1021,Logistic regression,"weekly, sliding 4 wk",2008-09-22,551,2008-09-22 23:01:00,0,0.06979452060195597,False
1022,Logistic regression,"weekly, sliding 4 wk",2008-09-22,551,2008-09-22 23:10:00,0,0.10893693723262282,False
1023,Logistic regression,"weekly, sliding 4 wk",2008-09-22,551,2008-09-23 00:57:00,0,0.21037295857928415,False
1024,Logistic regression,"weekly, sliding 4 wk",2008-09-22,551,2008-09-23 06:44:00,0,0.2537704018641831,False
1025,Logistic regression,"weekly, sliding 4 wk",2008-09-22,551,2008-09-23 06:44:00,0,0.06814685191075097,False
1026,Logistic regression,"weekly, sliding 4 wk",2008-09-22,551,2008-09-23 06:52:00,0,0.33024472223819595,False
1027,Logistic regression,"weekly, sliding 4 wk",2008-09-22,551,2008-09-23 07:58:00,0,0.11218868850081137,False
1028,Logistic regression,"weekly, sliding 4 wk",2008-09-22,551,2008-09-23 08:11:00,0,0.1428725024954803,False
1029,Logistic regression,"weekly, sliding 4 wk",2008-09-22,551,2008-09-23 09:43:00,0,0.3167990015369817,False
1030,Logistic regression,"weekly, sliding 4 wk",2008-09-22,551,2008-09-23 11:14:00,1,0.2019543072566692,False
1031,Logistic regression,"weekly, sliding 4 wk",2008-09-22,551,2008-09-23 11:42:00,0,0.14728600304692238,False
1032,Logistic regression,"weekly, sliding 4 wk",2008-09-22,551,2008-09-23 11:43:00,0,0.41823829249353345,False
1033,Logistic regression,"weekly, sliding 4 wk",2008-09-22,551,2008-09-23 12:29:00,0,0.13568179542812916,False
1034,Logistic regression,"weekly, sliding 4 wk",2008-09-22,551,2008-09-23 12:31:00,0,0.3132197207905516,False
1035,Logistic regression,"weekly, sliding 4 wk",2008-09-22,551,2008-09-23 12:46:00,0,0.44548254446349705,False
1036,Logistic regression,"weekly, sliding 4 wk",2008-09-22,551,2008-09-23 13:37:00,0,0.14456916414576435,False
1037,Logistic regression,"weekly, sliding 4 wk",2008-09-22,551,2008-09-23 15:23:00,0,0.06065804363035977,False
1038,Logistic regression,"weekly, sliding 4 wk",2008-09-22,551,2008-09-23 15:33:00,0,0.08230844757598649,False
1039,Logistic regression,"weekly, sliding 4 wk",2008-09-22,551,2008-09-23 15:58:00,0,0.017230442276404537,False
1040,Logistic regression,"weekly, sliding 4 wk",2008-09-22,551,2008-09-23 18:10:00,0,0.1140948130119912,False
1041,Logistic regression,"weekly, sliding 4 wk",2008-09-22,551,2008-09-23 18:36:00,0,0.026585256702008356,False
1042,Logistic regression,"weekly, sliding 4 wk",2008-09-22,551,2008-09-23 18:56:00,0,0.1988942461230997,False
1043,Logistic regression,"weekly, sliding 4 wk",2008-09-22,551,2008-09-23 20:18:00,0,0.11483379461770082,False
1044,Logistic regression,"weekly, sliding 4 wk",2008-09-22,551,2008-09-23 20:59:00,0,0.07438125439875078,False
1045,Logistic regression,"weekly, sliding 4 wk",2008-09-22,551,2008-09-23 21:26:00,0,0.0629225192512888,False
1046,Logistic regression,"weekly, sliding 4 wk",2008-09-22,551,2008-09-23 22:25:00,0,0.043279817877433374,False
1047,Logistic regression,"weekly, sliding 4 wk",2008-09-22,551,2008-09-24 02:19:00,0,0.44442826624502874,False
1048,Logistic regression,"weekly, sliding 4 wk",2008-09-22,551,2008-09-24 02:44:00,0,0.16997639656414634,False
1049,Logistic regression,"weekly, sliding 4 wk",2008-09-22,551,2008-09-24 03:32:00,0,0.07050280282093443,False
1050,Logistic regression,"weekly, sliding 4 wk",2008-09-22,551,2008-09-24 03:40:00,0,0.263046376505315,False
1051,Logistic regression,"weekly, sliding 4 wk",2008-09-22,551,2008-09-24 05:13:00,0,0.01237487396089486,False
1052,Logistic regression,"weekly, sliding 4 wk",2008-09-22,551,2008-09-24 05:22:00,0,0.21499390882821054,False
1053,Logistic regression,"weekly, sliding 4 wk",2008-09-22,551,2008-09-24 06:13:00,0,0.10470262060837676,False
1054,Logistic regression,"weekly, sliding 4 wk",2008-09-22,551,2008-09-24 06:14:00,0,0.12206223764164534,False
1055,Logistic regression,"weekly, sliding 4 wk",2008-09-22,551,2008-09-24 07:23:00,0,0.02463038078191505,False
1056,Logistic regression,"weekly, sliding 4 wk",2008-09-22,551,2008-09-24 10:10:00,0,0.10320760043467346,False
1057,Logistic regression,"weekly, sliding 4 wk",2008-09-22,551,2008-09-24 10:53:00,0,0.030562589353721442,False
1058,Logistic regression,"weekly, sliding 4 wk",2008-09-22,551,2008-09-24 10:59:00,0,0.08108956468170682,False
1059,Logistic regression,"weekly, sliding 4 wk",2008-09-22,551,2008-09-24 11:47:00,0,0.10990758996359502,False
1060,Logistic regression,"weekly, sliding 4 wk",2008-09-22,551,2008-09-24 12:04:00,0,0.06972590372460585,False
1061,Logistic regression,"weekly, sliding 4 wk",2008-09-22,551,2008-09-24 12:35:00,0,0.03828212352264929,False
1062,Logistic regression,"weekly, sliding 4 wk",2008-09-22,551,2008-09-24 13:01:00,0,0.3022492095343241,False
1063,Logistic regression,"weekly, sliding 4 wk",2008-09-22,551,2008-09-24 15:05:00,1,0.09280171886896749,False
1064,Logistic regression,"weekly, sliding 4 wk",2008-09-22,551,2008-09-24 15:39:00,0,0.2963912510545497,False
1065,Logistic regression,"weekly, sliding 4 wk",2008-09-22,551,2008-09-24 15:42:00,0,0.06501060324935141,False
1066,Logistic regression,"weekly, sliding 4 wk",2008-09-22,551,2008-09-24 15:43:00,0,0.07561292456944178,False
1067,Logistic regression,"weekly, sliding 4 wk",2008-09-22,551,2008-09-24 16:26:00,0,0.25317277624355716,False
1068,Logistic regression,"weekly, sliding 4 wk",2008-09-22,551,2008-09-24 17:54:00,0,0.08347740965627246,False
1069,Logistic regression,"weekly, sliding 4 wk",2008-09-22,551,2008-09-24 18:05:00,0,0.40408840923705686,False
1070,Logistic regression,"weekly, sliding 4 wk",2008-09-22,551,2008-09-25 01:05:00,0,0.1503683045253214,False
1071,Logistic regression,"weekly, sliding 4 wk",2008-09-22,551,2008-09-25 02:03:00,0,0.4095318390744244,False
1072,Logistic regression,"weekly, sliding 4 wk",2008-09-22,551,2008-09-25 06:21:00,0,0.2637440902989713,False
1073,Logistic regression,"weekly, sliding 4 wk",2008-09-22,551,2008-09-25 07:12:00,0,0.06145029610056628,False
1074,Logistic regression,"weekly, sliding 4 wk",2008-09-22,551,2008-09-25 07:58:00,0,0.1707637080055715,False
1075,Logistic regression,"weekly, sliding 4 wk",2008-09-22,551,2008-09-25 08:45:00,0,0.30399455194614977,False
1076,Logistic regression,"weekly, sliding 4 wk",2008-09-22,551,2008-09-25 09:31:00,0,0.08575823801345503,False
1077,Logistic regression,"weekly, sliding 4 wk",2008-09-22,551,2008-09-25 10:23:00,0,0.18314175551449596,False
1078,Logistic regression,"weekly, sliding 4 wk",2008-09-22,551,2008-09-25 11:08:00,0,0.24465622032695453,False
1079,Logistic regression,"weekly, sliding 4 wk",2008-09-22,551,2008-09-25 11:09:00,0,0.027541321935056935,False
1080,Logistic regression,"weekly, sliding 4 wk",2008-09-22,551,2008-09-25 11:55:00,0,0.23479035505799928,False
1081,Logistic regression,"weekly, sliding 4 wk",2008-09-22,551,2008-09-25 13:42:00,0,0.06843126271372382,False
1082,Logistic regression,"weekly, sliding 4 wk",2008-09-22,551,2008-09-25 14:08:00,0,0.1848570363617553,False
1083,Logistic regression,"weekly, sliding 4 wk",2008-09-22,551,2008-09-25 14:28:00,0,0.332275544552479,False
1084,Logistic regression,"weekly, sliding 4 wk",2008-09-22,551,2008-09-25 15:12:00,0,0.04490292993417144,False
1085,Logistic regression,"weekly, sliding 4 wk",2008-09-22,551,2008-09-25 15:40:00,0,0.11749775738493043,False
1086,Logistic regression,"weekly, sliding 4 wk",2008-09-22,551,2008-09-25 15:55:00,0,0.05019610318740673,False
1087,Logistic regression,"weekly, sliding 4 wk",2008-09-22,551,2008-09-25 16:44:00,0,0.09638180292679667,False
1088,Logistic regression,"weekly, sliding 4 wk",2008-09-22,551,2008-09-25 17:28:00,0,0.2207665147045643,False
1089,Logistic regression,"weekly, sliding 4 wk",2008-09-22,551,2008-09-25 17:29:00,0,0.13661282065713612,False
1090,Logistic regression,"weekly, sliding 4 wk",2008-09-22,551,2008-09-25 19:49:00,0,0.078932520392178,False
1091,Logistic regression,"weekly, sliding 4 wk",2008-09-22,551,2008-09-25 22:05:00,0,0.13697980395753656,False
1092,Logistic regression,"weekly, sliding 4 wk",2008-09-22,551,2008-09-25 23:04:00,0,0.1419356527654199,False
1093,Logistic regression,"weekly, sliding 4 wk",2008-09-22,551,2008-09-25 23:48:00,0,0.30165240496718926,False
1094,Logistic regression,"weekly, sliding 4 wk",2008-09-22,551,2008-09-26 00:19:00,0,0.2145682201942256,False
1095,Logistic regression,"weekly, sliding 4 wk",2008-09-22,551,2008-09-26 01:21:00,0,0.2432295906635127,False
1096,Logistic regression,"weekly, sliding 4 wk",2008-09-22,551,2008-09-26 02:26:00,0,0.3324723280030181,False
1097,Logistic regression,"weekly, sliding 4 wk",2008-09-22,551,2008-09-26 03:12:00,0,0.084915473393663,False
1098,Logistic regression,"weekly, sliding 4 wk",2008-09-22,551,2008-09-26 03:29:00,0,0.5221121426301808,True
1099,Logistic regression,"weekly, sliding 4 wk",2008-09-22,551,2008-09-26 04:14:00,0,0.03718191863429243,False
1100,Logistic regression,"weekly, sliding 4 wk",2008-09-22,551,2008-09-26 05:32:00,0,0.043232048199155014,False
1101,Logistic regression,"weekly, sliding 4 wk",2008-09-22,551,2008-09-26 11:08:00,0,0.0476427575485972,False
1102,Logistic regression,"weekly, sliding 4 wk",2008-09-22,551,2008-09-26 13:36:00,0,0.13801169242970393,False
1103,Logistic regression,"weekly, sliding 4 wk",2008-09-22,551,2008-09-26 13:45:00,0,0.1233611531652142,False
1104,Logistic regression,"weekly, sliding 4 wk",2008-09-22,551,2008-09-26 14:20:00,0,0.3003569349903616,False
1105,Logistic regression,"weekly, sliding 4 wk",2008-09-22,551,2008-09-26 14:51:00,0,0.19358955016209853,False
1106,Logistic regression,"weekly, sliding 4 wk",2008-09-22,551,2008-09-26 15:06:00,0,0.09103873680716476,False
1107,Logistic regression,"weekly, sliding 4 wk",2008-09-22,551,2008-09-26 15:36:00,0,0.14405473184159298,False
1108,Logistic regression,"weekly, sliding 4 wk",2008-09-22,551,2008-09-26 15:49:00,0,0.26294601690695163,False
1109,Logistic regression,"weekly, sliding 4 wk",2008-09-22,551,2008-09-26 16:31:00,0,0.08268608339254702,False
1110,Logistic regression,"weekly, sliding 4 wk",2008-09-22,551,2008-09-26 17:59:00,0,0.2432179954284879,False
1111,Logistic regression,"weekly, sliding 4 wk",2008-09-22,551,2008-09-26 18:54:00,0,0.23479471337210403,False
1112,Logistic regression,"weekly, sliding 4 wk",2008-09-22,551,2008-09-26 19:38:00,0,0.12624402533154452,False
1113,Logistic regression,"weekly, sliding 4 wk",2008-09-22,551,2008-09-26 19:45:00,0,0.010349077554451618,False
1114,Logistic regression,"weekly, sliding 4 wk",2008-09-22,551,2008-09-26 19:55:00,0,0.16343682423202902,False
1115,Logistic regression,"weekly, sliding 4 wk",2008-09-22,551,2008-09-26 20:23:00,0,0.12836864255443287,False
1116,Logistic regression,"weekly, sliding 4 wk",2008-09-22,551,2008-09-26 20:31:00,0,0.1907617060171238,False
1117,Logistic regression,"weekly, sliding 4 wk",2008-09-22,551,2008-09-27 00:16:00,0,0.19311617875708706,False
1118,Logistic regression,"weekly, sliding 4 wk",2008-09-22,551,2008-09-27 00:17:00,0,0.3213558045125324,False
1119,Logistic regression,"weekly, sliding 4 wk",2008-09-22,551,2008-09-27 01:29:00,0,0.24793833128873463,False
1120,Logistic regression,"weekly, sliding 4 wk",2008-09-22,551,2008-09-27 03:53:00,0,0.02550346367689121,False
1121,Logistic regression,"weekly, sliding 4 wk",2008-09-22,551,2008-09-27 10:10:00,0,0.2013509025589801,False
1122,Logistic regression,"weekly, sliding 4 wk",2008-09-22,551,2008-09-27 10:13:00,0,0.36916232003894534,False
1123,Logistic regression,"weekly, sliding 4 wk",2008-09-22,551,2008-09-27 11:04:00,0,0.13356768433951316,False
1124,Logistic regression,"weekly, sliding 4 wk",2008-09-22,551,2008-09-27 11:45:00,0,0.2173960620958204,False
1125,Logistic regression,"weekly, sliding 4 wk",2008-09-22,551,2008-09-27 11:54:00,0,0.12669663564875572,False
1126,Logistic regression,"weekly, sliding 4 wk",2008-09-22,551,2008-09-27 12:26:00,0,0.09960521042297588,False
1127,Logistic regression,"weekly, sliding 4 wk",2008-09-22,551,2008-09-27 12:28:00,0,0.10837829219059275,False
1128,Logistic regression,"weekly, sliding 4 wk",2008-09-22,551,2008-09-27 12:36:00,0,0.10270101572530337,False
1129,Logistic regression,"weekly, sliding 4 wk",2008-09-22,551,2008-09-27 13:14:00,0,0.08940525578081816,False
1130,Logistic regression,"weekly, sliding 4 wk",2008-09-22,551,2008-09-27 13:19:00,0,0.08911673261764091,False
1131,Logistic regression,"weekly, sliding 4 wk",2008-09-22,551,2008-09-27 14:01:00,0,0.1928025273530474,False
1132,Logistic regression,"weekly, sliding 4 wk",2008-09-22,551,2008-09-27 14:05:00,0,0.0648153928931825,False
1133,Logistic regression,"weekly, sliding 4 wk",2008-09-22,551,2008-09-27 14:46:00,0,0.056918756544559586,False
1134,Logistic regression,"weekly, sliding 4 wk",2008-09-22,551,2008-09-27 15:09:00,0,0.16265025021915325,False
1135,Logistic regression,"weekly, sliding 4 wk",2008-09-22,551,2008-09-27 15:30:00,0,0.2542222345340569,False
1136,Logistic regression,"weekly, sliding 4 wk",2008-09-22,551,2008-09-27 16:13:00,0,0.1701410413449728,False
1137,Logistic regression,"weekly, sliding 4 wk",2008-09-22,551,2008-09-27 17:26:00,0,0.08239720636769537,False
1138,Logistic regression,"weekly, sliding 4 wk",2008-09-22,551,2008-09-27 18:14:00,0,0.45992940385962067,True
1139,Logistic regression,"weekly, sliding 4 wk",2008-09-22,551,2008-09-27 19:16:00,0,0.2683214173645091,False
1140,Logistic regression,"weekly, sliding 4 wk",2008-09-22,551,2008-09-27 20:46:00,0,0.2689509279575013,False
1141,Logistic regression,"weekly, sliding 4 wk",2008-09-22,551,2008-09-27 21:45:00,0,0.004760555509909766,False
1142,Logistic regression,"weekly, sliding 4 wk",2008-09-22,551,2008-09-28 00:51:00,0,0.43791860927599774,False
1143,Logistic regression,"weekly, sliding 4 wk",2008-09-22,551,2008-09-28 01:22:00,0,0.14487677478464006,False
1144,Logistic regression,"weekly, sliding 4 wk",2008-09-22,551,2008-09-28 03:55:00,0,0.13472574366751247,False
1145,Logistic regression,"weekly, sliding 4 wk",2008-09-22,551,2008-09-28 04:45:00,1,0.025382402529615634,False
1146,Logistic regression,"weekly, sliding 4 wk",2008-09-22,551,2008-09-28 05:31:00,0,0.09863842333632508,False
1147,Logistic regression,"weekly, sliding 4 wk",2008-09-22,551,2008-09-28 06:22:00,0,0.14580817154373166,False
1148,Logistic regression,"weekly, sliding 4 wk",2008-09-22,551,2008-09-28 07:38:00,0,0.025079524661196628,False
1149,Logistic regression,"weekly, sliding 4 wk",2008-09-22,551,2008-09-28 07:52:00,0,0.009247223511918864,False
1150,Logistic regression,"weekly, sliding 4 wk",2008-09-22,551,2008-09-28 08:40:00,0,0.014686249794169418,False
1151,Logistic regression,"weekly, sliding 4 wk",2008-09-22,551,2008-09-28 08:41:00,0,0.10973421137118355,False
1152,Logistic regression,"weekly, sliding 4 wk",2008-09-22,551,2008-09-28 09:50:00,1,0.01878054020642792,False
1153,Logistic regression,"weekly, sliding 4 wk",2008-09-22,551,2008-09-28 17:05:00,0,0.047774520401933876,False
1154,Logistic regression,"weekly, sliding 4 wk",2008-09-22,551,2008-09-28 17:06:00,0,0.17446154202451936,False
1155,Logistic regression,"weekly, sliding 4 wk",2008-09-22,551,2008-09-28 17:49:00,0,0.27841001697819895,False
1156,Logistic regression,"weekly, sliding 4 wk",2008-09-22,551,2008-09-28 17:55:00,0,0.04658426324477815,False
1157,Logistic regression,"weekly, sliding 4 wk",2008-09-22,551,2008-09-28 18:34:00,0,0.45445092813196875,False
1158,Logistic regression,"weekly, sliding 4 wk",2008-09-22,551,2008-09-28 18:43:00,0,0.02018747347369678,False
1159,Logistic regression,"weekly, sliding 4 wk",2008-09-22,551,2008-09-28 19:18:00,0,0.013840527526480679,False
1160,Logistic regression,"weekly, sliding 4 wk",2008-09-22,551,2008-09-28 19:29:00,0,0.08190904953831803,False
1161,Logistic regression,"weekly, sliding 4 wk",2008-09-22,551,2008-09-28 20:02:00,0,0.21057913244333634,False
1162,Logistic regression,"weekly, sliding 4 wk",2008-09-22,551,2008-09-28 20:42:00,0,0.09624971128743112,False
1163,Logistic regression,"weekly, sliding 4 wk",2008-09-22,551,2008-09-28 21:08:00,0,0.47090651940553485,True
1164,Logistic regression,"weekly, sliding 4 wk",2008-09-22,551,2008-09-28 21:27:00,0,0.0751066096839386,False
1165,Logistic regression,"weekly, sliding 4 wk",2008-09-22,551,2008-09-28 22:44:00,0,0.04593238227003574,False
1166,Logistic regression,"weekly, sliding 4 wk",2008-09-22,551,2008-09-28 23:54:00,0,0.057810738964652046,False
1167,Logistic regression,"weekly, sliding 4 wk",2008-09-29,548,2008-09-29 02:06:00,0,0.18569415527846422,False
1168,Logistic regression,"weekly, sliding 4 wk",2008-09-29,548,2008-09-29 03:07:00,0,0.035768968131653804,False
1169,Logistic regression,"weekly, sliding 4 wk",2008-09-29,548,2008-09-29 03:50:00,0,0.043072389325321654,False
1170,Logistic regression,"weekly, sliding 4 wk",2008-09-29,548,2008-09-29 04:18:00,0,0.01905127491059451,False
1171,Logistic regression,"weekly, sliding 4 wk",2008-09-29,548,2008-09-29 04:47:00,0,0.048052084833600434,False
1172,Logistic regression,"weekly, sliding 4 wk",2008-09-29,548,2008-09-29 05:32:00,0,0.4357490953886622,True
1173,Logistic regression,"weekly, sliding 4 wk",2008-09-29,548,2008-09-29 07:53:00,0,0.07937174206555284,False
1174,Logistic regression,"weekly, sliding 4 wk",2008-09-29,548,2008-09-29 09:15:00,0,0.07799069718058388,False
1175,Logistic regression,"weekly, sliding 4 wk",2008-09-29,548,2008-09-29 11:13:00,0,0.43801262617290226,True
1176,Logistic regression,"weekly, sliding 4 wk",2008-09-29,548,2008-09-29 11:53:00,0,0.032827444746952414,False
1177,Logistic regression,"weekly, sliding 4 wk",2008-09-29,548,2008-09-29 12:25:00,0,0.11546252552182883,False
1178,Logistic regression,"weekly, sliding 4 wk",2008-09-29,548,2008-09-29 14:03:00,0,2.9072828891859368e-05,False
1179,Logistic regression,"weekly, sliding 4 wk",2008-09-29,548,2008-09-29 14:04:00,0,0.09775335445188345,False
1180,Logistic regression,"weekly, sliding 4 wk",2008-09-29,548,2008-09-29 14:08:00,0,0.20947405444273465,False
1181,Logistic regression,"weekly, sliding 4 wk",2008-09-29,548,2008-09-29 15:09:00,0,0.20129048419684428,False
1182,Logistic regression,"weekly, sliding 4 wk",2008-09-29,548,2008-09-29 15:16:00,0,0.07700136075431807,False
1183,Logistic regression,"weekly, sliding 4 wk",2008-09-29,548,2008-09-29 16:27:00,0,0.023947252436625405,False
1184,Logistic regression,"weekly, sliding 4 wk",2008-09-29,548,2008-09-29 17:21:00,0,0.2528554452819476,False
1185,Logistic regression,"weekly, sliding 4 wk",2008-09-29,548,2008-09-29 21:26:00,0,0.03017751920992335,False
1186,Logistic regression,"weekly, sliding 4 wk",2008-09-29,548,2008-09-29 21:48:00,1,0.7084231436361075,True
1187,Logistic regression,"weekly, sliding 4 wk",2008-09-29,548,2008-09-29 22:13:00,0,0.193868913134472,False
1188,Logistic regression,"weekly, sliding 4 wk",2008-09-29,548,2008-09-30 01:33:00,0,0.554191157590893,True
1189,Logistic regression,"weekly, sliding 4 wk",2008-09-29,548,2008-09-30 01:36:00,0,0.02141189937695885,False
1190,Logistic regression,"weekly, sliding 4 wk",2008-09-29,548,2008-09-30 02:44:00,1,0.0567981269820458,False
1191,Logistic regression,"weekly, sliding 4 wk",2008-09-29,548,2008-09-30 04:01:00,0,0.339131797290817,False
1192,Logistic regression,"weekly, sliding 4 wk",2008-09-29,548,2008-09-30 04:42:00,0,0.5249280213421434,True
1193,Logistic regression,"weekly, sliding 4 wk",2008-09-29,548,2008-09-30 08:44:00,0,0.155252456236721,False
1194,Logistic regression,"weekly, sliding 4 wk",2008-09-29,548,2008-09-30 12:31:00,0,0.05779946726930734,False
1195,Logistic regression,"weekly, sliding 4 wk",2008-09-29,548,2008-09-30 13:29:00,0,0.020066622116365708,False
1196,Logistic regression,"weekly, sliding 4 wk",2008-09-29,548,2008-09-30 14:20:00,0,0.06359710201018945,False
1197,Logistic regression,"weekly, sliding 4 wk",2008-09-29,548,2008-09-30 14:36:00,0,0.15544495072207337,False
1198,Logistic regression,"weekly, sliding 4 wk",2008-09-29,548,2008-09-30 15:16:00,0,0.02600866505862703,False
1199,Logistic regression,"weekly, sliding 4 wk",2008-09-29,548,2008-09-30 15:26:00,0,0.09867768771538621,False
1200,Logistic regression,"weekly, sliding 4 wk",2008-09-29,548,2008-09-30 16:13:00,0,0.07988884000702606,False
1201,Logistic regression,"weekly, sliding 4 wk",2008-09-29,548,2008-09-30 16:50:00,0,0.04225959836278152,False
1202,Logistic regression,"weekly, sliding 4 wk",2008-09-29,548,2008-09-30 17:27:00,0,0.1354411327136131,False
1203,Logistic regression,"weekly, sliding 4 wk",2008-09-29,548,2008-09-30 19:17:00,0,0.05860263717826612,False
1204,Logistic regression,"weekly, sliding 4 wk",2008-09-29,548,2008-09-30 19:17:00,0,6.86971604783589e-64,False
1205,Logistic regression,"weekly, sliding 4 wk",2008-09-29,548,2008-09-30 21:39:00,0,0.30162919796010357,False
1206,Logistic regression,"weekly, sliding 4 wk",2008-09-29,548,2008-09-30 21:42:00,0,0.3118450319923273,False
1207,Logistic regression,"weekly, sliding 4 wk",2008-09-29,548,2008-09-30 23:34:00,0,0.014862388262299577,False
1208,Logistic regression,"weekly, sliding 4 wk",2008-09-29,548,2008-09-30 23:58:00,0,0.3557396551149664,False
1209,Logistic regression,"weekly, sliding 4 wk",2008-09-29,548,2008-10-01 00:20:00,0,0.3486727612576018,False
1210,Logistic regression,"weekly, sliding 4 wk",2008-09-29,548,2008-10-01 01:11:00,0,0.11403400541857922,False
1211,Logistic regression,"weekly, sliding 4 wk",2008-09-29,548,2008-10-01 02:53:00,0,0.3246202053154419,False
1212,Logistic regression,"weekly, sliding 4 wk",2008-09-29,548,2008-10-01 05:56:00,1,0.06167258769854068,False
1213,Logistic regression,"weekly, sliding 4 wk",2008-09-29,548,2008-10-01 07:19:00,0,0.05701567458107606,False
1214,Logistic regression,"weekly, sliding 4 wk",2008-09-29,548,2008-10-01 07:28:00,0,0.013072531999254412,False
1215,Logistic regression,"weekly, sliding 4 wk",2008-09-29,548,2008-10-01 08:15:00,0,0.13990708584632075,False
1216,Logistic regression,"weekly, sliding 4 wk",2008-09-29,548,2008-10-01 09:15:00,0,0.09497288979148971,False
1217,Logistic regression,"weekly, sliding 4 wk",2008-09-29,548,2008-10-01 09:16:00,0,0.011506703658113316,False
1218,Logistic regression,"weekly, sliding 4 wk",2008-09-29,548,2008-10-01 14:22:00,0,0.5414681052936317,True
1219,Logistic regression,"weekly, sliding 4 wk",2008-09-29,548,2008-10-01 15:16:00,0,0.0449430418934804,False
1220,Logistic regression,"weekly, sliding 4 wk",2008-09-29,548,2008-10-01 16:43:00,0,0.33164590207002553,False
1221,Logistic regression,"weekly, sliding 4 wk",2008-09-29,548,2008-10-01 19:57:00,0,0.018604158769757705,False
1222,Logistic regression,"weekly, sliding 4 wk",2008-09-29,548,2008-10-01 21:15:00,0,0.07976635434703337,False
1223,Logistic regression,"weekly, sliding 4 wk",2008-09-29,548,2008-10-01 21:50:00,0,0.02351654668154774,False
1224,Logistic regression,"weekly, sliding 4 wk",2008-09-29,548,2008-10-01 22:47:00,0,3.055545039493194e-06,False
1225,Logistic regression,"weekly, sliding 4 wk",2008-09-29,548,2008-10-01 23:34:00,0,0.040481749694254436,False
1226,Logistic regression,"weekly, sliding 4 wk",2008-09-29,548,2008-10-02 00:21:00,0,0.40267280286407986,False
1227,Logistic regression,"weekly, sliding 4 wk",2008-09-29,548,2008-10-02 00:22:00,0,0.05512518021969844,False
1228,Logistic regression,"weekly, sliding 4 wk",2008-09-29,548,2008-10-02 03:17:00,1,0.4011221504039085,False
1229,Logistic regression,"weekly, sliding 4 wk",2008-09-29,548,2008-10-02 03:27:00,0,0.05747000094195814,False
1230,Logistic regression,"weekly, sliding 4 wk",2008-09-29,548,2008-10-02 04:11:00,0,0.1084678440242631,False
1231,Logistic regression,"weekly, sliding 4 wk",2008-09-29,548,2008-10-02 04:23:00,0,0.9387365512252694,True
1232,Logistic regression,"weekly, sliding 4 wk",2008-09-29,548,2008-10-02 04:24:00,0,0.08663908972915624,False
1233,Logistic regression,"weekly, sliding 4 wk",2008-09-29,548,2008-10-02 06:49:00,0,0.0450265141831419,False
1234,Logistic regression,"weekly, sliding 4 wk",2008-09-29,548,2008-10-02 07:35:00,0,0.14363591209930548,False
1235,Logistic regression,"weekly, sliding 4 wk",2008-09-29,548,2008-10-02 07:58:00,0,0.026180714040456125,False
1236,Logistic regression,"weekly, sliding 4 wk",2008-09-29,548,2008-10-02 08:24:00,0,0.061003513812048965,False
1237,Logistic regression,"weekly, sliding 4 wk",2008-09-29,548,2008-10-02 08:52:00,0,0.023337202220941787,False
1238,Logistic regression,"weekly, sliding 4 wk",2008-09-29,548,2008-10-02 08:57:00,0,0.0992695127573729,False
1239,Logistic regression,"weekly, sliding 4 wk",2008-09-29,548,2008-10-02 09:10:00,1,0.12799866687026593,False
1240,Logistic regression,"weekly, sliding 4 wk",2008-09-29,548,2008-10-02 09:42:00,0,0.0437460755403067,False
1241,Logistic regression,"weekly, sliding 4 wk",2008-09-29,548,2008-10-02 10:03:00,0,0.4693284006535959,True
1242,Logistic regression,"weekly, sliding 4 wk",2008-09-29,548,2008-10-02 14:07:00,1,0.17449561089484364,False
1243,Logistic regression,"weekly, sliding 4 wk",2008-09-29,548,2008-10-02 14:10:00,1,0.036045874101695574,False
1244,Logistic regression,"weekly, sliding 4 wk",2008-09-29,548,2008-10-02 14:54:00,0,0.08841949454713838,False
1245,Logistic regression,"weekly, sliding 4 wk",2008-09-29,548,2008-10-02 15:10:00,0,0.04355689843688772,False
1246,Logistic regression,"weekly, sliding 4 wk",2008-09-29,548,2008-10-02 15:44:00,0,0.24269058914316438,False
1247,Logistic regression,"weekly, sliding 4 wk",2008-09-29,548,2008-10-02 15:58:00,0,0.24753163360091968,False
1248,Logistic regression,"weekly, sliding 4 wk",2008-09-29,548,2008-10-02 16:32:00,0,0.07824935170218353,False
1249,Logistic regression,"weekly, sliding 4 wk",2008-09-29,548,2008-10-02 16:58:00,0,0.1088146022815538,False
1250,Logistic regression,"weekly, sliding 4 wk",2008-09-29,548,2008-10-02 17:00:00,0,0.3922520157639893,False
1251,Logistic regression,"weekly, sliding 4 wk",2008-09-29,548,2008-10-02 17:19:00,0,0.07659124540515759,False
1252,Logistic regression,"weekly, sliding 4 wk",2008-09-29,548,2008-10-02 19:21:00,0,0.33334918640302386,False
1253,Logistic regression,"weekly, sliding 4 wk",2008-09-29,548,2008-10-02 19:25:00,0,0.2518795709836702,False
1254,Logistic regression,"weekly, sliding 4 wk",2008-09-29,548,2008-10-02 20:54:00,0,0.23130904150912412,False
1255,Logistic regression,"weekly, sliding 4 wk",2008-09-29,548,2008-10-02 21:32:00,1,0.14467484752257367,False
1256,Logistic regression,"weekly, sliding 4 wk",2008-09-29,548,2008-10-02 21:33:00,0,0.11003004387978511,False
1257,Logistic regression,"weekly, sliding 4 wk",2008-09-29,548,2008-10-02 22:23:00,0,0.15355698173896862,False
1258,Logistic regression,"weekly, sliding 4 wk",2008-09-29,548,2008-10-02 22:33:00,0,0.8570612232456186,True
1259,Logistic regression,"weekly, sliding 4 wk",2008-09-29,548,2008-10-02 23:32:00,0,0.029571686908820206,False
1260,Logistic regression,"weekly, sliding 4 wk",2008-09-29,548,2008-10-02 23:32:00,0,0.026535631660368573,False
1261,Logistic regression,"weekly, sliding 4 wk",2008-09-29,548,2008-10-03 00:24:00,0,0.06643772074257347,False
1262,Logistic regression,"weekly, sliding 4 wk",2008-09-29,548,2008-10-03 00:55:00,0,0.08962745772773881,False
1263,Logistic regression,"weekly, sliding 4 wk",2008-09-29,548,2008-10-03 02:41:00,0,0.1675179437686466,False
1264,Logistic regression,"weekly, sliding 4 wk",2008-09-29,548,2008-10-03 03:52:00,0,0.12044458353655774,False
1265,Logistic regression,"weekly, sliding 4 wk",2008-09-29,548,2008-10-03 03:56:00,0,0.11915755139038484,False
1266,Logistic regression,"weekly, sliding 4 wk",2008-09-29,548,2008-10-03 04:49:00,0,0.06337399904550682,False
1267,Logistic regression,"weekly, sliding 4 wk",2008-09-29,548,2008-10-03 05:01:00,0,0.1714897199688711,False
1268,Logistic regression,"weekly, sliding 4 wk",2008-09-29,548,2008-10-03 05:45:00,0,0.3021226641459808,False
1269,Logistic regression,"weekly, sliding 4 wk",2008-09-29,548,2008-10-03 06:15:00,0,0.060960555529846375,False
1270,Logistic regression,"weekly, sliding 4 wk",2008-09-29,548,2008-10-03 08:35:00,0,0.17371382356961287,False
1271,Logistic regression,"weekly, sliding 4 wk",2008-09-29,548,2008-10-03 09:30:00,0,0.028787386413397308,False
1272,Logistic regression,"weekly, sliding 4 wk",2008-09-29,548,2008-10-03 11:40:00,0,0.05446238402546637,False
1273,Logistic regression,"weekly, sliding 4 wk",2008-09-29,548,2008-10-03 12:31:00,0,0.12010421330976134,False
1274,Logistic regression,"weekly, sliding 4 wk",2008-09-29,548,2008-10-03 18:45:00,0,0.12300157977818528,False
1275,Logistic regression,"weekly, sliding 4 wk",2008-09-29,548,2008-10-03 19:23:00,0,0.08570697181173753,False
1276,Logistic regression,"weekly, sliding 4 wk",2008-09-29,548,2008-10-03 19:23:00,0,0.11991998488512884,False
1277,Logistic regression,"weekly, sliding 4 wk",2008-09-29,548,2008-10-03 20:11:00,0,0.3545162242462799,False
1278,Logistic regression,"weekly, sliding 4 wk",2008-09-29,548,2008-10-03 20:26:00,0,0.1679679102785896,False
1279,Logistic regression,"weekly, sliding 4 wk",2008-09-29,548,2008-10-03 20:35:00,0,0.0692590889182763,False
1280,Logistic regression,"weekly, sliding 4 wk",2008-09-29,548,2008-10-03 20:46:00,0,0.06509136311679202,False
1281,Logistic regression,"weekly, sliding 4 wk",2008-09-29,548,2008-10-03 21:15:00,0,0.09356958333817125,False
1282,Logistic regression,"weekly, sliding 4 wk",2008-09-29,548,2008-10-03 21:52:00,0,0.09969359328918367,False
1283,Logistic regression,"weekly, sliding 4 wk",2008-09-29,548,2008-10-03 22:08:00,0,0.03492068936362348,False
1284,Logistic regression,"weekly, sliding 4 wk",2008-09-29,548,2008-10-03 22:53:00,0,0.3158746983477607,False
1285,Logistic regression,"weekly, sliding 4 wk",2008-09-29,548,2008-10-03 23:46:00,0,0.06283885664140818,False
1286,Logistic regression,"weekly, sliding 4 wk",2008-09-29,548,2008-10-04 00:58:00,0,0.2778546837307272,False
1287,Logistic regression,"weekly, sliding 4 wk",2008-09-29,548,2008-10-04 01:49:00,0,0.03132248967764924,False
1288,Logistic regression,"weekly, sliding 4 wk",2008-09-29,548,2008-10-04 02:36:00,0,0.17423424950004873,False
1289,Logistic regression,"weekly, sliding 4 wk",2008-09-29,548,2008-10-04 03:53:00,0,0.08393144254152228,False
1290,Logistic regression,"weekly, sliding 4 wk",2008-09-29,548,2008-10-04 04:12:00,0,0.270506465787566,False
1291,Logistic regression,"weekly, sliding 4 wk",2008-09-29,548,2008-10-04 04:45:00,0,0.07070148363953196,False
1292,Logistic regression,"weekly, sliding 4 wk",2008-09-29,548,2008-10-04 09:29:00,0,0.06272907206268762,False
1293,Logistic regression,"weekly, sliding 4 wk",2008-09-29,548,2008-10-04 15:16:00,0,0.386229049748056,False
1294,Logistic regression,"weekly, sliding 4 wk",2008-09-29,548,2008-10-04 16:58:00,0,0.043606588840955245,False
1295,Logistic regression,"weekly, sliding 4 wk",2008-09-29,548,2008-10-04 18:15:00,0,0.20893281509603753,False
1296,Logistic regression,"weekly, sliding 4 wk",2008-09-29,548,2008-10-04 18:25:00,0,0.03172010203802767,False
1297,Logistic regression,"weekly, sliding 4 wk",2008-09-29,548,2008-10-04 18:59:00,0,0.06741292698786826,False
1298,Logistic regression,"weekly, sliding 4 wk",2008-09-29,548,2008-10-04 19:12:00,0,0.05644131085586096,False
1299,Logistic regression,"weekly, sliding 4 wk",2008-09-29,548,2008-10-04 19:47:00,0,0.6476638934438673,True
1300,Logistic regression,"weekly, sliding 4 wk",2008-09-29,548,2008-10-04 19:54:00,0,0.06067880927595938,False
1301,Logistic regression,"weekly, sliding 4 wk",2008-09-29,548,2008-10-04 20:39:00,0,0.14440702064414163,False
1302,Logistic regression,"weekly, sliding 4 wk",2008-09-29,548,2008-10-04 22:06:00,0,0.11801812597542548,False
1303,Logistic regression,"weekly, sliding 4 wk",2008-09-29,548,2008-10-04 23:18:00,1,0.06716329096036848,False
1304,Logistic regression,"weekly, sliding 4 wk",2008-09-29,548,2008-10-05 00:33:00,1,0.06741628567036863,False
1305,Logistic regression,"weekly, sliding 4 wk",2008-09-29,548,2008-10-05 00:33:00,0,1.0,True
1306,Logistic regression,"weekly, sliding 4 wk",2008-09-29,548,2008-10-05 01:35:00,0,0.19448078290943024,False
1307,Logistic regression,"weekly, sliding 4 wk",2008-09-29,548,2008-10-05 04:01:00,0,0.0771216389709047,False
1308,Logistic regression,"weekly, sliding 4 wk",2008-09-29,548,2008-10-05 04:20:00,0,0.06891021329871941,False
1309,Logistic regression,"weekly, sliding 4 wk",2008-09-29,548,2008-10-05 04:48:00,0,0.12190373181657867,False
1310,Logistic regression,"weekly, sliding 4 wk",2008-09-29,548,2008-10-05 05:31:00,0,0.07219405309066296,False
1311,Logistic regression,"weekly, sliding 4 wk",2008-09-29,548,2008-10-05 05:53:00,0,0.12182055040264128,False
1312,Logistic regression,"weekly, sliding 4 wk",2008-09-29,548,2008-10-05 06:15:00,0,0.3569570185544338,False
1313,Logistic regression,"weekly, sliding 4 wk",2008-09-29,548,2008-10-05 08:02:00,0,0.07330831394257005,False
1314,Logistic regression,"weekly, sliding 4 wk",2008-09-29,548,2008-10-05 08:40:00,0,0.3670471163135539,False
1315,Logistic regression,"weekly, sliding 4 wk",2008-09-29,548,2008-10-05 09:04:00,0,0.04146250476349372,False
1316,Logistic regression,"weekly, sliding 4 wk",2008-09-29,548,2008-10-05 09:47:00,0,0.13974537269572018,False
1317,Logistic regression,"weekly, sliding 4 wk",2008-09-29,548,2008-10-05 10:00:00,0,0.49417729936303567,True
1318,Logistic regression,"weekly, sliding 4 wk",2008-09-29,548,2008-10-05 10:43:00,0,0.07428948461067565,False
1319,Logistic regression,"weekly, sliding 4 wk",2008-09-29,548,2008-10-05 11:05:00,0,0.09461608860636592,False
1320,Logistic regression,"weekly, sliding 4 wk",2008-09-29,548,2008-10-05 11:30:00,0,0.021849304909893827,False
1321,Logistic regression,"weekly, sliding 4 wk",2008-09-29,548,2008-10-05 12:03:00,0,1.0,True
1322,Logistic regression,"weekly, sliding 4 wk",2008-09-29,548,2008-10-05 12:17:00,0,0.11401393557115895,False
1323,Logistic regression,"weekly, sliding 4 wk",2008-09-29,548,2008-10-05 13:49:00,0,0.18974307691450681,False
1324,Logistic regression,"weekly, sliding 4 wk",2008-09-29,548,2008-10-05 14:34:00,0,0.1059674141823414,False
1325,Logistic regression,"weekly, sliding 4 wk",2008-09-29,548,2008-10-05 15:30:00,1,0.26862859230395664,False
1326,Logistic regression,"weekly, sliding 4 wk",2008-09-29,548,2008-10-05 15:35:00,1,0.13404342830105542,False
1327,Logistic regression,"weekly, sliding 4 wk",2008-09-29,548,2008-10-05 16:15:00,0,0.8060039617677963,True
1328,Logistic regression,"weekly, sliding 4 wk",2008-09-29,548,2008-10-05 16:37:00,1,0.062437081408534684,False
1329,Logistic regression,"weekly, sliding 4 wk",2008-09-29,548,2008-10-05 16:49:00,1,0.10920613263293803,False
1330,Logistic regression,"weekly, sliding 4 wk",2008-09-29,548,2008-10-05 18:46:00,1,0.15081118588023523,False
1331,Logistic regression,"weekly, sliding 4 wk",2008-09-29,548,2008-10-05 18:59:00,0,0.14319808549447977,False
1332,Logistic regression,"weekly, sliding 4 wk",2008-09-29,548,2008-10-05 19:45:00,0,0.021108709949821055,False
1333,Logistic regression,"weekly, sliding 4 wk",2008-09-29,548,2008-10-05 20:12:00,0,0.040288066623095496,False
1334,Logistic regression,"weekly, sliding 4 wk",2008-09-29,548,2008-10-05 20:30:00,0,0.36618383941256005,False
1335,Logistic regression,"weekly, sliding 4 wk",2008-09-29,548,2008-10-05 22:13:00,0,0.14116068130958284,False
1336,Logistic regression,"weekly, sliding 4 wk",2008-10-06,584,2008-10-06 00:41:00,0,0.11259828256126188,False
1337,Logistic regression,"weekly, sliding 4 wk",2008-10-06,584,2008-10-06 01:25:00,0,0.07611345024870625,False
1338,Logistic regression,"weekly, sliding 4 wk",2008-10-06,584,2008-10-06 01:27:00,0,0.02031539636727596,False
1339,Logistic regression,"weekly, sliding 4 wk",2008-10-06,584,2008-10-06 01:30:00,0,0.00934832211718585,False
1340,Logistic regression,"weekly, sliding 4 wk",2008-10-06,584,2008-10-06 02:44:00,0,0.15240018385722065,False
1341,Logistic regression,"weekly, sliding 4 wk",2008-10-06,584,2008-10-06 02:49:00,0,0.14598342724080463,False
1342,Logistic regression,"weekly, sliding 4 wk",2008-10-06,584,2008-10-06 03:31:00,0,0.07213465452051794,False
1343,Logistic regression,"weekly, sliding 4 wk",2008-10-06,584,2008-10-06 03:50:00,1,0.07478126710644892,False
1344,Logistic regression,"weekly, sliding 4 wk",2008-10-06,584,2008-10-06 03:57:00,1,0.6707119112469295,True
1345,Logistic regression,"weekly, sliding 4 wk",2008-10-06,584,2008-10-06 04:26:00,0,0.06923429431986311,False
1346,Logistic regression,"weekly, sliding 4 wk",2008-10-06,584,2008-10-06 05:21:00,0,0.09697091889762537,False
1347,Logistic regression,"weekly, sliding 4 wk",2008-10-06,584,2008-10-06 05:24:00,0,0.42992355422388706,False
1348,Logistic regression,"weekly, sliding 4 wk",2008-10-06,584,2008-10-06 06:11:00,0,0.08465521145574145,False
1349,Logistic regression,"weekly, sliding 4 wk",2008-10-06,584,2008-10-06 06:26:00,0,0.15140601608152288,False
1350,Logistic regression,"weekly, sliding 4 wk",2008-10-06,584,2008-10-06 06:49:00,0,0.12032377073437042,False
1351,Logistic regression,"weekly, sliding 4 wk",2008-10-06,584,2008-10-06 07:12:00,0,0.2509060023424214,False
1352,Logistic regression,"weekly, sliding 4 wk",2008-10-06,584,2008-10-06 07:17:00,0,0.04759339927319556,False
1353,Logistic regression,"weekly, sliding 4 wk",2008-10-06,584,2008-10-06 07:35:00,0,0.13985207177598957,False
1354,Logistic regression,"weekly, sliding 4 wk",2008-10-06,584,2008-10-06 07:38:00,0,0.021221934482573257,False
1355,Logistic regression,"weekly, sliding 4 wk",2008-10-06,584,2008-10-06 08:24:00,0,0.015489160294656497,False
1356,Logistic regression,"weekly, sliding 4 wk",2008-10-06,584,2008-10-06 08:57:00,0,2.583786385664962e-38,False
1357,Logistic regression,"weekly, sliding 4 wk",2008-10-06,584,2008-10-06 09:11:00,0,0.0351971444065474,False
1358,Logistic regression,"weekly, sliding 4 wk",2008-10-06,584,2008-10-06 09:57:00,0,0.030540871597006435,False
1359,Logistic regression,"weekly, sliding 4 wk",2008-10-06,584,2008-10-06 10:07:00,0,0.06604102982215282,False
1360,Logistic regression,"weekly, sliding 4 wk",2008-10-06,584,2008-10-06 11:51:00,0,0.5381829387261041,True
1361,Logistic regression,"weekly, sliding 4 wk",2008-10-06,584,2008-10-06 12:39:00,0,0.2252645047476071,False
1362,Logistic regression,"weekly, sliding 4 wk",2008-10-06,584,2008-10-06 12:42:00,0,0.3207782821037783,False
1363,Logistic regression,"weekly, sliding 4 wk",2008-10-06,584,2008-10-06 13:08:00,0,0.02955163594176581,False
1364,Logistic regression,"weekly, sliding 4 wk",2008-10-06,584,2008-10-06 13:38:00,1,0.40637493480273873,False
1365,Logistic regression,"weekly, sliding 4 wk",2008-10-06,584,2008-10-06 13:55:00,1,0.7505542131740006,True
1366,Logistic regression,"weekly, sliding 4 wk",2008-10-06,584,2008-10-06 15:00:00,1,0.29574551187520703,False
1367,Logistic regression,"weekly, sliding 4 wk",2008-10-06,584,2008-10-06 15:01:00,0,0.3223820960431717,False
1368,Logistic regression,"weekly, sliding 4 wk",2008-10-06,584,2008-10-06 15:52:00,0,0.08462425071502207,False
1369,Logistic regression,"weekly, sliding 4 wk",2008-10-06,584,2008-10-06 16:42:00,0,0.025600716721826972,False
1370,Logistic regression,"weekly, sliding 4 wk",2008-10-06,584,2008-10-06 16:50:00,0,0.22403176327766097,False
1371,Logistic regression,"weekly, sliding 4 wk",2008-10-06,584,2008-10-06 17:26:00,0,0.10366847904317492,False
1372,Logistic regression,"weekly, sliding 4 wk",2008-10-06,584,2008-10-06 17:26:00,0,0.10956763579801497,False
1373,Logistic regression,"weekly, sliding 4 wk",2008-10-06,584,2008-10-06 17:35:00,0,0.02008447059545729,False
1374,Logistic regression,"weekly, sliding 4 wk",2008-10-06,584,2008-10-06 18:54:00,0,0.06161398561289332,False
1375,Logistic regression,"weekly, sliding 4 wk",2008-10-06,584,2008-10-06 18:55:00,0,0.08148790476725709,False
1376,Logistic regression,"weekly, sliding 4 wk",2008-10-06,584,2008-10-06 19:42:00,0,0.2247410819892725,False
1377,Logistic regression,"weekly, sliding 4 wk",2008-10-06,584,2008-10-06 20:02:00,0,0.1594111128365243,False
1378,Logistic regression,"weekly, sliding 4 wk",2008-10-06,584,2008-10-06 20:36:00,0,0.30443536891107226,False
1379,Logistic regression,"weekly, sliding 4 wk",2008-10-06,584,2008-10-06 20:47:00,0,0.037529805116946806,False
1380,Logistic regression,"weekly, sliding 4 wk",2008-10-06,584,2008-10-06 21:46:00,0,0.45396056534641316,False
1381,Logistic regression,"weekly, sliding 4 wk",2008-10-06,584,2008-10-06 21:48:00,0,0.0017364094013239363,False
1382,Logistic regression,"weekly, sliding 4 wk",2008-10-06,584,2008-10-06 22:37:00,0,0.09301290106113855,False
1383,Logistic regression,"weekly, sliding 4 wk",2008-10-06,584,2008-10-06 23:03:00,0,0.10461480421783322,False
1384,Logistic regression,"weekly, sliding 4 wk",2008-10-06,584,2008-10-07 01:46:00,0,0.029158268383499792,False
1385,Logistic regression,"weekly, sliding 4 wk",2008-10-06,584,2008-10-07 03:29:00,0,0.0005982163514066296,False
1386,Logistic regression,"weekly, sliding 4 wk",2008-10-06,584,2008-10-07 03:39:00,0,0.1339313421442622,False
1387,Logistic regression,"weekly, sliding 4 wk",2008-10-06,584,2008-10-07 07:32:00,0,0.048229111029280104,False
1388,Logistic regression,"weekly, sliding 4 wk",2008-10-06,584,2008-10-07 07:41:00,0,0.10547309557892874,False
1389,Logistic regression,"weekly, sliding 4 wk",2008-10-06,584,2008-10-07 08:25:00,0,0.13998442439908337,False
1390,Logistic regression,"weekly, sliding 4 wk",2008-10-06,584,2008-10-07 08:26:00,0,0.11664890170904452,False
1391,Logistic regression,"weekly, sliding 4 wk",2008-10-06,584,2008-10-07 09:11:00,0,0.1900406800651901,False
1392,Logistic regression,"weekly, sliding 4 wk",2008-10-06,584,2008-10-07 09:20:00,0,0.14503551577764429,False
1393,Logistic regression,"weekly, sliding 4 wk",2008-10-06,584,2008-10-07 09:59:00,0,0.02866458338750982,False
1394,Logistic regression,"weekly, sliding 4 wk",2008-10-06,584,2008-10-07 10:04:00,0,0.10868827728878015,False
1395,Logistic regression,"weekly, sliding 4 wk",2008-10-06,584,2008-10-07 10:10:00,0,0.0434370360726049,False
1396,Logistic regression,"weekly, sliding 4 wk",2008-10-06,584,2008-10-07 10:51:00,0,0.10661758783700985,False
1397,Logistic regression,"weekly, sliding 4 wk",2008-10-06,584,2008-10-07 11:15:00,0,0.2742402751964864,False
1398,Logistic regression,"weekly, sliding 4 wk",2008-10-06,584,2008-10-07 11:16:00,0,0.9999460373431652,True
1399,Logistic regression,"weekly, sliding 4 wk",2008-10-06,584,2008-10-07 11:36:00,0,0.143632883701044,False
1400,Logistic regression,"weekly, sliding 4 wk",2008-10-06,584,2008-10-07 12:40:00,0,0.021739377182553324,False
1401,Logistic regression,"weekly, sliding 4 wk",2008-10-06,584,2008-10-07 13:10:00,1,0.8336470129268122,True
1402,Logistic regression,"weekly, sliding 4 wk",2008-10-06,584,2008-10-07 13:48:00,0,0.21704275546499494,False
1403,Logistic regression,"weekly, sliding 4 wk",2008-10-06,584,2008-10-07 14:35:00,0,0.0709265331082162,False
1404,Logistic regression,"weekly, sliding 4 wk",2008-10-06,584,2008-10-07 16:32:00,0,0.3052756517215188,False
1405,Logistic regression,"weekly, sliding 4 wk",2008-10-06,584,2008-10-07 17:06:00,0,0.011292233184705272,False
1406,Logistic regression,"weekly, sliding 4 wk",2008-10-06,584,2008-10-07 17:28:00,0,0.0049084331086072545,False
1407,Logistic regression,"weekly, sliding 4 wk",2008-10-06,584,2008-10-07 18:39:00,0,0.021666586773572163,False
1408,Logistic regression,"weekly, sliding 4 wk",2008-10-06,584,2008-10-07 19:24:00,0,0.07554121366498373,False
1409,Logistic regression,"weekly, sliding 4 wk",2008-10-06,584,2008-10-07 20:19:00,0,0.03259436094444165,False
1410,Logistic regression,"weekly, sliding 4 wk",2008-10-06,584,2008-10-07 20:39:00,0,0.15252008569083003,False
1411,Logistic regression,"weekly, sliding 4 wk",2008-10-06,584,2008-10-07 20:48:00,0,0.1461044862647156,False
1412,Logistic regression,"weekly, sliding 4 wk",2008-10-06,584,2008-10-08 04:47:00,0,0.1245065799280735,False
1413,Logistic regression,"weekly, sliding 4 wk",2008-10-06,584,2008-10-08 05:35:00,0,0.24993335400109595,False
1414,Logistic regression,"weekly, sliding 4 wk",2008-10-06,584,2008-10-08 05:38:00,0,0.10478070006916776,False
1415,Logistic regression,"weekly, sliding 4 wk",2008-10-06,584,2008-10-08 06:25:00,0,0.22632583915424617,False
1416,Logistic regression,"weekly, sliding 4 wk",2008-10-06,584,2008-10-08 07:10:00,0,0.1325717126424288,False
1417,Logistic regression,"weekly, sliding 4 wk",2008-10-06,584,2008-10-08 07:13:00,0,0.041328904442323594,False
1418,Logistic regression,"weekly, sliding 4 wk",2008-10-06,584,2008-10-08 07:16:00,0,0.4159455020412551,False
1419,Logistic regression,"weekly, sliding 4 wk",2008-10-06,584,2008-10-08 09:01:00,0,0.013266009613857066,False
1420,Logistic regression,"weekly, sliding 4 wk",2008-10-06,584,2008-10-08 09:06:00,0,0.17517073718404302,False
1421,Logistic regression,"weekly, sliding 4 wk",2008-10-06,584,2008-10-08 10:37:00,0,0.10247845334421277,False
1422,Logistic regression,"weekly, sliding 4 wk",2008-10-06,584,2008-10-08 12:11:00,0,0.0760484802466655,False
1423,Logistic regression,"weekly, sliding 4 wk",2008-10-06,584,2008-10-08 13:35:00,0,0.15628382173296354,False
1424,Logistic regression,"weekly, sliding 4 wk",2008-10-06,584,2008-10-08 13:38:00,0,0.20865262299034604,False
1425,Logistic regression,"weekly, sliding 4 wk",2008-10-06,584,2008-10-08 14:48:00,0,0.05022396371428571,False
1426,Logistic regression,"weekly, sliding 4 wk",2008-10-06,584,2008-10-08 15:37:00,0,0.3267447006778743,False
1427,Logistic regression,"weekly, sliding 4 wk",2008-10-06,584,2008-10-08 16:26:00,0,0.02301584245760386,False
1428,Logistic regression,"weekly, sliding 4 wk",2008-10-06,584,2008-10-08 17:14:00,0,0.926243109163036,True
1429,Logistic regression,"weekly, sliding 4 wk",2008-10-06,584,2008-10-08 17:31:00,0,0.09721370040588594,False
1430,Logistic regression,"weekly, sliding 4 wk",2008-10-06,584,2008-10-08 17:41:00,0,0.017828044655936518,False
1431,Logistic regression,"weekly, sliding 4 wk",2008-10-06,584,2008-10-08 18:22:00,0,0.012592059879066482,False
1432,Logistic regression,"weekly, sliding 4 wk",2008-10-06,584,2008-10-08 20:27:00,0,0.18972773830017892,False
1433,Logistic regression,"weekly, sliding 4 wk",2008-10-06,584,2008-10-08 21:19:00,0,0.2804121911231756,False
1434,Logistic regression,"weekly, sliding 4 wk",2008-10-06,584,2008-10-08 21:45:00,0,0.0478289459971481,False
1435,Logistic regression,"weekly, sliding 4 wk",2008-10-06,584,2008-10-08 22:08:00,0,0.072155733796721,False
1436,Logistic regression,"weekly, sliding 4 wk",2008-10-06,584,2008-10-08 23:13:00,0,0.15885778259576855,False
1437,Logistic regression,"weekly, sliding 4 wk",2008-10-06,584,2008-10-08 23:50:00,0,0.13621833216989085,False
1438,Logistic regression,"weekly, sliding 4 wk",2008-10-06,584,2008-10-09 00:23:00,0,0.04700793539306893,False
1439,Logistic regression,"weekly, sliding 4 wk",2008-10-06,584,2008-10-09 04:34:00,1,0.07714196407167498,False
1440,Logistic regression,"weekly, sliding 4 wk",2008-10-06,584,2008-10-09 06:06:00,0,0.0397118176605164,False
1441,Logistic regression,"weekly, sliding 4 wk",2008-10-06,584,2008-10-09 07:38:00,0,0.507666298510334,False
1442,Logistic regression,"weekly, sliding 4 wk",2008-10-06,584,2008-10-09 14:15:00,0,0.04278539366659708,False
1443,Logistic regression,"weekly, sliding 4 wk",2008-10-06,584,2008-10-09 15:04:00,0,0.062443572903635836,False
1444,Logistic regression,"weekly, sliding 4 wk",2008-10-06,584,2008-10-09 15:55:00,1,0.05201769386288358,False
1445,Logistic regression,"weekly, sliding 4 wk",2008-10-06,584,2008-10-09 15:56:00,0,0.14881187640588234,False
1446,Logistic regression,"weekly, sliding 4 wk",2008-10-06,584,2008-10-10 10:05:00,0,0.02590044735936939,False
1447,Logistic regression,"weekly, sliding 4 wk",2008-10-06,584,2008-10-10 10:46:00,0,0.002253558642353126,False
1448,Logistic regression,"weekly, sliding 4 wk",2008-10-06,584,2008-10-10 10:53:00,0,0.21756347938460732,False
1449,Logistic regression,"weekly, sliding 4 wk",2008-10-06,584,2008-10-10 12:30:00,0,0.0017903777026475668,False
1450,Logistic regression,"weekly, sliding 4 wk",2008-10-06,584,2008-10-10 15:33:00,0,0.06972050234747151,False
1451,Logistic regression,"weekly, sliding 4 wk",2008-10-06,584,2008-10-10 15:50:00,0,0.12711120767607714,False
1452,Logistic regression,"weekly, sliding 4 wk",2008-10-06,584,2008-10-10 20:02:00,0,0.149466877877961,False
1453,Logistic regression,"weekly, sliding 4 wk",2008-10-06,584,2008-10-10 21:03:00,0,0.5572974919875884,True
1454,Logistic regression,"weekly, sliding 4 wk",2008-10-06,584,2008-10-10 21:07:00,0,0.24871974745674796,False
1455,Logistic regression,"weekly, sliding 4 wk",2008-10-06,584,2008-10-10 21:16:00,0,0.44896692870447175,False
1456,Logistic regression,"weekly, sliding 4 wk",2008-10-06,584,2008-10-11 02:55:00,0,0.3281316184420064,False
1457,Logistic regression,"weekly, sliding 4 wk",2008-10-06,584,2008-10-11 06:56:00,0,0.002989073196751308,False
1458,Logistic regression,"weekly, sliding 4 wk",2008-10-06,584,2008-10-11 07:38:00,0,0.17581988410895028,False
1459,Logistic regression,"weekly, sliding 4 wk",2008-10-06,584,2008-10-11 07:39:00,0,1.0,True
1460,Logistic regression,"weekly, sliding 4 wk",2008-10-06,584,2008-10-11 07:42:00,0,0.0006555711384587659,False
1461,Logistic regression,"weekly, sliding 4 wk",2008-10-06,584,2008-10-11 08:27:00,0,0.013264245127373005,False
1462,Logistic regression,"weekly, sliding 4 wk",2008-10-06,584,2008-10-11 14:43:00,0,0.003977740507060096,False
1463,Logistic regression,"weekly, sliding 4 wk",2008-10-06,584,2008-10-11 15:33:00,0,0.042734433849691875,False
1464,Logistic regression,"weekly, sliding 4 wk",2008-10-06,584,2008-10-11 16:25:00,0,0.016842420440317214,False
1465,Logistic regression,"weekly, sliding 4 wk",2008-10-06,584,2008-10-11 23:16:00,0,0.03494015282734181,False
1466,Logistic regression,"weekly, sliding 4 wk",2008-10-06,584,2008-10-11 23:58:00,0,0.012303150242519142,False
1467,Logistic regression,"weekly, sliding 4 wk",2008-10-06,584,2008-10-12 00:57:00,0,0.049406585136683626,False
1468,Logistic regression,"weekly, sliding 4 wk",2008-10-06,584,2008-10-12 01:50:00,0,0.0015951928838617432,False
1469,Logistic regression,"weekly, sliding 4 wk",2008-10-06,584,2008-10-12 02:59:00,0,0.04173743863639704,False
1470,Logistic regression,"weekly, sliding 4 wk",2008-10-06,584,2008-10-12 03:21:00,0,0.003004253072509228,False
1471,Logistic regression,"weekly, sliding 4 wk",2008-10-06,584,2008-10-12 03:28:00,0,0.38461202721182536,False
1472,Logistic regression,"weekly, sliding 4 wk",2008-10-06,584,2008-10-12 08:19:00,0,0.13924424795813187,False
1473,Logistic regression,"weekly, sliding 4 wk",2008-10-06,584,2008-10-12 18:47:00,0,0.08356816654694903,False
1474,Logistic regression,"weekly, sliding 4 wk",2008-10-13,627,2008-10-13 03:34:00,0,0.014122412514704398,False
1475,Logistic regression,"weekly, sliding 4 wk",2008-10-13,627,2008-10-13 03:53:00,0,0.20133000415693386,False
1476,Logistic regression,"weekly, sliding 4 wk",2008-10-13,627,2008-10-13 11:27:00,0,0.010331590545295649,False
1477,Logistic regression,"weekly, sliding 4 wk",2008-10-13,627,2008-10-13 12:18:00,0,0.07741994697105788,False
1478,Logistic regression,"weekly, sliding 4 wk",2008-10-13,627,2008-10-13 14:06:00,0,0.055143998450530265,False
1479,Logistic regression,"weekly, sliding 4 wk",2008-10-13,627,2008-10-13 14:29:00,0,0.1015792799845626,False
1480,Logistic regression,"weekly, sliding 4 wk",2008-10-13,627,2008-10-13 14:30:00,0,0.37569802829035814,False
1481,Logistic regression,"weekly, sliding 4 wk",2008-10-13,627,2008-10-13 14:55:00,0,0.07879036882297094,False
1482,Logistic regression,"weekly, sliding 4 wk",2008-10-13,627,2008-10-13 15:42:00,0,0.028634306548098697,False
1483,Logistic regression,"weekly, sliding 4 wk",2008-10-13,627,2008-10-13 15:42:00,0,0.014352527792200817,False
1484,Logistic regression,"weekly, sliding 4 wk",2008-10-13,627,2008-10-13 16:13:00,0,0.5121952909188212,False
1485,Logistic regression,"weekly, sliding 4 wk",2008-10-13,627,2008-10-13 19:17:00,0,0.10372459680672187,False
1486,Logistic regression,"weekly, sliding 4 wk",2008-10-13,627,2008-10-13 19:36:00,0,0.3303830446517573,False
1487,Logistic regression,"weekly, sliding 4 wk",2008-10-13,627,2008-10-13 19:40:00,0,0.2982447834098189,False
1488,Logistic regression,"weekly, sliding 4 wk",2008-10-13,627,2008-10-13 20:10:00,0,0.6559625198488842,True
1489,Logistic regression,"weekly, sliding 4 wk",2008-10-13,627,2008-10-13 20:30:00,0,0.026625941680437866,False
1490,Logistic regression,"weekly, sliding 4 wk",2008-10-13,627,2008-10-13 20:53:00,0,0.14066826634610244,False
1491,Logistic regression,"weekly, sliding 4 wk",2008-10-13,627,2008-10-13 21:20:00,0,0.32153918937003306,False
1492,Logistic regression,"weekly, sliding 4 wk",2008-10-13,627,2008-10-13 21:47:00,0,0.16409046986374928,False
1493,Logistic regression,"weekly, sliding 4 wk",2008-10-13,627,2008-10-13 21:57:00,0,0.3857387322400326,False
1494,Logistic regression,"weekly, sliding 4 wk",2008-10-13,627,2008-10-13 22:48:00,0,0.09806945550215176,False
1495,Logistic regression,"weekly, sliding 4 wk",2008-10-13,627,2008-10-13 22:54:00,0,0.23227755097252067,False
1496,Logistic regression,"weekly, sliding 4 wk",2008-10-13,627,2008-10-14 00:35:00,0,0.3290898950515188,False
1497,Logistic regression,"weekly, sliding 4 wk",2008-10-13,627,2008-10-14 03:21:00,0,0.034812549319473335,False
1498,Logistic regression,"weekly, sliding 4 wk",2008-10-13,627,2008-10-14 03:28:00,0,0.1546749945917342,False
1499,Logistic regression,"weekly, sliding 4 wk",2008-10-13,627,2008-10-14 03:35:00,0,0.04535930486760829,False
1500,Logistic regression,"weekly, sliding 4 wk",2008-10-13,627,2008-10-14 13:13:00,0,0.28852958019384845,False
1501,Logistic regression,"weekly, sliding 4 wk",2008-10-13,627,2008-10-14 13:16:00,0,0.6742042474967849,True
1502,Logistic regression,"weekly, sliding 4 wk",2008-10-13,627,2008-10-14 14:07:00,0,0.3752434834944845,False
1503,Logistic regression,"weekly, sliding 4 wk",2008-10-13,627,2008-10-14 14:15:00,0,0.05413441437440891,False
1504,Logistic regression,"weekly, sliding 4 wk",2008-10-13,627,2008-10-14 14:43:00,0,0.7846307638568144,True
1505,Logistic regression,"weekly, sliding 4 wk",2008-10-13,627,2008-10-14 17:36:00,0,0.19429437544433203,False
1506,Logistic regression,"weekly, sliding 4 wk",2008-10-13,627,2008-10-14 19:15:00,0,0.5533969709004651,False
1507,Logistic regression,"weekly, sliding 4 wk",2008-10-13,627,2008-10-14 20:01:00,0,0.21921745773399265,False
1508,Logistic regression,"weekly, sliding 4 wk",2008-10-13,627,2008-10-14 20:30:00,0,0.6553367060639533,True
1509,Logistic regression,"weekly, sliding 4 wk",2008-10-13,627,2008-10-14 20:48:00,0,0.37818633292312537,False
1510,Logistic regression,"weekly, sliding 4 wk",2008-10-13,627,2008-10-14 21:36:00,0,0.37124835645333665,False
1511,Logistic regression,"weekly, sliding 4 wk",2008-10-13,627,2008-10-14 23:07:00,0,0.4082152691931328,False
1512,Logistic regression,"weekly, sliding 4 wk",2008-10-13,627,2008-10-15 00:03:00,0,0.11267388120233524,False
1513,Logistic regression,"weekly, sliding 4 wk",2008-10-13,627,2008-10-15 00:27:00,0,0.12068130536780419,False
1514,Logistic regression,"weekly, sliding 4 wk",2008-10-13,627,2008-10-15 00:47:00,0,0.5817006257022217,True
1515,Logistic regression,"weekly, sliding 4 wk",2008-10-13,627,2008-10-15 01:52:00,0,0.04916168512847878,False
1516,Logistic regression,"weekly, sliding 4 wk",2008-10-13,627,2008-10-15 01:52:00,0,0.5006782413888966,False
1517,Logistic regression,"weekly, sliding 4 wk",2008-10-13,627,2008-10-15 01:52:00,0,0.3561146442921643,False
1518,Logistic regression,"weekly, sliding 4 wk",2008-10-13,627,2008-10-15 02:40:00,0,0.06516559559118074,False
1519,Logistic regression,"weekly, sliding 4 wk",2008-10-13,627,2008-10-15 02:40:00,0,0.49013188018892895,False
1520,Logistic regression,"weekly, sliding 4 wk",2008-10-13,627,2008-10-15 02:42:00,1,0.37285833247614736,False
1521,Logistic regression,"weekly, sliding 4 wk",2008-10-13,627,2008-10-15 03:24:00,0,0.7965955380619703,True
1522,Logistic regression,"weekly, sliding 4 wk",2008-10-13,627,2008-10-15 04:08:00,0,0.07938721180751876,False
1523,Logistic regression,"weekly, sliding 4 wk",2008-10-13,627,2008-10-15 05:13:00,0,0.577786928219988,False
1524,Logistic regression,"weekly, sliding 4 wk",2008-10-13,627,2008-10-15 05:16:00,0,0.30826470283791435,False
1525,Logistic regression,"weekly, sliding 4 wk",2008-10-13,627,2008-10-15 06:49:00,0,0.06433201371642748,False
1526,Logistic regression,"weekly, sliding 4 wk",2008-10-13,627,2008-10-15 07:36:00,0,0.12687575277959717,False
1527,Logistic regression,"weekly, sliding 4 wk",2008-10-13,627,2008-10-15 07:55:00,0,0.27066070073169857,False
1528,Logistic regression,"weekly, sliding 4 wk",2008-10-13,627,2008-10-15 08:21:00,0,0.17183889044608514,False
1529,Logistic regression,"weekly, sliding 4 wk",2008-10-13,627,2008-10-15 09:11:00,0,0.24808981007626185,False
1530,Logistic regression,"weekly, sliding 4 wk",2008-10-13,627,2008-10-15 10:00:00,0,0.03177348135601073,False
1531,Logistic regression,"weekly, sliding 4 wk",2008-10-13,627,2008-10-15 12:53:00,0,0.9130925558532855,True
1532,Logistic regression,"weekly, sliding 4 wk",2008-10-13,627,2008-10-15 13:14:00,0,0.31605833420429486,False
1533,Logistic regression,"weekly, sliding 4 wk",2008-10-13,627,2008-10-15 13:16:00,0,0.010449131472478921,False
1534,Logistic regression,"weekly, sliding 4 wk",2008-10-13,627,2008-10-15 14:08:00,0,0.19366614492721332,False
1535,Logistic regression,"weekly, sliding 4 wk",2008-10-13,627,2008-10-15 15:11:00,0,0.14161857000292385,False
1536,Logistic regression,"weekly, sliding 4 wk",2008-10-13,627,2008-10-15 16:24:00,0,0.2928446393045646,False
1537,Logistic regression,"weekly, sliding 4 wk",2008-10-13,627,2008-10-15 17:19:00,0,0.11333517423777345,False
1538,Logistic regression,"weekly, sliding 4 wk",2008-10-13,627,2008-10-15 18:16:00,0,0.1287686711407901,False
1539,Logistic regression,"weekly, sliding 4 wk",2008-10-13,627,2008-10-15 19:15:00,0,0.27628748777189277,False
1540,Logistic regression,"weekly, sliding 4 wk",2008-10-13,627,2008-10-15 19:24:00,0,0.4190609765758293,False
1541,Logistic regression,"weekly, sliding 4 wk",2008-10-13,627,2008-10-15 21:44:00,0,0.84364462327761,True
1542,Logistic regression,"weekly, sliding 4 wk",2008-10-13,627,2008-10-15 22:45:00,0,0.40304611793387063,False
1543,Logistic regression,"weekly, sliding 4 wk",2008-10-13,627,2008-10-15 22:54:00,0,0.522274109907943,False
1544,Logistic regression,"weekly, sliding 4 wk",2008-10-13,627,2008-10-15 23:00:00,0,0.49328459358942356,False
1545,Logistic regression,"weekly, sliding 4 wk",2008-10-13,627,2008-10-15 23:45:00,0,0.7289429161228815,True
1546,Logistic regression,"weekly, sliding 4 wk",2008-10-13,627,2008-10-16 02:16:00,0,0.2620141268009666,False
1547,Logistic regression,"weekly, sliding 4 wk",2008-10-13,627,2008-10-16 02:16:00,0,0.12317487350635173,False
1548,Logistic regression,"weekly, sliding 4 wk",2008-10-13,627,2008-10-16 02:17:00,0,0.13501668686530474,False
1549,Logistic regression,"weekly, sliding 4 wk",2008-10-13,627,2008-10-16 02:22:00,0,0.07508791020222302,False
1550,Logistic regression,"weekly, sliding 4 wk",2008-10-13,627,2008-10-16 02:55:00,0,0.06587574988349766,False
1551,Logistic regression,"weekly, sliding 4 wk",2008-10-13,627,2008-10-16 03:56:00,0,0.20461469095897575,False
1552,Logistic regression,"weekly, sliding 4 wk",2008-10-13,627,2008-10-16 04:02:00,0,0.14453248658816978,False
1553,Logistic regression,"weekly, sliding 4 wk",2008-10-13,627,2008-10-16 04:02:00,0,0.818015389127958,True
1554,Logistic regression,"weekly, sliding 4 wk",2008-10-13,627,2008-10-16 04:04:00,0,0.2961830572705254,False
1555,Logistic regression,"weekly, sliding 4 wk",2008-10-13,627,2008-10-16 04:47:00,0,0.6059208183841559,True
1556,Logistic regression,"weekly, sliding 4 wk",2008-10-13,627,2008-10-16 04:50:00,0,0.7214158669818402,True
1557,Logistic regression,"weekly, sliding 4 wk",2008-10-13,627,2008-10-16 04:54:00,0,0.41170958620396175,False
1558,Logistic regression,"weekly, sliding 4 wk",2008-10-13,627,2008-10-16 05:08:00,0,0.2704318502553047,False
1559,Logistic regression,"weekly, sliding 4 wk",2008-10-13,627,2008-10-16 05:13:00,0,0.5519628557600588,False
1560,Logistic regression,"weekly, sliding 4 wk",2008-10-13,627,2008-10-16 05:44:00,0,0.14334197445470176,False
1561,Logistic regression,"weekly, sliding 4 wk",2008-10-13,627,2008-10-16 05:58:00,0,0.10172133536545717,False
1562,Logistic regression,"weekly, sliding 4 wk",2008-10-13,627,2008-10-16 15:02:00,0,0.7033329100271568,True
1563,Logistic regression,"weekly, sliding 4 wk",2008-10-13,627,2008-10-16 15:13:00,0,0.034272869767564294,False
1564,Logistic regression,"weekly, sliding 4 wk",2008-10-13,627,2008-10-16 20:49:00,0,0.15833123783491238,False
1565,Logistic regression,"weekly, sliding 4 wk",2008-10-13,627,2008-10-17 05:26:00,0,0.19163602895835632,False
1566,Logistic regression,"weekly, sliding 4 wk",2008-10-13,627,2008-10-17 06:01:00,0,0.33847065234694435,False
1567,Logistic regression,"weekly, sliding 4 wk",2008-10-13,627,2008-10-17 06:07:00,0,0.07907926378321281,False
191,Gradient boosting,train once,2008-08-11,190,2008-08-11 03:06:00,0,0.2082870173831378,False
192,Gradient boosting,train once,2008-08-11,190,2008-08-11 04:09:00,0,0.15884367689601264,False
193,Gradient boosting,train once,2008-08-11,190,2008-08-11 05:15:00,0,0.30383624814323046,False
194,Gradient boosting,train once,2008-08-11,190,2008-08-11 11:35:00,0,0.23555113679152193,False
195,Gradient boosting,train once,2008-08-11,190,2008-08-11 12:38:00,0,0.23041866008521436,False
196,Gradient boosting,train once,2008-08-11,190,2008-08-12 04:23:00,0,0.05208827913335275,False
197,Gradient boosting,train once,2008-08-11,190,2008-08-12 06:16:00,0,0.20846770784023883,False
198,Gradient boosting,train once,2008-08-11,190,2008-08-12 10:54:00,0,0.09315900858827116,False
199,Gradient boosting,train once,2008-08-11,190,2008-08-12 11:29:00,0,0.06111120665742275,False
200,Gradient boosting,train once,2008-08-11,190,2008-08-12 12:04:00,0,0.2147931297868889,False
201,Gradient boosting,train once,2008-08-11,190,2008-08-13 02:48:00,0,0.20110539105203828,False
202,Gradient boosting,train once,2008-08-11,190,2008-08-15 03:26:00,0,0.03593335625303364,False
203,Gradient boosting,train once,2008-08-11,190,2008-08-15 04:14:00,0,0.26349684781846827,False
204,Gradient boosting,train once,2008-08-11,190,2008-08-15 05:13:00,0,0.18333308692311695,False
205,Gradient boosting,train once,2008-08-11,190,2008-08-15 09:38:00,0,0.12451443197693972,False
206,Gradient boosting,train once,2008-08-11,190,2008-08-15 10:14:00,0,0.12884643712601218,False
207,Gradient boosting,train once,2008-08-11,190,2008-08-15 11:42:00,0,0.1694417096264678,False
208,Gradient boosting,train once,2008-08-11,190,2008-08-15 18:19:00,0,0.2655518257383053,False
209,Gradient boosting,train once,2008-08-11,190,2008-08-15 19:19:00,0,0.09830341117983418,False
210,Gradient boosting,train once,2008-08-11,190,2008-08-15 20:00:00,0,0.1803192607180101,False
211,Gradient boosting,train once,2008-08-11,190,2008-08-15 20:03:00,0,0.09518849340045912,False
212,Gradient boosting,train once,2008-08-11,190,2008-08-15 23:31:00,0,0.08380475181943575,False
213,Gradient boosting,train once,2008-08-11,190,2008-08-16 02:21:00,0,0.5206673168466652,True
214,Gradient boosting,train once,2008-08-11,190,2008-08-16 05:47:00,0,0.2016757133763295,False
215,Gradient boosting,train once,2008-08-11,190,2008-08-16 06:52:00,0,0.13442300522145273,False
216,Gradient boosting,train once,2008-08-11,190,2008-08-16 07:33:00,0,0.216235376834265,False
217,Gradient boosting,train once,2008-08-11,190,2008-08-16 08:39:00,0,0.11004970709215642,False
218,Gradient boosting,train once,2008-08-11,190,2008-08-16 08:41:00,0,0.055818946858800615,False
219,Gradient boosting,train once,2008-08-11,190,2008-08-16 09:44:00,1,0.10452845457417641,False
220,Gradient boosting,train once,2008-08-11,190,2008-08-16 13:51:00,0,0.13380675766476485,False
221,Gradient boosting,train once,2008-08-11,190,2008-08-16 14:30:00,0,0.059753734546984814,False
222,Gradient boosting,train once,2008-08-11,190,2008-08-16 15:16:00,0,0.10289145796990873,False
223,Gradient boosting,train once,2008-08-11,190,2008-08-16 15:19:00,1,0.08461317479784596,False
224,Gradient boosting,train once,2008-08-11,190,2008-08-16 23:48:00,0,0.29750937601210553,False
225,Gradient boosting,train once,2008-08-11,190,2008-08-17 00:52:00,0,0.1518877297451055,False
226,Gradient boosting,train once,2008-08-11,190,2008-08-17 01:53:00,0,0.11936375729179877,False
227,Gradient boosting,train once,2008-08-11,190,2008-08-17 03:17:00,0,0.09837565561650613,False
228,Gradient boosting,train once,2008-08-11,190,2008-08-17 03:18:00,0,0.08590876603148907,False
229,Gradient boosting,train once,2008-08-11,190,2008-08-17 03:46:00,0,0.18224905466856164,False
230,Gradient boosting,train once,2008-08-11,190,2008-08-17 04:19:00,0,0.07294326625333185,False
231,Gradient boosting,train once,2008-08-11,190,2008-08-17 05:21:00,0,0.11263602213500339,False
232,Gradient boosting,train once,2008-08-11,190,2008-08-17 12:16:00,1,0.13606537100274374,False
233,Gradient boosting,train once,2008-08-11,190,2008-08-17 13:34:00,0,0.14333029152377375,False
234,Gradient boosting,train once,2008-08-11,190,2008-08-17 14:21:00,0,0.1203443923611236,False
235,Gradient boosting,train once,2008-08-11,190,2008-08-17 15:25:00,0,0.1568820688673904,False
236,Gradient boosting,train once,2008-08-11,190,2008-08-17 21:26:00,1,0.06642439011882224,False
237,Gradient boosting,train once,2008-08-11,190,2008-08-17 22:03:00,1,0.05865221673363018,False
238,Gradient boosting,train once,2008-08-11,190,2008-08-17 22:21:00,0,0.16246073077424544,False
239,Gradient boosting,train once,2008-08-11,190,2008-08-17 23:04:00,1,0.13781551138587175,False
240,Gradient boosting,train once,2008-08-11,190,2008-08-17 23:20:00,0,0.040300735908458354,False
241,Gradient boosting,train once,2008-08-11,190,2008-08-17 23:55:00,1,0.2853100975430761,False
242,Gradient boosting,train once,2008-08-18,190,2008-08-18 00:02:00,1,0.08931609393877218,False
243,Gradient boosting,train once,2008-08-18,190,2008-08-18 00:20:00,0,0.1084852237423303,False
244,Gradient boosting,train once,2008-08-18,190,2008-08-18 01:23:00,1,0.4669409139468259,True
245,Gradient boosting,train once,2008-08-18,190,2008-08-18 04:01:00,1,0.24741108879148196,False
246,Gradient boosting,train once,2008-08-18,190,2008-08-18 04:12:00,0,0.24427446363818978,False
247,Gradient boosting,train once,2008-08-18,190,2008-08-18 04:35:00,0,0.17545365711634667,False
248,Gradient boosting,train once,2008-08-18,190,2008-08-18 05:03:00,0,0.09965563822301023,False
249,Gradient boosting,train once,2008-08-18,190,2008-08-18 05:25:00,0,0.12122728969905582,False
250,Gradient boosting,train once,2008-08-18,190,2008-08-18 06:07:00,0,0.06989025653926782,False
251,Gradient boosting,train once,2008-08-18,190,2008-08-18 06:11:00,0,0.04651703580896003,False
252,Gradient boosting,train once,2008-08-18,190,2008-08-18 06:26:00,0,0.0832187991377941,False
253,Gradient boosting,train once,2008-08-18,190,2008-08-18 07:11:00,0,0.13749788241857383,False
254,Gradient boosting,train once,2008-08-18,190,2008-08-18 07:23:00,0,0.1649212622047978,False
255,Gradient boosting,train once,2008-08-18,190,2008-08-18 07:29:00,0,0.09785847060254076,False
256,Gradient boosting,train once,2008-08-18,190,2008-08-18 08:18:00,0,0.14954648355162534,False
257,Gradient boosting,train once,2008-08-18,190,2008-08-18 08:31:00,0,0.09350346098682163,False
258,Gradient boosting,train once,2008-08-18,190,2008-08-18 10:13:00,0,0.05770628220575226,False
259,Gradient boosting,train once,2008-08-18,190,2008-08-18 11:04:00,0,0.0537968524518189,False
260,Gradient boosting,train once,2008-08-18,190,2008-08-18 12:00:00,0,0.11806377134560614,False
261,Gradient boosting,train once,2008-08-18,190,2008-08-18 12:06:00,0,0.12733945078138167,False
262,Gradient boosting,train once,2008-08-18,190,2008-08-18 12:22:00,0,0.10741097438789185,False
263,Gradient boosting,train once,2008-08-18,190,2008-08-18 12:49:00,0,0.46799982705035525,True
264,Gradient boosting,train once,2008-08-18,190,2008-08-18 13:07:00,0,0.1218489225251467,False
265,Gradient boosting,train once,2008-08-18,190,2008-08-18 14:01:00,0,0.06191626823078116,False
266,Gradient boosting,train once,2008-08-18,190,2008-08-18 14:04:00,0,0.07655551653334945,False
267,Gradient boosting,train once,2008-08-18,190,2008-08-18 14:45:00,0,0.22915654543045663,False
268,Gradient boosting,train once,2008-08-18,190,2008-08-18 15:00:00,0,0.17126633582281786,False
269,Gradient boosting,train once,2008-08-18,190,2008-08-18 15:26:00,0,0.09308619502074784,False
270,Gradient boosting,train once,2008-08-18,190,2008-08-18 15:30:00,0,0.08996761610423124,False
271,Gradient boosting,train once,2008-08-18,190,2008-08-18 15:33:00,0,0.0626391192328556,False
272,Gradient boosting,train once,2008-08-18,190,2008-08-18 15:41:00,0,0.08091145839671268,False
273,Gradient boosting,train once,2008-08-18,190,2008-08-18 16:19:00,0,0.09743485293238463,False
274,Gradient boosting,train once,2008-08-18,190,2008-08-18 17:13:00,1,0.21182347513004357,False
275,Gradient boosting,train once,2008-08-18,190,2008-08-18 17:16:00,0,0.20470189312494727,False
276,Gradient boosting,train once,2008-08-18,190,2008-08-18 17:37:00,0,0.4488568656608918,True
277,Gradient boosting,train once,2008-08-18,190,2008-08-18 19:24:00,0,0.1540175565623114,False
278,Gradient boosting,train once,2008-08-18,190,2008-08-18 19:54:00,1,0.1968085746572012,False
279,Gradient boosting,train once,2008-08-18,190,2008-08-18 23:00:00,0,0.09941386483847729,False
280,Gradient boosting,train once,2008-08-18,190,2008-08-18 23:03:00,0,0.10290641466723921,False
281,Gradient boosting,train once,2008-08-18,190,2008-08-18 23:47:00,0,0.250238448851391,False
282,Gradient boosting,train once,2008-08-18,190,2008-08-19 01:10:00,0,0.1458599004997528,False
283,Gradient boosting,train once,2008-08-18,190,2008-08-19 03:59:00,1,0.12558512893973406,False
284,Gradient boosting,train once,2008-08-18,190,2008-08-19 04:58:00,0,0.323433048879952,True
285,Gradient boosting,train once,2008-08-18,190,2008-08-19 05:09:00,0,0.18806182766199658,False
286,Gradient boosting,train once,2008-08-18,190,2008-08-19 05:11:00,0,0.1344298870928979,False
287,Gradient boosting,train once,2008-08-18,190,2008-08-19 05:11:00,0,0.13972224986921605,False
288,Gradient boosting,train once,2008-08-18,190,2008-08-19 05:40:00,0,0.19423242053855205,False
289,Gradient boosting,train once,2008-08-18,190,2008-08-19 05:41:00,0,0.3607512013085717,True
290,Gradient boosting,train once,2008-08-18,190,2008-08-19 05:53:00,0,0.04916876175924797,False
291,Gradient boosting,train once,2008-08-18,190,2008-08-19 05:54:00,0,0.054883915071774855,False
292,Gradient boosting,train once,2008-08-18,190,2008-08-19 05:56:00,1,0.2195437060689701,False
293,Gradient boosting,train once,2008-08-18,190,2008-08-19 06:24:00,0,0.08717364595440087,False
294,Gradient boosting,train once,2008-08-18,190,2008-08-19 07:43:00,0,0.07828128711303806,False
295,Gradient boosting,train once,2008-08-18,190,2008-08-19 07:58:00,1,0.15194810268283385,False
296,Gradient boosting,train once,2008-08-18,190,2008-08-19 08:01:00,0,0.052656856230328355,False
297,Gradient boosting,train once,2008-08-18,190,2008-08-19 08:07:00,0,0.12465607298104997,False
298,Gradient boosting,train once,2008-08-18,190,2008-08-19 08:33:00,0,0.06345074998101202,False
299,Gradient boosting,train once,2008-08-18,190,2008-08-19 09:04:00,0,0.06859451285425197,False
300,Gradient boosting,train once,2008-08-18,190,2008-08-19 09:05:00,0,0.20899523817900406,False
301,Gradient boosting,train once,2008-08-18,190,2008-08-19 10:46:00,0,0.17232418911683217,False
302,Gradient boosting,train once,2008-08-18,190,2008-08-19 11:11:00,0,0.16869517613062232,False
303,Gradient boosting,train once,2008-08-18,190,2008-08-19 11:13:00,0,0.07880327777535068,False
304,Gradient boosting,train once,2008-08-18,190,2008-08-19 11:13:00,0,0.2504691169958625,False
305,Gradient boosting,train once,2008-08-18,190,2008-08-19 11:28:00,0,0.08922898657211453,False
306,Gradient boosting,train once,2008-08-18,190,2008-08-19 11:44:00,0,0.10162135598391585,False
307,Gradient boosting,train once,2008-08-18,190,2008-08-19 11:46:00,0,0.045281930961450244,False
308,Gradient boosting,train once,2008-08-18,190,2008-08-19 11:57:00,0,0.06537328245109167,False
309,Gradient boosting,train once,2008-08-18,190,2008-08-19 11:58:00,0,0.3289848490096827,True
310,Gradient boosting,train once,2008-08-18,190,2008-08-19 12:30:00,0,0.08054228808867915,False
311,Gradient boosting,train once,2008-08-18,190,2008-08-19 15:33:00,0,0.10355322682975361,False
312,Gradient boosting,train once,2008-08-18,190,2008-08-19 18:12:00,0,0.08078624865936948,False
313,Gradient boosting,train once,2008-08-18,190,2008-08-19 18:12:00,0,0.07284561531785132,False
314,Gradient boosting,train once,2008-08-18,190,2008-08-19 18:30:00,0,0.07369062441243393,False
315,Gradient boosting,train once,2008-08-18,190,2008-08-19 18:30:00,0,0.07494656667733249,False
316,Gradient boosting,train once,2008-08-18,190,2008-08-19 19:38:00,0,0.09375647519073199,False
317,Gradient boosting,train once,2008-08-18,190,2008-08-19 20:53:00,0,0.33193298455187603,True
318,Gradient boosting,train once,2008-08-18,190,2008-08-20 00:05:00,0,0.06564952574040407,False
319,Gradient boosting,train once,2008-08-18,190,2008-08-20 01:33:00,0,0.07172614345501692,False
320,Gradient boosting,train once,2008-08-18,190,2008-08-20 01:42:00,0,0.11369907648171343,False
321,Gradient boosting,train once,2008-08-18,190,2008-08-20 02:13:00,0,0.11069358295667658,False
322,Gradient boosting,train once,2008-08-18,190,2008-08-20 02:27:00,1,0.10304650762081573,False
323,Gradient boosting,train once,2008-08-18,190,2008-08-20 03:00:00,0,0.2166953933877327,False
324,Gradient boosting,train once,2008-08-18,190,2008-08-20 03:12:00,1,0.09360429454504146,False
325,Gradient boosting,train once,2008-08-18,190,2008-08-20 06:36:00,0,0.11100177682354857,False
326,Gradient boosting,train once,2008-08-18,190,2008-08-20 07:12:00,0,0.06578381891590912,False
327,Gradient boosting,train once,2008-08-18,190,2008-08-20 08:40:00,1,0.2465804510080026,False
328,Gradient boosting,train once,2008-08-18,190,2008-08-20 09:17:00,1,0.07852289230925832,False
329,Gradient boosting,train once,2008-08-18,190,2008-08-20 10:26:00,0,0.1493284841046464,False
330,Gradient boosting,train once,2008-08-18,190,2008-08-20 16:08:00,0,0.0714264946526532,False
331,Gradient boosting,train once,2008-08-18,190,2008-08-20 16:16:00,0,0.31824121089745633,False
332,Gradient boosting,train once,2008-08-18,190,2008-08-20 17:09:00,0,0.11057609999650315,False
333,Gradient boosting,train once,2008-08-18,190,2008-08-20 17:35:00,0,0.09286215060821718,False
334,Gradient boosting,train once,2008-08-18,190,2008-08-20 17:36:00,0,0.15759918813177495,False
335,Gradient boosting,train once,2008-08-18,190,2008-08-20 18:29:00,0,0.09225772091641887,False
336,Gradient boosting,train once,2008-08-18,190,2008-08-20 18:35:00,0,0.05523379605847102,False
337,Gradient boosting,train once,2008-08-18,190,2008-08-20 19:20:00,1,0.38637949002624306,True
338,Gradient boosting,train once,2008-08-18,190,2008-08-20 20:19:00,0,0.22799626390973682,False
339,Gradient boosting,train once,2008-08-18,190,2008-08-20 21:33:00,0,0.10816977039510768,False
340,Gradient boosting,train once,2008-08-18,190,2008-08-20 21:41:00,0,0.048715980508177645,False
341,Gradient boosting,train once,2008-08-18,190,2008-08-20 21:58:00,0,0.07862857501298626,False
342,Gradient boosting,train once,2008-08-18,190,2008-08-20 22:13:00,0,0.12548768243188196,False
343,Gradient boosting,train once,2008-08-18,190,2008-08-20 22:45:00,0,0.22322486062242067,False
344,Gradient boosting,train once,2008-08-18,190,2008-08-20 23:18:00,0,0.10104510877061461,False
345,Gradient boosting,train once,2008-08-18,190,2008-08-20 23:43:00,1,0.1268985362825491,False
346,Gradient boosting,train once,2008-08-18,190,2008-08-21 02:11:00,0,0.0818030721706923,False
347,Gradient boosting,train once,2008-08-18,190,2008-08-21 02:46:00,0,0.16468787012466005,False
348,Gradient boosting,train once,2008-08-18,190,2008-08-21 04:22:00,0,0.2942869531793004,False
349,Gradient boosting,train once,2008-08-18,190,2008-08-21 04:29:00,0,0.10235511509806172,False
350,Gradient boosting,train once,2008-08-18,190,2008-08-21 05:06:00,0,0.07717847306313518,False
351,Gradient boosting,train once,2008-08-18,190,2008-08-21 05:15:00,0,0.1631104259029099,False
352,Gradient boosting,train once,2008-08-18,190,2008-08-21 06:10:00,1,0.11182318797589487,False
353,Gradient boosting,train once,2008-08-18,190,2008-08-21 11:22:00,0,0.1165336760301731,False
354,Gradient boosting,train once,2008-08-18,190,2008-08-21 12:00:00,0,0.24176611124946967,False
355,Gradient boosting,train once,2008-08-18,190,2008-08-21 12:31:00,0,0.07122860441854896,False
356,Gradient boosting,train once,2008-08-18,190,2008-08-21 12:33:00,0,0.1529245786187087,False
357,Gradient boosting,train once,2008-08-18,190,2008-08-21 12:43:00,0,0.08100597399732866,False
358,Gradient boosting,train once,2008-08-18,190,2008-08-21 12:52:00,0,0.16314981768720815,False
359,Gradient boosting,train once,2008-08-18,190,2008-08-21 13:11:00,0,0.0652924025389319,False
360,Gradient boosting,train once,2008-08-18,190,2008-08-21 13:19:00,0,0.15631446114677572,False
361,Gradient boosting,train once,2008-08-18,190,2008-08-21 13:29:00,0,0.23622160499128333,False
362,Gradient boosting,train once,2008-08-18,190,2008-08-21 13:45:00,0,0.20794415224914684,False
363,Gradient boosting,train once,2008-08-18,190,2008-08-21 14:47:00,0,0.06340165104536881,False
364,Gradient boosting,train once,2008-08-18,190,2008-08-21 15:05:00,0,0.08626821063137817,False
365,Gradient boosting,train once,2008-08-18,190,2008-08-21 15:06:00,0,0.15025092298844697,False
366,Gradient boosting,train once,2008-08-18,190,2008-08-21 15:32:00,0,0.18280243855893935,False
367,Gradient boosting,train once,2008-08-18,190,2008-08-21 15:48:00,0,0.09894280363478712,False
368,Gradient boosting,train once,2008-08-18,190,2008-08-21 15:50:00,0,0.16981555249261518,False
369,Gradient boosting,train once,2008-08-18,190,2008-08-21 16:19:00,1,0.3199413232614024,False
370,Gradient boosting,train once,2008-08-18,190,2008-08-21 16:36:00,0,0.07515167361388418,False
371,Gradient boosting,train once,2008-08-18,190,2008-08-21 17:25:00,0,0.1387901076048914,False
372,Gradient boosting,train once,2008-08-18,190,2008-08-21 17:44:00,0,0.1295086824551528,False
373,Gradient boosting,train once,2008-08-18,190,2008-08-21 18:04:00,0,0.09505960148203228,False
374,Gradient boosting,train once,2008-08-18,190,2008-08-21 18:05:00,1,0.0782939893418135,False
375,Gradient boosting,train once,2008-08-18,190,2008-08-21 18:39:00,0,0.10939052607083603,False
376,Gradient boosting,train once,2008-08-18,190,2008-08-21 18:53:00,0,0.05859986095910343,False
377,Gradient boosting,train once,2008-08-18,190,2008-08-21 19:12:00,0,0.042936325055057366,False
378,Gradient boosting,train once,2008-08-18,190,2008-08-21 19:12:00,0,0.22128403878590522,False
379,Gradient boosting,train once,2008-08-18,190,2008-08-21 19:46:00,0,0.23157576696951765,False
380,Gradient boosting,train once,2008-08-18,190,2008-08-21 20:19:00,0,0.17792006094131788,False
381,Gradient boosting,train once,2008-08-18,190,2008-08-21 20:21:00,0,0.1438060200205658,False
382,Gradient boosting,train once,2008-08-18,190,2008-08-21 20:37:00,0,0.09160922855754418,False
383,Gradient boosting,train once,2008-08-18,190,2008-08-21 21:32:00,0,0.09112742850897233,False
384,Gradient boosting,train once,2008-08-18,190,2008-08-21 22:25:00,0,0.11388417860712875,False
385,Gradient boosting,train once,2008-08-18,190,2008-08-21 22:41:00,0,0.16547613940733785,False
386,Gradient boosting,train once,2008-08-18,190,2008-08-21 23:08:00,0,0.0610455388571554,False
387,Gradient boosting,train once,2008-08-18,190,2008-08-21 23:27:00,0,0.10975015843103093,False
388,Gradient boosting,train once,2008-08-18,190,2008-08-21 23:53:00,0,0.10513620781697688,False
389,Gradient boosting,train once,2008-08-18,190,2008-08-21 23:57:00,0,0.05997137564031639,False
390,Gradient boosting,train once,2008-08-18,190,2008-08-22 00:43:00,0,0.18630302981776356,False
391,Gradient boosting,train once,2008-08-18,190,2008-08-22 00:44:00,0,0.0831916199569342,False
392,Gradient boosting,train once,2008-08-18,190,2008-08-22 00:47:00,0,0.0705865640965135,False
393,Gradient boosting,train once,2008-08-18,190,2008-08-22 01:04:00,1,0.14556369452746776,False
394,Gradient boosting,train once,2008-08-18,190,2008-08-22 01:26:00,0,0.1278975245609033,False
395,Gradient boosting,train once,2008-08-18,190,2008-08-22 01:27:00,0,0.15025056651010726,False
396,Gradient boosting,train once,2008-08-18,190,2008-08-22 01:54:00,0,0.05865769168145039,False
397,Gradient boosting,train once,2008-08-18,190,2008-08-22 02:01:00,0,0.13339644998107017,False
398,Gradient boosting,train once,2008-08-18,190,2008-08-22 02:25:00,0,0.07310689745704257,False
399,Gradient boosting,train once,2008-08-18,190,2008-08-22 02:52:00,0,0.19780961674767322,False
400,Gradient boosting,train once,2008-08-18,190,2008-08-22 03:18:00,0,0.1828189793192536,False
401,Gradient boosting,train once,2008-08-18,190,2008-08-22 03:58:00,0,0.07274904167492223,False
402,Gradient boosting,train once,2008-08-18,190,2008-08-22 04:40:00,0,0.10595094047706591,False
403,Gradient boosting,train once,2008-08-18,190,2008-08-22 04:57:00,0,0.07152619976834736,False
404,Gradient boosting,train once,2008-08-18,190,2008-08-22 05:21:00,0,0.06343592578015077,False
405,Gradient boosting,train once,2008-08-18,190,2008-08-22 05:31:00,0,0.1706409233947584,False
406,Gradient boosting,train once,2008-08-18,190,2008-08-22 05:32:00,0,0.057692386117310125,False
407,Gradient boosting,train once,2008-08-18,190,2008-08-22 06:00:00,1,0.08004703226573705,False
408,Gradient boosting,train once,2008-08-18,190,2008-08-22 07:04:00,0,0.13218632609059738,False
409,Gradient boosting,train once,2008-08-18,190,2008-08-22 07:17:00,0,0.11036741300498451,False
410,Gradient boosting,train once,2008-08-18,190,2008-08-22 07:27:00,0,0.16173065244969412,False
411,Gradient boosting,train once,2008-08-18,190,2008-08-22 09:29:00,0,0.14633120520902165,False
412,Gradient boosting,train once,2008-08-18,190,2008-08-22 09:29:00,0,0.37194939312568326,True
413,Gradient boosting,train once,2008-08-18,190,2008-08-22 10:01:00,0,0.16957025106830004,False
414,Gradient boosting,train once,2008-08-18,190,2008-08-22 10:18:00,0,0.0655119835772937,False
415,Gradient boosting,train once,2008-08-18,190,2008-08-22 10:47:00,0,0.145906748660342,False
416,Gradient boosting,train once,2008-08-18,190,2008-08-22 11:32:00,0,0.2825878967623702,False
417,Gradient boosting,train once,2008-08-18,190,2008-08-22 12:13:00,0,0.06515831192715922,False
418,Gradient boosting,train once,2008-08-18,190,2008-08-22 12:37:00,0,0.13882058068302364,False
419,Gradient boosting,train once,2008-08-18,190,2008-08-22 12:42:00,0,0.12904428537425985,False
420,Gradient boosting,train once,2008-08-18,190,2008-08-22 13:22:00,0,0.07984841084412964,False
421,Gradient boosting,train once,2008-08-18,190,2008-08-22 14:45:00,0,0.1508884942710817,False
422,Gradient boosting,train once,2008-08-18,190,2008-08-22 15:25:00,0,0.08147984710696474,False
423,Gradient boosting,train once,2008-08-18,190,2008-08-22 15:39:00,0,0.22202291776675712,False
424,Gradient boosting,train once,2008-08-18,190,2008-08-22 15:54:00,0,0.15500454831523952,False
425,Gradient boosting,train once,2008-08-18,190,2008-08-22 19:14:00,1,0.12438341803664081,False
426,Gradient boosting,train once,2008-08-18,190,2008-08-22 23:46:00,0,0.1174599839152405,False
427,Gradient boosting,train once,2008-08-18,190,2008-08-22 23:47:00,0,0.142674233802629,False
428,Gradient boosting,train once,2008-08-18,190,2008-08-22 23:49:00,0,0.10364701053927754,False
429,Gradient boosting,train once,2008-08-18,190,2008-08-22 23:56:00,0,0.1378231857945585,False
430,Gradient boosting,train once,2008-08-18,190,2008-08-23 02:04:00,0,0.16543416446885326,False
431,Gradient boosting,train once,2008-08-18,190,2008-08-23 03:26:00,0,0.12041636936978056,False
432,Gradient boosting,train once,2008-08-18,190,2008-08-23 04:50:00,0,0.03583020466410107,False
433,Gradient boosting,train once,2008-08-18,190,2008-08-23 04:52:00,0,0.14706086223931084,False
434,Gradient boosting,train once,2008-08-18,190,2008-08-23 05:57:00,0,0.06897592766390612,False
435,Gradient boosting,train once,2008-08-18,190,2008-08-23 05:57:00,0,0.07445738896095548,False
436,Gradient boosting,train once,2008-08-18,190,2008-08-23 05:58:00,0,0.08566701535291958,False
437,Gradient boosting,train once,2008-08-18,190,2008-08-23 05:58:00,0,0.05536655414894666,False
438,Gradient boosting,train once,2008-08-18,190,2008-08-23 09:24:00,0,0.10722486734570456,False
439,Gradient boosting,train once,2008-08-18,190,2008-08-23 12:58:00,0,0.06955231532109254,False
440,Gradient boosting,train once,2008-08-18,190,2008-08-23 13:02:00,0,0.11332183358601285,False
441,Gradient boosting,train once,2008-08-18,190,2008-08-23 15:10:00,0,0.1374372426115401,False
442,Gradient boosting,train once,2008-08-18,190,2008-08-23 15:29:00,1,0.06292880781189088,False
443,Gradient boosting,train once,2008-08-18,190,2008-08-24 02:32:00,0,0.14923314762665102,False
444,Gradient boosting,train once,2008-08-18,190,2008-08-24 04:00:00,0,0.14677557724243234,False
445,Gradient boosting,train once,2008-08-18,190,2008-08-24 07:12:00,0,0.21646525382583326,False
446,Gradient boosting,train once,2008-08-18,190,2008-08-24 07:14:00,0,0.29269951615197637,False
447,Gradient boosting,train once,2008-08-18,190,2008-08-24 10:09:00,0,0.20913590559078338,False
448,Gradient boosting,train once,2008-08-18,190,2008-08-24 10:14:00,0,0.08815128699076236,False
449,Gradient boosting,train once,2008-08-18,190,2008-08-24 13:03:00,1,0.21744868413141064,False
450,Gradient boosting,train once,2008-08-25,190,2008-08-25 09:29:00,0,0.15665826544097455,False
451,Gradient boosting,train once,2008-08-25,190,2008-08-27 00:46:00,0,0.110288721803492,False
452,Gradient boosting,train once,2008-08-25,190,2008-08-27 11:38:00,0,0.17691666899498554,False
453,Gradient boosting,train once,2008-08-25,190,2008-08-27 12:22:00,0,0.1332368017844481,False
454,Gradient boosting,train once,2008-08-25,190,2008-08-27 13:35:00,0,0.3280306917547405,True
455,Gradient boosting,train once,2008-08-25,190,2008-08-27 14:18:00,0,0.09116414857189582,False
456,Gradient boosting,train once,2008-08-25,190,2008-08-27 17:14:00,0,0.06034008625216414,False
457,Gradient boosting,train once,2008-08-25,190,2008-08-27 22:48:00,0,0.15163784325733612,False
458,Gradient boosting,train once,2008-08-25,190,2008-08-27 22:58:00,0,0.48274827168843104,True
459,Gradient boosting,train once,2008-08-25,190,2008-08-28 03:03:00,0,0.0859396883838115,False
460,Gradient boosting,train once,2008-08-25,190,2008-08-28 03:04:00,0,0.11329689169785992,False
461,Gradient boosting,train once,2008-08-25,190,2008-08-28 03:29:00,0,0.06564605485793167,False
462,Gradient boosting,train once,2008-08-25,190,2008-08-28 03:38:00,0,0.08519801075378065,False
463,Gradient boosting,train once,2008-08-25,190,2008-08-28 03:45:00,0,0.09938500357011426,False
464,Gradient boosting,train once,2008-08-25,190,2008-08-28 04:10:00,0,0.10835285781653706,False
465,Gradient boosting,train once,2008-08-25,190,2008-08-28 04:20:00,0,0.1829335650050506,False
466,Gradient boosting,train once,2008-08-25,190,2008-08-28 04:54:00,0,0.08837179584714214,False
467,Gradient boosting,train once,2008-08-25,190,2008-08-28 05:00:00,0,0.12451416980496115,False
468,Gradient boosting,train once,2008-08-25,190,2008-08-28 06:15:00,0,0.1594464687551333,False
469,Gradient boosting,train once,2008-08-25,190,2008-08-28 06:39:00,0,0.08709616476296034,False
470,Gradient boosting,train once,2008-08-25,190,2008-08-28 06:56:00,0,0.271625109777761,False
471,Gradient boosting,train once,2008-08-25,190,2008-08-28 07:40:00,0,0.10925870677709033,False
472,Gradient boosting,train once,2008-08-25,190,2008-08-28 07:51:00,0,0.07293328266328401,False
473,Gradient boosting,train once,2008-08-25,190,2008-08-28 08:41:00,0,0.11036126621493719,False
474,Gradient boosting,train once,2008-08-25,190,2008-08-28 09:46:00,0,0.08510835586387544,False
475,Gradient boosting,train once,2008-08-25,190,2008-08-28 09:49:00,0,0.12028485282966014,False
476,Gradient boosting,train once,2008-08-25,190,2008-08-28 10:15:00,0,0.44192748320402964,True
477,Gradient boosting,train once,2008-08-25,190,2008-08-28 10:28:00,0,0.1386905350089077,False
478,Gradient boosting,train once,2008-08-25,190,2008-08-28 10:32:00,0,0.17748872785707084,False
479,Gradient boosting,train once,2008-08-25,190,2008-08-28 11:19:00,0,0.11474914809478985,False
480,Gradient boosting,train once,2008-08-25,190,2008-08-28 12:44:00,0,0.14298536725522543,False
481,Gradient boosting,train once,2008-08-25,190,2008-08-28 14:48:00,0,0.10020203629864022,False
482,Gradient boosting,train once,2008-08-25,190,2008-08-28 15:19:00,0,0.06538687024507206,False
483,Gradient boosting,train once,2008-08-25,190,2008-08-28 16:01:00,0,0.08225767236935849,False
484,Gradient boosting,train once,2008-08-25,190,2008-08-28 16:43:00,0,0.191768504014349,False
485,Gradient boosting,train once,2008-08-25,190,2008-08-28 16:52:00,0,0.1141667388142613,False
486,Gradient boosting,train once,2008-08-25,190,2008-08-28 17:21:00,0,0.07186821605323067,False
487,Gradient boosting,train once,2008-08-25,190,2008-08-28 17:27:00,0,0.24573672303580557,False
488,Gradient boosting,train once,2008-08-25,190,2008-08-28 17:32:00,0,0.05541792339075365,False
489,Gradient boosting,train once,2008-08-25,190,2008-08-28 18:05:00,0,0.1975976788011316,False
490,Gradient boosting,train once,2008-08-25,190,2008-08-28 18:10:00,0,0.13095607816689633,False
491,Gradient boosting,train once,2008-08-25,190,2008-08-28 18:15:00,0,0.2592471721918465,False
492,Gradient boosting,train once,2008-08-25,190,2008-08-28 18:25:00,0,0.22658701923535454,False
493,Gradient boosting,train once,2008-08-25,190,2008-08-28 18:47:00,0,0.12230015053300286,False
494,Gradient boosting,train once,2008-08-25,190,2008-08-28 18:57:00,0,0.119563445422534,False
495,Gradient boosting,train once,2008-08-25,190,2008-08-28 20:20:00,0,0.11754239863254887,False
496,Gradient boosting,train once,2008-08-25,190,2008-08-28 20:39:00,1,0.19877963679292224,False
497,Gradient boosting,train once,2008-08-25,190,2008-08-28 21:03:00,0,0.25438440210513874,False
498,Gradient boosting,train once,2008-08-25,190,2008-08-28 21:52:00,0,0.13133941028610924,False
499,Gradient boosting,train once,2008-08-25,190,2008-08-28 22:57:00,0,0.1862525470096088,False
500,Gradient boosting,train once,2008-08-25,190,2008-08-28 23:40:00,0,0.11216736818893074,False
501,Gradient boosting,train once,2008-08-25,190,2008-08-28 23:42:00,0,0.0829421481617241,False
502,Gradient boosting,train once,2008-08-25,190,2008-08-29 00:49:00,0,0.1447392435716271,False
503,Gradient boosting,train once,2008-08-25,190,2008-08-29 01:06:00,0,0.14063043062335262,False
504,Gradient boosting,train once,2008-08-25,190,2008-08-29 02:38:00,0,0.19162305432416224,False
505,Gradient boosting,train once,2008-08-25,190,2008-08-29 02:39:00,0,0.07557887989507805,False
506,Gradient boosting,train once,2008-08-25,190,2008-08-29 03:27:00,0,0.2749434906116584,False
507,Gradient boosting,train once,2008-08-25,190,2008-08-29 03:33:00,0,0.10778094469181534,False
508,Gradient boosting,train once,2008-08-25,190,2008-08-29 03:46:00,0,0.1605580281614918,False
509,Gradient boosting,train once,2008-08-25,190,2008-08-29 04:55:00,1,0.3480551088694124,True
510,Gradient boosting,train once,2008-08-25,190,2008-08-29 04:56:00,0,0.14301013971755383,False
511,Gradient boosting,train once,2008-08-25,190,2008-08-29 05:16:00,0,0.04422676075307869,False
512,Gradient boosting,train once,2008-08-25,190,2008-08-29 05:54:00,0,0.050593862290253186,False
513,Gradient boosting,train once,2008-08-25,190,2008-08-29 05:54:00,0,0.07646811051521374,False
514,Gradient boosting,train once,2008-08-25,190,2008-08-29 05:57:00,0,0.13684057386454423,False
515,Gradient boosting,train once,2008-08-25,190,2008-08-29 05:57:00,0,0.18085196767855852,False
516,Gradient boosting,train once,2008-08-25,190,2008-08-29 06:35:00,0,0.0816051041488206,False
517,Gradient boosting,train once,2008-08-25,190,2008-08-29 06:37:00,0,0.32217572838579916,False
518,Gradient boosting,train once,2008-08-25,190,2008-08-29 06:40:00,0,0.24882047487595027,False
519,Gradient boosting,train once,2008-08-25,190,2008-08-29 06:45:00,1,0.16966338641933745,False
520,Gradient boosting,train once,2008-08-25,190,2008-08-29 06:54:00,0,0.09738002533934603,False
521,Gradient boosting,train once,2008-08-25,190,2008-08-29 07:18:00,0,0.1688765966564556,False
522,Gradient boosting,train once,2008-08-25,190,2008-08-29 07:22:00,0,0.28204422447552385,False
523,Gradient boosting,train once,2008-08-25,190,2008-08-29 07:24:00,0,0.3229421712079842,True
524,Gradient boosting,train once,2008-08-25,190,2008-08-29 07:33:00,0,0.054392272125113786,False
525,Gradient boosting,train once,2008-08-25,190,2008-08-29 07:33:00,0,0.2413509428437114,False
526,Gradient boosting,train once,2008-08-25,190,2008-08-29 08:10:00,0,0.1778390556078641,False
527,Gradient boosting,train once,2008-08-25,190,2008-08-29 08:20:00,0,0.1629774556473024,False
528,Gradient boosting,train once,2008-08-25,190,2008-08-29 08:41:00,0,0.3440868586393749,True
529,Gradient boosting,train once,2008-08-25,190,2008-08-29 08:45:00,0,0.05240558399744458,False
530,Gradient boosting,train once,2008-08-25,190,2008-08-29 12:21:00,0,0.10402314718355103,False
531,Gradient boosting,train once,2008-08-25,190,2008-08-29 12:22:00,0,0.12331673315691385,False
532,Gradient boosting,train once,2008-08-25,190,2008-08-29 12:37:00,0,0.17103829424859857,False
533,Gradient boosting,train once,2008-08-25,190,2008-08-29 13:04:00,0,0.2965654664565606,False
534,Gradient boosting,train once,2008-08-25,190,2008-08-29 13:14:00,0,0.15660676724044176,False
535,Gradient boosting,train once,2008-08-25,190,2008-08-29 13:27:00,0,0.09131404395034781,False
536,Gradient boosting,train once,2008-08-25,190,2008-08-29 13:49:00,0,0.21255080538382365,False
537,Gradient boosting,train once,2008-08-25,190,2008-08-29 14:11:00,0,0.0629887390100173,False
538,Gradient boosting,train once,2008-08-25,190,2008-08-29 14:18:00,0,0.1321782822122346,False
539,Gradient boosting,train once,2008-08-25,190,2008-08-29 14:30:00,0,0.11780694317882409,False
540,Gradient boosting,train once,2008-08-25,190,2008-08-29 15:01:00,0,0.06331613445715333,False
541,Gradient boosting,train once,2008-08-25,190,2008-08-29 15:43:00,0,0.18715731170420988,False
542,Gradient boosting,train once,2008-08-25,190,2008-08-29 16:26:00,0,0.13611780139521157,False
543,Gradient boosting,train once,2008-08-25,190,2008-08-29 20:21:00,0,0.09681423571155387,False
544,Gradient boosting,train once,2008-08-25,190,2008-08-29 20:49:00,0,0.07223722208247976,False
545,Gradient boosting,train once,2008-08-25,190,2008-08-29 21:25:00,0,0.13277587427009777,False
546,Gradient boosting,train once,2008-08-25,190,2008-08-29 21:46:00,0,0.0876070939363681,False
547,Gradient boosting,train once,2008-08-25,190,2008-08-29 21:54:00,0,0.15176531256418416,False
548,Gradient boosting,train once,2008-08-25,190,2008-08-29 22:11:00,0,0.06274304965939084,False
549,Gradient boosting,train once,2008-08-25,190,2008-08-29 22:45:00,0,0.11162645305863346,False
550,Gradient boosting,train once,2008-08-25,190,2008-08-29 22:49:00,0,0.12382693350345565,False
551,Gradient boosting,train once,2008-08-25,190,2008-08-29 22:56:00,0,0.1416172016865103,False
552,Gradient boosting,train once,2008-08-25,190,2008-08-30 00:01:00,0,0.1073434692491576,False
553,Gradient boosting,train once,2008-08-25,190,2008-08-30 00:05:00,0,0.23053050194312857,False
554,Gradient boosting,train once,2008-08-25,190,2008-08-30 00:57:00,0,0.117049097112623,False
555,Gradient boosting,train once,2008-08-25,190,2008-08-30 01:29:00,0,0.05387906632698111,False
556,Gradient boosting,train once,2008-08-25,190,2008-08-30 02:08:00,0,0.19959944825962153,False
557,Gradient boosting,train once,2008-08-25,190,2008-08-30 02:22:00,0,0.1926962268428724,False
558,Gradient boosting,train once,2008-08-25,190,2008-08-30 02:32:00,0,0.23409804122456324,False
559,Gradient boosting,train once,2008-08-25,190,2008-08-30 02:39:00,0,0.12857208646201226,False
560,Gradient boosting,train once,2008-08-25,190,2008-08-30 02:50:00,0,0.053387021512542134,False
561,Gradient boosting,train once,2008-08-25,190,2008-08-30 03:10:00,0,0.07053846436519223,False
562,Gradient boosting,train once,2008-08-25,190,2008-08-30 04:20:00,0,0.12954424368445513,False
563,Gradient boosting,train once,2008-08-25,190,2008-08-30 04:24:00,0,0.15583525154163605,False
564,Gradient boosting,train once,2008-08-25,190,2008-08-30 04:55:00,0,0.1628465098422448,False
565,Gradient boosting,train once,2008-08-25,190,2008-08-30 05:05:00,0,0.08994101825950054,False
566,Gradient boosting,train once,2008-08-25,190,2008-08-30 05:05:00,0,0.07671624576197872,False
567,Gradient boosting,train once,2008-08-25,190,2008-08-30 05:38:00,0,0.06383783096602434,False
568,Gradient boosting,train once,2008-08-25,190,2008-08-30 05:51:00,0,0.10015155122568531,False
569,Gradient boosting,train once,2008-08-25,190,2008-08-30 07:50:00,0,0.3919548697539914,True
570,Gradient boosting,train once,2008-08-25,190,2008-08-30 07:54:00,0,0.10625396076558427,False
571,Gradient boosting,train once,2008-08-25,190,2008-08-30 08:10:00,0,0.12286592093325628,False
572,Gradient boosting,train once,2008-08-25,190,2008-08-30 08:29:00,0,0.34575062856921124,True
573,Gradient boosting,train once,2008-08-25,190,2008-08-30 08:42:00,0,0.06459766893806335,False
574,Gradient boosting,train once,2008-08-25,190,2008-08-30 08:53:00,0,0.10954833633319218,False
575,Gradient boosting,train once,2008-08-25,190,2008-08-30 09:13:00,0,0.15446682860124175,False
576,Gradient boosting,train once,2008-08-25,190,2008-08-30 09:37:00,0,0.19755081658075954,False
577,Gradient boosting,train once,2008-08-25,190,2008-08-30 09:45:00,1,0.2037350134424841,False
578,Gradient boosting,train once,2008-08-25,190,2008-08-30 10:15:00,0,0.36106518165457213,True
579,Gradient boosting,train once,2008-08-25,190,2008-08-30 10:16:00,0,0.19674083744201126,False
580,Gradient boosting,train once,2008-08-25,190,2008-08-30 11:12:00,0,0.10531534685886618,False
581,Gradient boosting,train once,2008-08-25,190,2008-08-30 11:14:00,0,0.15804689592120671,False
582,Gradient boosting,train once,2008-08-25,190,2008-08-30 11:18:00,0,0.22172673505703028,False
583,Gradient boosting,train once,2008-08-25,190,2008-08-30 11:57:00,0,0.18833110782162912,False
584,Gradient boosting,train once,2008-08-25,190,2008-08-30 14:10:00,1,0.24450615303061934,False
585,Gradient boosting,train once,2008-08-25,190,2008-08-30 14:23:00,0,0.15988645174267116,False
586,Gradient boosting,train once,2008-08-25,190,2008-08-30 14:37:00,0,0.06849871286672467,False
587,Gradient boosting,train once,2008-08-25,190,2008-08-30 15:06:00,0,0.09971687038860112,False
588,Gradient boosting,train once,2008-08-25,190,2008-08-30 15:16:00,0,0.18968402043292157,False
589,Gradient boosting,train once,2008-08-25,190,2008-08-30 15:37:00,0,0.32236060015916473,True
590,Gradient boosting,train once,2008-08-25,190,2008-08-30 15:50:00,0,0.2216065604135302,False
591,Gradient boosting,train once,2008-08-25,190,2008-08-30 15:57:00,0,0.20150921550743844,False
592,Gradient boosting,train once,2008-08-25,190,2008-08-30 16:24:00,0,0.13316739386934706,False
593,Gradient boosting,train once,2008-08-25,190,2008-08-30 17:05:00,0,0.06570478790482254,False
594,Gradient boosting,train once,2008-08-25,190,2008-08-30 17:49:00,0,0.2788963098559781,False
595,Gradient boosting,train once,2008-08-25,190,2008-08-30 19:21:00,0,0.1346231124991205,False
596,Gradient boosting,train once,2008-08-25,190,2008-08-30 19:27:00,0,0.08200214557726132,False
597,Gradient boosting,train once,2008-08-25,190,2008-08-30 20:11:00,0,0.10923428781759087,False
598,Gradient boosting,train once,2008-08-25,190,2008-08-30 20:53:00,0,0.10018459416523431,False
599,Gradient boosting,train once,2008-08-25,190,2008-08-30 21:53:00,0,0.1865467010380113,False
600,Gradient boosting,train once,2008-08-25,190,2008-08-30 23:51:00,0,0.2612666976502718,False
601,Gradient boosting,train once,2008-08-25,190,2008-08-31 02:57:00,0,0.18078032539779185,False
602,Gradient boosting,train once,2008-08-25,190,2008-08-31 04:46:00,1,0.04579606989613109,False
603,Gradient boosting,train once,2008-08-25,190,2008-08-31 05:05:00,0,0.41186298282261385,True
604,Gradient boosting,train once,2008-08-25,190,2008-08-31 09:11:00,0,0.050216846900030705,False
605,Gradient boosting,train once,2008-08-25,190,2008-08-31 10:36:00,0,0.15484366277704978,False
606,Gradient boosting,train once,2008-08-25,190,2008-08-31 10:59:00,1,0.1587338858715412,False
607,Gradient boosting,train once,2008-08-25,190,2008-08-31 10:59:00,0,0.15358007268974555,False
608,Gradient boosting,train once,2008-08-25,190,2008-08-31 11:03:00,0,0.10283429696511148,False
609,Gradient boosting,train once,2008-08-25,190,2008-08-31 15:09:00,0,0.04430119940939647,False
610,Gradient boosting,train once,2008-08-25,190,2008-08-31 15:13:00,0,0.1693058951556727,False
611,Gradient boosting,train once,2008-08-25,190,2008-08-31 16:32:00,0,0.09995988998320395,False
612,Gradient boosting,train once,2008-08-25,190,2008-08-31 20:24:00,0,0.13204518480810942,False
613,Gradient boosting,train once,2008-08-25,190,2008-08-31 21:04:00,0,0.13817182947645712,False
614,Gradient boosting,train once,2008-08-25,190,2008-08-31 21:46:00,0,0.2564305642099688,False
615,Gradient boosting,train once,2008-08-25,190,2008-08-31 21:58:00,0,0.08871505243895662,False
616,Gradient boosting,train once,2008-08-25,190,2008-08-31 22:32:00,0,0.14098327257845167,False
617,Gradient boosting,train once,2008-08-25,190,2008-08-31 22:48:00,0,0.1066992819804447,False
618,Gradient boosting,train once,2008-08-25,190,2008-08-31 22:57:00,0,0.06522873674474172,False
619,Gradient boosting,train once,2008-09-01,190,2008-09-01 00:01:00,0,0.2332545546596174,False
620,Gradient boosting,train once,2008-09-01,190,2008-09-01 00:39:00,0,0.20601058302616815,False
621,Gradient boosting,train once,2008-09-01,190,2008-09-01 00:45:00,0,0.1601586285148825,False
622,Gradient boosting,train once,2008-09-01,190,2008-09-01 00:53:00,0,0.09632257469253674,False
623,Gradient boosting,train once,2008-09-01,190,2008-09-01 05:29:00,0,0.10247297387869608,False
624,Gradient boosting,train once,2008-09-01,190,2008-09-01 05:32:00,0,0.0878286810321314,False
625,Gradient boosting,train once,2008-09-01,190,2008-09-01 06:12:00,0,0.07325637313861515,False
626,Gradient boosting,train once,2008-09-01,190,2008-09-01 06:21:00,0,0.14487741963065864,False
627,Gradient boosting,train once,2008-09-01,190,2008-09-01 06:52:00,0,0.18109945804637495,False
628,Gradient boosting,train once,2008-09-01,190,2008-09-01 08:18:00,0,0.1649288214902032,False
629,Gradient boosting,train once,2008-09-01,190,2008-09-01 09:06:00,0,0.07134461182676621,False
630,Gradient boosting,train once,2008-09-01,190,2008-09-01 09:19:00,0,0.056977592289733835,False
631,Gradient boosting,train once,2008-09-01,190,2008-09-01 09:54:00,0,0.48445618014480485,True
632,Gradient boosting,train once,2008-09-01,190,2008-09-01 10:57:00,0,0.07076012685709072,False
633,Gradient boosting,train once,2008-09-01,190,2008-09-01 11:40:00,0,0.09499130645262303,False
634,Gradient boosting,train once,2008-09-01,190,2008-09-01 16:20:00,0,0.17244585315748073,False
635,Gradient boosting,train once,2008-09-01,190,2008-09-01 19:54:00,1,0.15458293640876516,False
636,Gradient boosting,train once,2008-09-01,190,2008-09-01 20:51:00,0,0.08971033176987318,False
637,Gradient boosting,train once,2008-09-01,190,2008-09-01 22:05:00,0,0.17607207279940837,False
638,Gradient boosting,train once,2008-09-01,190,2008-09-01 23:05:00,0,0.15380288142826876,False
639,Gradient boosting,train once,2008-09-01,190,2008-09-01 23:19:00,0,0.118503583915037,False
640,Gradient boosting,train once,2008-09-01,190,2008-09-01 23:24:00,0,0.1605443109993207,False
641,Gradient boosting,train once,2008-09-01,190,2008-09-01 23:28:00,0,0.12472552120384305,False
642,Gradient boosting,train once,2008-09-01,190,2008-09-01 23:39:00,0,0.3605635586567317,True
643,Gradient boosting,train once,2008-09-01,190,2008-09-01 23:45:00,0,0.1355924177039181,False
644,Gradient boosting,train once,2008-09-01,190,2008-09-01 23:59:00,0,0.1144545245456447,False
645,Gradient boosting,train once,2008-09-01,190,2008-09-02 00:26:00,0,0.045738393309278626,False
646,Gradient boosting,train once,2008-09-01,190,2008-09-02 00:31:00,0,0.06627096835223777,False
647,Gradient boosting,train once,2008-09-01,190,2008-09-02 00:46:00,0,0.12316873033186829,False
648,Gradient boosting,train once,2008-09-01,190,2008-09-02 01:09:00,0,0.16167050921576098,False
649,Gradient boosting,train once,2008-09-01,190,2008-09-02 01:10:00,0,0.1140347349297901,False
650,Gradient boosting,train once,2008-09-01,190,2008-09-02 01:10:00,0,0.16568109394859584,False
651,Gradient boosting,train once,2008-09-01,190,2008-09-02 01:36:00,0,0.38863387686638623,True
652,Gradient boosting,train once,2008-09-01,190,2008-09-02 01:50:00,0,0.1253376817351553,False
653,Gradient boosting,train once,2008-09-01,190,2008-09-02 02:02:00,0,0.11435115780023024,False
654,Gradient boosting,train once,2008-09-01,190,2008-09-02 02:11:00,0,0.1019919819401703,False
655,Gradient boosting,train once,2008-09-01,190,2008-09-02 02:50:00,0,0.13174401947756664,False
656,Gradient boosting,train once,2008-09-01,190,2008-09-02 02:52:00,0,0.15796055403642478,False
657,Gradient boosting,train once,2008-09-01,190,2008-09-02 03:33:00,0,0.13679256607837337,False
658,Gradient boosting,train once,2008-09-01,190,2008-09-02 03:35:00,0,0.07209481861063201,False
659,Gradient boosting,train once,2008-09-01,190,2008-09-02 03:35:00,0,0.17254325809690568,False
660,Gradient boosting,train once,2008-09-01,190,2008-09-02 04:19:00,0,0.09107450692666871,False
661,Gradient boosting,train once,2008-09-01,190,2008-09-02 04:22:00,0,0.19019191695133647,False
662,Gradient boosting,train once,2008-09-01,190,2008-09-02 05:46:00,0,0.07830391709218197,False
663,Gradient boosting,train once,2008-09-01,190,2008-09-02 06:03:00,0,0.1290380868571541,False
664,Gradient boosting,train once,2008-09-01,190,2008-09-02 06:19:00,0,0.058646795539451506,False
665,Gradient boosting,train once,2008-09-01,190,2008-09-02 06:32:00,0,0.13757314163367232,False
666,Gradient boosting,train once,2008-09-01,190,2008-09-02 06:48:00,0,0.10392264803987111,False
667,Gradient boosting,train once,2008-09-01,190,2008-09-02 07:22:00,0,0.07614868562523801,False
668,Gradient boosting,train once,2008-09-01,190,2008-09-02 07:32:00,0,0.09122666316717963,False
669,Gradient boosting,train once,2008-09-01,190,2008-09-02 08:15:00,0,0.06370781985240477,False
670,Gradient boosting,train once,2008-09-01,190,2008-09-02 08:54:00,0,0.1155571445153218,False
671,Gradient boosting,train once,2008-09-01,190,2008-09-02 09:36:00,0,0.49985731822862817,True
672,Gradient boosting,train once,2008-09-01,190,2008-09-02 09:37:00,0,0.11808009696109761,False
673,Gradient boosting,train once,2008-09-01,190,2008-09-02 10:13:00,0,0.14065122498700047,False
674,Gradient boosting,train once,2008-09-01,190,2008-09-02 10:21:00,0,0.298637047024993,False
675,Gradient boosting,train once,2008-09-01,190,2008-09-02 10:25:00,0,0.08954268736621669,False
676,Gradient boosting,train once,2008-09-01,190,2008-09-02 10:33:00,0,0.10873032029673796,False
677,Gradient boosting,train once,2008-09-01,190,2008-09-02 11:08:00,0,0.21464978576373972,False
678,Gradient boosting,train once,2008-09-01,190,2008-09-02 11:22:00,0,0.2059320860126587,False
679,Gradient boosting,train once,2008-09-01,190,2008-09-02 11:47:00,0,0.07184666228602749,False
680,Gradient boosting,train once,2008-09-01,190,2008-09-02 11:49:00,0,0.10785309728139399,False
681,Gradient boosting,train once,2008-09-01,190,2008-09-02 12:01:00,0,0.1480192729321124,False
682,Gradient boosting,train once,2008-09-01,190,2008-09-02 12:17:00,0,0.08414723334420544,False
683,Gradient boosting,train once,2008-09-01,190,2008-09-02 12:26:00,0,0.10807869490874886,False
684,Gradient boosting,train once,2008-09-01,190,2008-09-02 12:30:00,0,0.06739128898198617,False
685,Gradient boosting,train once,2008-09-01,190,2008-09-02 12:44:00,0,0.11209532174551151,False
686,Gradient boosting,train once,2008-09-01,190,2008-09-02 13:05:00,0,0.07625709980346308,False
687,Gradient boosting,train once,2008-09-01,190,2008-09-02 13:08:00,0,0.10620359544836797,False
688,Gradient boosting,train once,2008-09-01,190,2008-09-02 13:27:00,0,0.08427122095408665,False
689,Gradient boosting,train once,2008-09-01,190,2008-09-02 13:40:00,0,0.16844405357878567,False
690,Gradient boosting,train once,2008-09-01,190,2008-09-02 14:09:00,0,0.061519246898365854,False
691,Gradient boosting,train once,2008-09-01,190,2008-09-02 14:21:00,0,0.24098747333311235,False
692,Gradient boosting,train once,2008-09-01,190,2008-09-02 14:34:00,0,0.1084004470493302,False
693,Gradient boosting,train once,2008-09-01,190,2008-09-02 15:29:00,0,0.21554102654222027,False
694,Gradient boosting,train once,2008-09-01,190,2008-09-02 16:10:00,0,0.07665082196185145,False
695,Gradient boosting,train once,2008-09-01,190,2008-09-02 16:50:00,0,0.16491898601437324,False
696,Gradient boosting,train once,2008-09-01,190,2008-09-02 16:54:00,0,0.5116424544944822,True
697,Gradient boosting,train once,2008-09-01,190,2008-09-02 16:58:00,0,0.15051683814537026,False
698,Gradient boosting,train once,2008-09-01,190,2008-09-02 17:10:00,0,0.08398653916126717,False
699,Gradient boosting,train once,2008-09-01,190,2008-09-02 17:18:00,0,0.2685098796554625,False
700,Gradient boosting,train once,2008-09-01,190,2008-09-02 18:38:00,0,0.05198802817455129,False
701,Gradient boosting,train once,2008-09-01,190,2008-09-02 18:52:00,0,0.04932604022182601,False
702,Gradient boosting,train once,2008-09-01,190,2008-09-02 19:18:00,0,0.18657900629539007,False
703,Gradient boosting,train once,2008-09-01,190,2008-09-02 20:18:00,0,0.07427554341438701,False
704,Gradient boosting,train once,2008-09-01,190,2008-09-02 20:52:00,0,0.2613875138038694,False
705,Gradient boosting,train once,2008-09-01,190,2008-09-02 20:58:00,0,0.22127135426865283,False
706,Gradient boosting,train once,2008-09-01,190,2008-09-02 20:59:00,0,0.09925156710741964,False
707,Gradient boosting,train once,2008-09-01,190,2008-09-03 00:18:00,0,0.2017201929102811,False
708,Gradient boosting,train once,2008-09-01,190,2008-09-03 00:45:00,0,0.125998478688091,False
709,Gradient boosting,train once,2008-09-01,190,2008-09-03 00:58:00,0,0.11530710769326465,False
710,Gradient boosting,train once,2008-09-01,190,2008-09-03 01:15:00,1,0.2169623055096286,False
711,Gradient boosting,train once,2008-09-01,190,2008-09-03 01:32:00,0,0.12522184970448358,False
712,Gradient boosting,train once,2008-09-01,190,2008-09-03 04:18:00,0,0.15489063582483092,False
713,Gradient boosting,train once,2008-09-01,190,2008-09-03 06:26:00,0,0.09753869816854402,False
714,Gradient boosting,train once,2008-09-01,190,2008-09-03 09:38:00,0,0.060437434030291406,False
715,Gradient boosting,train once,2008-09-01,190,2008-09-03 14:24:00,0,0.0863012712286411,False
716,Gradient boosting,train once,2008-09-01,190,2008-09-03 14:29:00,0,0.07460043675454257,False
717,Gradient boosting,train once,2008-09-01,190,2008-09-03 17:22:00,0,0.23351975944053838,False
718,Gradient boosting,train once,2008-09-01,190,2008-09-03 18:16:00,0,0.27804211678806634,False
719,Gradient boosting,train once,2008-09-01,190,2008-09-03 18:16:00,0,0.2400248349469544,False
720,Gradient boosting,train once,2008-09-01,190,2008-09-03 20:00:00,0,0.19170253477112362,False
721,Gradient boosting,train once,2008-09-01,190,2008-09-03 20:10:00,0,0.09591416650210638,False
722,Gradient boosting,train once,2008-09-01,190,2008-09-04 08:01:00,0,0.08211710780811281,False
723,Gradient boosting,train once,2008-09-01,190,2008-09-04 08:22:00,0,0.04777907950757009,False
724,Gradient boosting,train once,2008-09-01,190,2008-09-04 08:33:00,0,0.12960947298210296,False
725,Gradient boosting,train once,2008-09-01,190,2008-09-04 08:41:00,0,0.09821097158611453,False
726,Gradient boosting,train once,2008-09-01,190,2008-09-04 08:53:00,0,0.04726431555214341,False
727,Gradient boosting,train once,2008-09-01,190,2008-09-04 11:50:00,0,0.08908430021585982,False
728,Gradient boosting,train once,2008-09-01,190,2008-09-04 14:09:00,0,0.10808508478544555,False
729,Gradient boosting,train once,2008-09-01,190,2008-09-04 14:11:00,0,0.14200269825371142,False
730,Gradient boosting,train once,2008-09-01,190,2008-09-04 14:48:00,0,0.05690375098982882,False
731,Gradient boosting,train once,2008-09-01,190,2008-09-04 16:30:00,0,0.062074060339053674,False
732,Gradient boosting,train once,2008-09-01,190,2008-09-04 16:41:00,0,0.08703287604071441,False
733,Gradient boosting,train once,2008-09-01,190,2008-09-04 16:56:00,0,0.11439265802085893,False
734,Gradient boosting,train once,2008-09-01,190,2008-09-04 17:30:00,0,0.10180950160241715,False
735,Gradient boosting,train once,2008-09-01,190,2008-09-05 15:30:00,0,0.09115280060423696,False
736,Gradient boosting,train once,2008-09-01,190,2008-09-05 21:48:00,0,0.06628445071401624,False
737,Gradient boosting,train once,2008-09-01,190,2008-09-07 00:08:00,0,0.07730407897125408,False
738,Gradient boosting,train once,2008-09-01,190,2008-09-07 00:12:00,0,0.19086870393718416,False
739,Gradient boosting,train once,2008-09-01,190,2008-09-07 00:49:00,0,0.12927708188828674,False
740,Gradient boosting,train once,2008-09-01,190,2008-09-07 10:52:00,0,0.15692870579855558,False
741,Gradient boosting,train once,2008-09-01,190,2008-09-07 12:04:00,0,0.09859306213231571,False
742,Gradient boosting,train once,2008-09-01,190,2008-09-07 12:20:00,0,0.11899268731497596,False
743,Gradient boosting,train once,2008-09-01,190,2008-09-07 13:02:00,0,0.2931548621267633,False
744,Gradient boosting,train once,2008-09-01,190,2008-09-07 18:02:00,0,0.09188940066713591,False
745,Gradient boosting,train once,2008-09-01,190,2008-09-07 18:24:00,0,0.08168696043371639,False
746,Gradient boosting,train once,2008-09-01,190,2008-09-07 18:49:00,0,0.1756969553573994,False
747,Gradient boosting,train once,2008-09-01,190,2008-09-07 19:29:00,0,0.1476524438972427,False
748,Gradient boosting,train once,2008-09-01,190,2008-09-07 19:31:00,0,0.06928586176608091,False
749,Gradient boosting,train once,2008-09-01,190,2008-09-07 20:12:00,0,0.06134663728257625,False
750,Gradient boosting,train once,2008-09-01,190,2008-09-07 20:50:00,0,0.06999940854365522,False
751,Gradient boosting,train once,2008-09-01,190,2008-09-07 23:33:00,0,0.09823497868858283,False
752,Gradient boosting,train once,2008-09-08,190,2008-09-08 00:32:00,0,0.13711435109757317,False
753,Gradient boosting,train once,2008-09-08,190,2008-09-08 00:40:00,0,0.1194384510921338,False
754,Gradient boosting,train once,2008-09-08,190,2008-09-08 01:24:00,0,0.09289150108809847,False
755,Gradient boosting,train once,2008-09-08,190,2008-09-08 03:32:00,0,0.07880609830083905,False
756,Gradient boosting,train once,2008-09-08,190,2008-09-08 03:48:00,0,0.09757799022603586,False
757,Gradient boosting,train once,2008-09-08,190,2008-09-08 04:21:00,0,0.07825070151717209,False
758,Gradient boosting,train once,2008-09-08,190,2008-09-08 06:37:00,0,0.08210582469479741,False
759,Gradient boosting,train once,2008-09-08,190,2008-09-08 07:14:00,0,0.09237377683808187,False
760,Gradient boosting,train once,2008-09-08,190,2008-09-08 07:41:00,0,0.11055614766345016,False
761,Gradient boosting,train once,2008-09-08,190,2008-09-08 18:46:00,0,0.1405798440005643,False
762,Gradient boosting,train once,2008-09-08,190,2008-09-08 19:14:00,0,0.3460077672245521,True
763,Gradient boosting,train once,2008-09-08,190,2008-09-08 19:15:00,0,0.21421684700334256,False
764,Gradient boosting,train once,2008-09-08,190,2008-09-08 19:25:00,0,0.11837754480263718,False
765,Gradient boosting,train once,2008-09-08,190,2008-09-08 19:33:00,0,0.08471412311162221,False
766,Gradient boosting,train once,2008-09-08,190,2008-09-08 20:00:00,0,0.09555462305291701,False
767,Gradient boosting,train once,2008-09-08,190,2008-09-08 21:36:00,0,0.13784672404736387,False
768,Gradient boosting,train once,2008-09-08,190,2008-09-08 21:53:00,0,0.07636632270390689,False
769,Gradient boosting,train once,2008-09-08,190,2008-09-08 22:17:00,0,0.0789880858796523,False
770,Gradient boosting,train once,2008-09-08,190,2008-09-09 00:25:00,0,0.15931535453077572,False
771,Gradient boosting,train once,2008-09-08,190,2008-09-09 03:53:00,0,0.1200870553428425,False
772,Gradient boosting,train once,2008-09-08,190,2008-09-09 08:44:00,0,0.0512405208783854,False
773,Gradient boosting,train once,2008-09-08,190,2008-09-10 07:26:00,0,0.03279569245502785,False
774,Gradient boosting,train once,2008-09-08,190,2008-09-10 09:21:00,0,0.1176096924508269,False
775,Gradient boosting,train once,2008-09-08,190,2008-09-10 20:52:00,0,0.04334718520971217,False
776,Gradient boosting,train once,2008-09-08,190,2008-09-10 20:53:00,0,0.11741975929727484,False
777,Gradient boosting,train once,2008-09-08,190,2008-09-10 21:56:00,0,0.0799103333915307,False
778,Gradient boosting,train once,2008-09-08,190,2008-09-10 23:30:00,0,0.11239335896653539,False
779,Gradient boosting,train once,2008-09-08,190,2008-09-10 23:43:00,0,0.07629255130593435,False
780,Gradient boosting,train once,2008-09-08,190,2008-09-11 00:17:00,0,0.05028269515944912,False
781,Gradient boosting,train once,2008-09-08,190,2008-09-11 05:20:00,0,0.04222685581359734,False
782,Gradient boosting,train once,2008-09-08,190,2008-09-11 06:04:00,0,0.0737771251505722,False
783,Gradient boosting,train once,2008-09-08,190,2008-09-11 07:43:00,0,0.15909501008143892,False
784,Gradient boosting,train once,2008-09-08,190,2008-09-11 08:06:00,0,0.04657084640834146,False
785,Gradient boosting,train once,2008-09-08,190,2008-09-11 08:58:00,0,0.03836339275657393,False
786,Gradient boosting,train once,2008-09-08,190,2008-09-11 09:24:00,0,0.12745411853955793,False
787,Gradient boosting,train once,2008-09-08,190,2008-09-11 12:47:00,0,0.1259891310626078,False
788,Gradient boosting,train once,2008-09-08,190,2008-09-11 13:36:00,0,0.04732856852667079,False
789,Gradient boosting,train once,2008-09-08,190,2008-09-11 14:20:00,0,0.19187845287031305,False
790,Gradient boosting,train once,2008-09-08,190,2008-09-11 14:24:00,0,0.11911229725273279,False
791,Gradient boosting,train once,2008-09-08,190,2008-09-11 14:31:00,0,0.13290286043704513,False
792,Gradient boosting,train once,2008-09-08,190,2008-09-11 15:05:00,0,0.15779011369953608,False
793,Gradient boosting,train once,2008-09-08,190,2008-09-11 15:08:00,0,0.10149263137256022,False
794,Gradient boosting,train once,2008-09-08,190,2008-09-11 16:28:00,0,0.09510529181040464,False
795,Gradient boosting,train once,2008-09-08,190,2008-09-11 21:13:00,0,0.058402936166188746,False
796,Gradient boosting,train once,2008-09-08,190,2008-09-11 22:07:00,1,0.0552116185905005,False
797,Gradient boosting,train once,2008-09-08,190,2008-09-11 23:10:00,0,0.17168095306924797,False
798,Gradient boosting,train once,2008-09-08,190,2008-09-11 23:48:00,1,0.22274684107853934,False
799,Gradient boosting,train once,2008-09-08,190,2008-09-12 05:11:00,0,0.12704699453946217,False
800,Gradient boosting,train once,2008-09-08,190,2008-09-12 05:55:00,0,0.14087318827607304,False
801,Gradient boosting,train once,2008-09-08,190,2008-09-12 06:38:00,0,0.0687939876840773,False
802,Gradient boosting,train once,2008-09-08,190,2008-09-12 06:41:00,0,0.18598826062829754,False
803,Gradient boosting,train once,2008-09-08,190,2008-09-12 06:45:00,0,0.21125171724910435,False
804,Gradient boosting,train once,2008-09-08,190,2008-09-12 07:21:00,0,0.11099989295040852,False
805,Gradient boosting,train once,2008-09-08,190,2008-09-12 07:29:00,0,0.12416937093587065,False
806,Gradient boosting,train once,2008-09-08,190,2008-09-12 07:38:00,0,0.11573720273791019,False
807,Gradient boosting,train once,2008-09-08,190,2008-09-12 11:57:00,0,0.1199869305437667,False
808,Gradient boosting,train once,2008-09-08,190,2008-09-12 13:08:00,0,0.09661790578085488,False
809,Gradient boosting,train once,2008-09-08,190,2008-09-12 14:52:00,0,0.11243568335298498,False
810,Gradient boosting,train once,2008-09-08,190,2008-09-12 15:40:00,0,0.08867577777470068,False
811,Gradient boosting,train once,2008-09-08,190,2008-09-12 16:23:00,0,0.27557209283038825,False
812,Gradient boosting,train once,2008-09-08,190,2008-09-12 18:01:00,0,0.07555188985141413,False
813,Gradient boosting,train once,2008-09-08,190,2008-09-12 18:52:00,0,0.04904426383983579,False
814,Gradient boosting,train once,2008-09-08,190,2008-09-12 19:36:00,0,0.057712564057411986,False
815,Gradient boosting,train once,2008-09-08,190,2008-09-12 20:28:00,0,0.05207341607049647,False
816,Gradient boosting,train once,2008-09-08,190,2008-09-12 21:12:00,0,0.11809493447375147,False
817,Gradient boosting,train once,2008-09-08,190,2008-09-12 22:25:00,0,0.07301736098278236,False
818,Gradient boosting,train once,2008-09-08,190,2008-09-12 22:45:00,0,0.1805578826710357,False
819,Gradient boosting,train once,2008-09-08,190,2008-09-12 23:28:00,0,0.06022381221221037,False
820,Gradient boosting,train once,2008-09-08,190,2008-09-12 23:40:00,0,0.06693370355962124,False
821,Gradient boosting,train once,2008-09-08,190,2008-09-13 00:25:00,0,0.142528309757993,False
822,Gradient boosting,train once,2008-09-08,190,2008-09-13 02:57:00,0,0.07683904928521788,False
823,Gradient boosting,train once,2008-09-08,190,2008-09-13 03:14:00,0,0.07551776347352253,False
824,Gradient boosting,train once,2008-09-08,190,2008-09-13 09:19:00,0,0.06964418232381227,False
825,Gradient boosting,train once,2008-09-08,190,2008-09-13 10:55:00,0,0.24665377799494906,False
826,Gradient boosting,train once,2008-09-08,190,2008-09-13 11:42:00,0,0.2807077353697131,False
827,Gradient boosting,train once,2008-09-08,190,2008-09-13 11:56:00,1,0.09572918891217186,False
828,Gradient boosting,train once,2008-09-08,190,2008-09-13 12:48:00,0,0.16065791311721037,False
829,Gradient boosting,train once,2008-09-08,190,2008-09-13 14:07:00,0,0.08863941344989607,False
830,Gradient boosting,train once,2008-09-08,190,2008-09-13 16:04:00,0,0.1602802569960244,False
831,Gradient boosting,train once,2008-09-08,190,2008-09-13 16:04:00,0,0.13845453484948028,False
832,Gradient boosting,train once,2008-09-08,190,2008-09-13 20:06:00,1,0.278142134885756,False
833,Gradient boosting,train once,2008-09-08,190,2008-09-14 02:50:00,0,0.2508327849406754,False
834,Gradient boosting,train once,2008-09-08,190,2008-09-14 02:59:00,0,0.08147422085125464,False
835,Gradient boosting,train once,2008-09-08,190,2008-09-14 15:02:00,0,0.06872523261997328,False
836,Gradient boosting,train once,2008-09-08,190,2008-09-14 15:46:00,0,0.12582201240508187,False
837,Gradient boosting,train once,2008-09-08,190,2008-09-14 16:34:00,0,0.22881841091178343,False
838,Gradient boosting,train once,2008-09-08,190,2008-09-14 17:40:00,0,0.1408325107262729,False
839,Gradient boosting,train once,2008-09-08,190,2008-09-14 18:27:00,0,0.08670366781723103,False
840,Gradient boosting,train once,2008-09-08,190,2008-09-14 18:27:00,0,0.3665143779571905,True
841,Gradient boosting,train once,2008-09-08,190,2008-09-14 19:13:00,0,0.2992779795513926,False
842,Gradient boosting,train once,2008-09-08,190,2008-09-14 20:00:00,0,0.08989262797007483,False
843,Gradient boosting,train once,2008-09-08,190,2008-09-14 20:43:00,0,0.1371658837679263,False
844,Gradient boosting,train once,2008-09-08,190,2008-09-14 20:45:00,0,0.10679046076552096,False
845,Gradient boosting,train once,2008-09-08,190,2008-09-14 21:31:00,0,0.11036753993682877,False
846,Gradient boosting,train once,2008-09-08,190,2008-09-14 23:00:00,0,0.07176474156127119,False
847,Gradient boosting,train once,2008-09-15,190,2008-09-15 02:04:00,0,0.06835735238945631,False
848,Gradient boosting,train once,2008-09-15,190,2008-09-15 10:03:00,0,0.2606408225834656,False
849,Gradient boosting,train once,2008-09-15,190,2008-09-15 11:40:00,0,0.11042601519311702,False
850,Gradient boosting,train once,2008-09-15,190,2008-09-15 12:27:00,0,0.08133711827955904,False
851,Gradient boosting,train once,2008-09-15,190,2008-09-15 16:10:00,0,0.058093298536898035,False
852,Gradient boosting,train once,2008-09-15,190,2008-09-15 16:59:00,0,0.17402409842799177,False
853,Gradient boosting,train once,2008-09-15,190,2008-09-15 19:54:00,0,0.2893747220172432,False
854,Gradient boosting,train once,2008-09-15,190,2008-09-15 21:56:00,0,0.09730420090323039,False
855,Gradient boosting,train once,2008-09-15,190,2008-09-15 22:13:00,0,0.12873444495863892,False
856,Gradient boosting,train once,2008-09-15,190,2008-09-15 22:45:00,0,0.06392732609526014,False
857,Gradient boosting,train once,2008-09-15,190,2008-09-15 22:54:00,0,0.27682080457013286,False
858,Gradient boosting,train once,2008-09-15,190,2008-09-15 23:37:00,0,0.06450421370189659,False
859,Gradient boosting,train once,2008-09-15,190,2008-09-16 07:39:00,0,0.21450464749362083,False
860,Gradient boosting,train once,2008-09-15,190,2008-09-16 07:48:00,0,0.25211237335666015,False
861,Gradient boosting,train once,2008-09-15,190,2008-09-16 08:50:00,0,0.0644066182247369,False
862,Gradient boosting,train once,2008-09-15,190,2008-09-16 08:52:00,0,0.05694637500851261,False
863,Gradient boosting,train once,2008-09-15,190,2008-09-16 09:37:00,0,0.22253112594305205,False
864,Gradient boosting,train once,2008-09-15,190,2008-09-16 17:07:00,0,0.1265829561562697,False
865,Gradient boosting,train once,2008-09-15,190,2008-09-16 18:09:00,0,0.23758338869205575,False
866,Gradient boosting,train once,2008-09-15,190,2008-09-16 18:23:00,0,0.1993810085856072,False
867,Gradient boosting,train once,2008-09-15,190,2008-09-16 19:34:00,0,0.18677677341859902,False
868,Gradient boosting,train once,2008-09-15,190,2008-09-16 19:45:00,0,0.09768179484612169,False
869,Gradient boosting,train once,2008-09-15,190,2008-09-16 21:21:00,0,0.11420120715249761,False
870,Gradient boosting,train once,2008-09-15,190,2008-09-16 22:45:00,0,0.1305982505197684,False
871,Gradient boosting,train once,2008-09-15,190,2008-09-17 02:01:00,0,0.1381472220695238,False
872,Gradient boosting,train once,2008-09-15,190,2008-09-17 04:23:00,1,0.19091415591112434,False
873,Gradient boosting,train once,2008-09-15,190,2008-09-17 07:14:00,0,0.09800354349819337,False
874,Gradient boosting,train once,2008-09-15,190,2008-09-17 07:28:00,0,0.10810199599028564,False
875,Gradient boosting,train once,2008-09-15,190,2008-09-17 21:52:00,0,0.21511907491127735,False
876,Gradient boosting,train once,2008-09-15,190,2008-09-18 00:57:00,0,0.09961258767182748,False
877,Gradient boosting,train once,2008-09-15,190,2008-09-18 01:40:00,0,0.22618709815487936,False
878,Gradient boosting,train once,2008-09-15,190,2008-09-18 01:43:00,0,0.07446415476716049,False
879,Gradient boosting,train once,2008-09-15,190,2008-09-18 02:01:00,0,0.07767705259816667,False
880,Gradient boosting,train once,2008-09-15,190,2008-09-18 03:58:00,0,0.11351255922918407,False
881,Gradient boosting,train once,2008-09-15,190,2008-09-18 03:58:00,0,0.1134210889130729,False
882,Gradient boosting,train once,2008-09-15,190,2008-09-18 05:44:00,0,0.1179736653253054,False
883,Gradient boosting,train once,2008-09-15,190,2008-09-18 05:58:00,0,0.07661937123735026,False
884,Gradient boosting,train once,2008-09-15,190,2008-09-18 08:04:00,0,0.0632620594883554,False
885,Gradient boosting,train once,2008-09-15,190,2008-09-18 10:48:00,0,0.11453231530425247,False
886,Gradient boosting,train once,2008-09-15,190,2008-09-18 13:48:00,0,0.05729545666521126,False
887,Gradient boosting,train once,2008-09-15,190,2008-09-18 17:22:00,0,0.14233295283582476,False
888,Gradient boosting,train once,2008-09-15,190,2008-09-18 18:12:00,0,0.06488470913056697,False
889,Gradient boosting,train once,2008-09-15,190,2008-09-18 18:56:00,0,0.0992791101177184,False
890,Gradient boosting,train once,2008-09-15,190,2008-09-18 21:12:00,0,0.05884359366901446,False
891,Gradient boosting,train once,2008-09-15,190,2008-09-18 21:56:00,0,0.10786801159879095,False
892,Gradient boosting,train once,2008-09-15,190,2008-09-18 23:00:00,0,0.13494765122301508,False
893,Gradient boosting,train once,2008-09-15,190,2008-09-18 23:05:00,0,0.08809290750999114,False
894,Gradient boosting,train once,2008-09-15,190,2008-09-18 23:44:00,0,0.12128286765096016,False
895,Gradient boosting,train once,2008-09-15,190,2008-09-19 00:30:00,0,0.1737403588145326,False
896,Gradient boosting,train once,2008-09-15,190,2008-09-19 01:57:00,0,0.2257174732315424,False
897,Gradient boosting,train once,2008-09-15,190,2008-09-19 02:44:00,0,0.05945182445847236,False
898,Gradient boosting,train once,2008-09-15,190,2008-09-19 04:42:00,0,0.2005353423585892,False
899,Gradient boosting,train once,2008-09-15,190,2008-09-19 05:33:00,0,0.15312914663014332,False
900,Gradient boosting,train once,2008-09-15,190,2008-09-19 05:57:00,0,0.11483688032448405,False
901,Gradient boosting,train once,2008-09-15,190,2008-09-19 06:01:00,0,0.05973994323305115,False
902,Gradient boosting,train once,2008-09-15,190,2008-09-19 06:44:00,0,0.04858044978361296,False
903,Gradient boosting,train once,2008-09-15,190,2008-09-19 07:14:00,0,0.18014114699095848,False
904,Gradient boosting,train once,2008-09-15,190,2008-09-19 07:18:00,0,0.09178688134922926,False
905,Gradient boosting,train once,2008-09-15,190,2008-09-19 08:08:00,0,0.3329291844722364,True
906,Gradient boosting,train once,2008-09-15,190,2008-09-19 08:52:00,0,0.2219789607031361,False
907,Gradient boosting,train once,2008-09-15,190,2008-09-19 09:12:00,0,0.2352778928263614,False
908,Gradient boosting,train once,2008-09-15,190,2008-09-19 09:47:00,0,0.11284477381532564,False
909,Gradient boosting,train once,2008-09-15,190,2008-09-19 10:45:00,0,0.24117119752449953,False
910,Gradient boosting,train once,2008-09-15,190,2008-09-19 11:13:00,0,0.3662459223361506,True
911,Gradient boosting,train once,2008-09-15,190,2008-09-19 11:54:00,0,0.18723369745978224,False
912,Gradient boosting,train once,2008-09-15,190,2008-09-19 13:59:00,0,0.06013568721089187,False
913,Gradient boosting,train once,2008-09-15,190,2008-09-19 15:31:00,0,0.11799744833207722,False
914,Gradient boosting,train once,2008-09-15,190,2008-09-19 16:40:00,0,0.12682969101856892,False
915,Gradient boosting,train once,2008-09-15,190,2008-09-19 16:58:00,1,0.11957487130782131,False
916,Gradient boosting,train once,2008-09-15,190,2008-09-19 17:47:00,0,0.03587452171537706,False
917,Gradient boosting,train once,2008-09-15,190,2008-09-19 18:11:00,0,0.11321713160426386,False
918,Gradient boosting,train once,2008-09-15,190,2008-09-19 18:33:00,0,0.08125107003907096,False
919,Gradient boosting,train once,2008-09-15,190,2008-09-19 19:18:00,0,0.06538594587664534,False
920,Gradient boosting,train once,2008-09-15,190,2008-09-19 19:29:00,0,0.0680783588804821,False
921,Gradient boosting,train once,2008-09-15,190,2008-09-19 20:05:00,0,0.3314175893477887,True
922,Gradient boosting,train once,2008-09-15,190,2008-09-19 20:07:00,0,0.18290581441310605,False
923,Gradient boosting,train once,2008-09-15,190,2008-09-19 20:10:00,0,0.05774022160063498,False
924,Gradient boosting,train once,2008-09-15,190,2008-09-19 20:17:00,0,0.19350269434500594,False
925,Gradient boosting,train once,2008-09-15,190,2008-09-19 20:19:00,1,0.10617983093938115,False
926,Gradient boosting,train once,2008-09-15,190,2008-09-19 21:08:00,0,0.10869974043190368,False
927,Gradient boosting,train once,2008-09-15,190,2008-09-19 21:09:00,1,0.12599363613198317,False
928,Gradient boosting,train once,2008-09-15,190,2008-09-19 21:13:00,0,0.0929896887676035,False
929,Gradient boosting,train once,2008-09-15,190,2008-09-19 21:14:00,0,0.07832387205648633,False
930,Gradient boosting,train once,2008-09-15,190,2008-09-19 21:59:00,1,0.20690927192443315,False
931,Gradient boosting,train once,2008-09-15,190,2008-09-19 23:26:00,0,0.06119370355952916,False
932,Gradient boosting,train once,2008-09-15,190,2008-09-19 23:33:00,0,0.062347991634466436,False
933,Gradient boosting,train once,2008-09-15,190,2008-09-20 00:18:00,0,0.05600962850954388,False
934,Gradient boosting,train once,2008-09-15,190,2008-09-20 00:33:00,0,0.06290436961598564,False
935,Gradient boosting,train once,2008-09-15,190,2008-09-20 03:58:00,0,0.06394672380799384,False
936,Gradient boosting,train once,2008-09-15,190,2008-09-20 04:13:00,0,0.08425399029646037,False
937,Gradient boosting,train once,2008-09-15,190,2008-09-20 04:28:00,0,0.06615008504865776,False
938,Gradient boosting,train once,2008-09-15,190,2008-09-20 05:22:00,0,0.06663218874190131,False
939,Gradient boosting,train once,2008-09-15,190,2008-09-20 05:25:00,0,0.12142992635078262,False
940,Gradient boosting,train once,2008-09-15,190,2008-09-20 05:34:00,0,0.09105531425006036,False
941,Gradient boosting,train once,2008-09-15,190,2008-09-20 06:08:00,0,0.05024301512852139,False
942,Gradient boosting,train once,2008-09-15,190,2008-09-20 07:21:00,0,0.22143675334401927,False
943,Gradient boosting,train once,2008-09-15,190,2008-09-20 08:14:00,0,0.09882333023108678,False
944,Gradient boosting,train once,2008-09-15,190,2008-09-20 10:51:00,0,0.20402736590888276,False
945,Gradient boosting,train once,2008-09-15,190,2008-09-20 11:18:00,0,0.2384344166941699,False
946,Gradient boosting,train once,2008-09-15,190,2008-09-20 12:20:00,0,0.06379783256080705,False
947,Gradient boosting,train once,2008-09-15,190,2008-09-20 12:26:00,0,0.17322644868520895,False
948,Gradient boosting,train once,2008-09-15,190,2008-09-20 12:27:00,0,0.08225173968900369,False
949,Gradient boosting,train once,2008-09-15,190,2008-09-20 12:36:00,0,0.11862551360771476,False
950,Gradient boosting,train once,2008-09-15,190,2008-09-20 12:57:00,0,0.12021683360327916,False
951,Gradient boosting,train once,2008-09-15,190,2008-09-20 14:00:00,0,0.08899679739031384,False
952,Gradient boosting,train once,2008-09-15,190,2008-09-20 14:06:00,0,0.11411622774380743,False
953,Gradient boosting,train once,2008-09-15,190,2008-09-20 14:42:00,0,0.10565044434288108,False
954,Gradient boosting,train once,2008-09-15,190,2008-09-20 14:50:00,0,0.04995290242400588,False
955,Gradient boosting,train once,2008-09-15,190,2008-09-20 14:53:00,0,0.09340195600951151,False
956,Gradient boosting,train once,2008-09-15,190,2008-09-20 15:02:00,0,0.09309397293235484,False
957,Gradient boosting,train once,2008-09-15,190,2008-09-20 15:19:00,0,0.1848491089735613,False
958,Gradient boosting,train once,2008-09-15,190,2008-09-20 15:37:00,0,0.15465800941635424,False
959,Gradient boosting,train once,2008-09-15,190,2008-09-20 15:46:00,0,0.15754418413370855,False
960,Gradient boosting,train once,2008-09-15,190,2008-09-20 16:43:00,0,0.0632046619561523,False
961,Gradient boosting,train once,2008-09-15,190,2008-09-20 16:44:00,0,0.054784519159478566,False
962,Gradient boosting,train once,2008-09-15,190,2008-09-20 17:26:00,0,0.049686443250415026,False
963,Gradient boosting,train once,2008-09-15,190,2008-09-20 17:29:00,0,0.059667898138084055,False
964,Gradient boosting,train once,2008-09-15,190,2008-09-20 18:03:00,0,0.14664300340836725,False
965,Gradient boosting,train once,2008-09-15,190,2008-09-20 18:21:00,0,0.08327619047905735,False
966,Gradient boosting,train once,2008-09-15,190,2008-09-20 18:56:00,0,0.13935699235288931,False
967,Gradient boosting,train once,2008-09-15,190,2008-09-20 19:14:00,0,0.23347579012939404,False
968,Gradient boosting,train once,2008-09-15,190,2008-09-20 19:21:00,0,0.0706827516767387,False
969,Gradient boosting,train once,2008-09-15,190,2008-09-20 23:34:00,0,0.12358029295091322,False
970,Gradient boosting,train once,2008-09-15,190,2008-09-21 00:48:00,0,0.17131422994520523,False
971,Gradient boosting,train once,2008-09-15,190,2008-09-21 01:06:00,0,0.15400626738292156,False
972,Gradient boosting,train once,2008-09-15,190,2008-09-21 02:07:00,0,0.058512781637053986,False
973,Gradient boosting,train once,2008-09-15,190,2008-09-21 03:04:00,0,0.06517850980686755,False
974,Gradient boosting,train once,2008-09-15,190,2008-09-21 03:47:00,0,0.31675391735532826,False
975,Gradient boosting,train once,2008-09-15,190,2008-09-21 04:17:00,0,0.11031213761535054,False
976,Gradient boosting,train once,2008-09-15,190,2008-09-21 04:49:00,0,0.052910103240118626,False
977,Gradient boosting,train once,2008-09-15,190,2008-09-21 07:30:00,0,0.1656424052062715,False
978,Gradient boosting,train once,2008-09-15,190,2008-09-21 07:55:00,0,0.2634973764174524,False
979,Gradient boosting,train once,2008-09-15,190,2008-09-21 08:22:00,0,0.03796487506078397,False
980,Gradient boosting,train once,2008-09-15,190,2008-09-21 08:49:00,0,0.09433012910893147,False
981,Gradient boosting,train once,2008-09-15,190,2008-09-21 09:16:00,0,0.046313023518236456,False
982,Gradient boosting,train once,2008-09-15,190,2008-09-21 09:31:00,0,0.08830523142002375,False
983,Gradient boosting,train once,2008-09-15,190,2008-09-21 10:07:00,0,0.0594073176793594,False
984,Gradient boosting,train once,2008-09-15,190,2008-09-21 10:49:00,0,0.11454883651393888,False
985,Gradient boosting,train once,2008-09-15,190,2008-09-21 11:33:00,0,0.07647928438647333,False
986,Gradient boosting,train once,2008-09-15,190,2008-09-21 12:04:00,0,0.0998948870231018,False
987,Gradient boosting,train once,2008-09-15,190,2008-09-21 14:30:00,0,0.08292634789814513,False
988,Gradient boosting,train once,2008-09-15,190,2008-09-21 14:31:00,0,0.07135794900917387,False
989,Gradient boosting,train once,2008-09-15,190,2008-09-21 14:33:00,0,0.08906594176014992,False
990,Gradient boosting,train once,2008-09-15,190,2008-09-21 15:15:00,0,0.13403051433111637,False
991,Gradient boosting,train once,2008-09-15,190,2008-09-21 15:26:00,0,0.15274970668534432,False
992,Gradient boosting,train once,2008-09-15,190,2008-09-21 15:34:00,0,0.21785484431515403,False
993,Gradient boosting,train once,2008-09-15,190,2008-09-21 16:43:00,0,0.08721130227481662,False
994,Gradient boosting,train once,2008-09-15,190,2008-09-21 17:26:00,0,0.1445439061724476,False
995,Gradient boosting,train once,2008-09-15,190,2008-09-21 17:30:00,0,0.09512706391520882,False
996,Gradient boosting,train once,2008-09-15,190,2008-09-21 18:12:00,0,0.0912367328791633,False
997,Gradient boosting,train once,2008-09-15,190,2008-09-21 19:19:00,0,0.23148503402885695,False
998,Gradient boosting,train once,2008-09-15,190,2008-09-21 20:35:00,0,0.03097453404240895,False
999,Gradient boosting,train once,2008-09-15,190,2008-09-21 21:54:00,0,0.13742842300917385,False
1000,Gradient boosting,train once,2008-09-15,190,2008-09-21 22:02:00,0,0.06328646309389376,False
1001,Gradient boosting,train once,2008-09-22,190,2008-09-22 00:12:00,0,0.08865368650750545,False
1002,Gradient boosting,train once,2008-09-22,190,2008-09-22 00:28:00,0,0.08910189403298255,False
1003,Gradient boosting,train once,2008-09-22,190,2008-09-22 00:47:00,0,0.11321609825864869,False
1004,Gradient boosting,train once,2008-09-22,190,2008-09-22 01:43:00,0,0.1387767756106508,False
1005,Gradient boosting,train once,2008-09-22,190,2008-09-22 03:51:00,0,0.04820022417477657,False
1006,Gradient boosting,train once,2008-09-22,190,2008-09-22 06:05:00,0,0.19990454725381573,False
1007,Gradient boosting,train once,2008-09-22,190,2008-09-22 07:12:00,0,0.04628024930495453,False
1008,Gradient boosting,train once,2008-09-22,190,2008-09-22 10:43:00,0,0.1557526830827579,False
1009,Gradient boosting,train once,2008-09-22,190,2008-09-22 11:50:00,0,0.12210359144239431,False
1010,Gradient boosting,train once,2008-09-22,190,2008-09-22 12:11:00,0,0.08206038631008253,False
1011,Gradient boosting,train once,2008-09-22,190,2008-09-22 12:45:00,0,0.42182914989030645,True
1012,Gradient boosting,train once,2008-09-22,190,2008-09-22 13:03:00,0,0.048301210743619045,False
1013,Gradient boosting,train once,2008-09-22,190,2008-09-22 14:24:00,0,0.1495180906478283,False
1014,Gradient boosting,train once,2008-09-22,190,2008-09-22 14:27:00,0,0.0455174843117462,False
1015,Gradient boosting,train once,2008-09-22,190,2008-09-22 14:36:00,0,0.07781738756933505,False
1016,Gradient boosting,train once,2008-09-22,190,2008-09-22 16:25:00,0,0.08357410212449197,False
1017,Gradient boosting,train once,2008-09-22,190,2008-09-22 21:30:00,0,0.08433914125062236,False
1018,Gradient boosting,train once,2008-09-22,190,2008-09-22 21:31:00,0,0.04988902316564118,False
1019,Gradient boosting,train once,2008-09-22,190,2008-09-22 22:15:00,0,0.06196978017526465,False
1020,Gradient boosting,train once,2008-09-22,190,2008-09-22 22:17:00,0,0.04966383086311275,False
1021,Gradient boosting,train once,2008-09-22,190,2008-09-22 23:01:00,0,0.23917794133127906,False
1022,Gradient boosting,train once,2008-09-22,190,2008-09-22 23:10:00,0,0.09747368420609902,False
1023,Gradient boosting,train once,2008-09-22,190,2008-09-23 00:57:00,0,0.1392252161317555,False
1024,Gradient boosting,train once,2008-09-22,190,2008-09-23 06:44:00,0,0.05586503080156221,False
1025,Gradient boosting,train once,2008-09-22,190,2008-09-23 06:44:00,0,0.04564376752054088,False
1026,Gradient boosting,train once,2008-09-22,190,2008-09-23 06:52:00,0,0.09956348463552113,False
1027,Gradient boosting,train once,2008-09-22,190,2008-09-23 07:58:00,0,0.09842077683526636,False
1028,Gradient boosting,train once,2008-09-22,190,2008-09-23 08:11:00,0,0.047200185036114096,False
1029,Gradient boosting,train once,2008-09-22,190,2008-09-23 09:43:00,0,0.13258672906774907,False
1030,Gradient boosting,train once,2008-09-22,190,2008-09-23 11:14:00,1,0.12745228873399406,False
1031,Gradient boosting,train once,2008-09-22,190,2008-09-23 11:42:00,0,0.06731230884242634,False
1032,Gradient boosting,train once,2008-09-22,190,2008-09-23 11:43:00,0,0.0940058523997389,False
1033,Gradient boosting,train once,2008-09-22,190,2008-09-23 12:29:00,0,0.2944575027511393,False
1034,Gradient boosting,train once,2008-09-22,190,2008-09-23 12:31:00,0,0.06538407894182388,False
1035,Gradient boosting,train once,2008-09-22,190,2008-09-23 12:46:00,0,0.07619741836081895,False
1036,Gradient boosting,train once,2008-09-22,190,2008-09-23 13:37:00,0,0.15492026104724052,False
1037,Gradient boosting,train once,2008-09-22,190,2008-09-23 15:23:00,0,0.09626406204530046,False
1038,Gradient boosting,train once,2008-09-22,190,2008-09-23 15:33:00,0,0.09072631147154524,False
1039,Gradient boosting,train once,2008-09-22,190,2008-09-23 15:58:00,0,0.1279972747615541,False
1040,Gradient boosting,train once,2008-09-22,190,2008-09-23 18:10:00,0,0.1039518783190014,False
1041,Gradient boosting,train once,2008-09-22,190,2008-09-23 18:36:00,0,0.04633075541780067,False
1042,Gradient boosting,train once,2008-09-22,190,2008-09-23 18:56:00,0,0.11036220265548322,False
1043,Gradient boosting,train once,2008-09-22,190,2008-09-23 20:18:00,0,0.08920207331256093,False
1044,Gradient boosting,train once,2008-09-22,190,2008-09-23 20:59:00,0,0.08686906782396842,False
1045,Gradient boosting,train once,2008-09-22,190,2008-09-23 21:26:00,0,0.09214982129070544,False
1046,Gradient boosting,train once,2008-09-22,190,2008-09-23 22:25:00,0,0.19882586464820845,False
1047,Gradient boosting,train once,2008-09-22,190,2008-09-24 02:19:00,0,0.13417809893991295,False
1048,Gradient boosting,train once,2008-09-22,190,2008-09-24 02:44:00,0,0.07394901900075718,False
1049,Gradient boosting,train once,2008-09-22,190,2008-09-24 03:32:00,0,0.09784026245804034,False
1050,Gradient boosting,train once,2008-09-22,190,2008-09-24 03:40:00,0,0.07543248642640521,False
1051,Gradient boosting,train once,2008-09-22,190,2008-09-24 05:13:00,0,0.0628145289430512,False
1052,Gradient boosting,train once,2008-09-22,190,2008-09-24 05:22:00,0,0.15483655942147886,False
1053,Gradient boosting,train once,2008-09-22,190,2008-09-24 06:13:00,0,0.1325348138997384,False
1054,Gradient boosting,train once,2008-09-22,190,2008-09-24 06:14:00,0,0.0691254086940542,False
1055,Gradient boosting,train once,2008-09-22,190,2008-09-24 07:23:00,0,0.09142415236646056,False
1056,Gradient boosting,train once,2008-09-22,190,2008-09-24 10:10:00,0,0.20878531479014453,False
1057,Gradient boosting,train once,2008-09-22,190,2008-09-24 10:53:00,0,0.08894224653919543,False
1058,Gradient boosting,train once,2008-09-22,190,2008-09-24 10:59:00,0,0.07877843631618411,False
1059,Gradient boosting,train once,2008-09-22,190,2008-09-24 11:47:00,0,0.10189382295587247,False
1060,Gradient boosting,train once,2008-09-22,190,2008-09-24 12:04:00,0,0.08750683053909665,False
1061,Gradient boosting,train once,2008-09-22,190,2008-09-24 12:35:00,0,0.10077356478383548,False
1062,Gradient boosting,train once,2008-09-22,190,2008-09-24 13:01:00,0,0.13639788720359058,False
1063,Gradient boosting,train once,2008-09-22,190,2008-09-24 15:05:00,1,0.05211337403050251,False
1064,Gradient boosting,train once,2008-09-22,190,2008-09-24 15:39:00,0,0.15214454231396896,False
1065,Gradient boosting,train once,2008-09-22,190,2008-09-24 15:42:00,0,0.1372922707521157,False
1066,Gradient boosting,train once,2008-09-22,190,2008-09-24 15:43:00,0,0.10140696707980229,False
1067,Gradient boosting,train once,2008-09-22,190,2008-09-24 16:26:00,0,0.16544241184840608,False
1068,Gradient boosting,train once,2008-09-22,190,2008-09-24 17:54:00,0,0.11674758968828175,False
1069,Gradient boosting,train once,2008-09-22,190,2008-09-24 18:05:00,0,0.19615750371422533,False
1070,Gradient boosting,train once,2008-09-22,190,2008-09-25 01:05:00,0,0.21271743379663494,False
1071,Gradient boosting,train once,2008-09-22,190,2008-09-25 02:03:00,0,0.08564220387165317,False
1072,Gradient boosting,train once,2008-09-22,190,2008-09-25 06:21:00,0,0.1082702613438394,False
1073,Gradient boosting,train once,2008-09-22,190,2008-09-25 07:12:00,0,0.05065553981027977,False
1074,Gradient boosting,train once,2008-09-22,190,2008-09-25 07:58:00,0,0.04691835930140425,False
1075,Gradient boosting,train once,2008-09-22,190,2008-09-25 08:45:00,0,0.10549236572965118,False
1076,Gradient boosting,train once,2008-09-22,190,2008-09-25 09:31:00,0,0.1290614737571207,False
1077,Gradient boosting,train once,2008-09-22,190,2008-09-25 10:23:00,0,0.07764508295665735,False
1078,Gradient boosting,train once,2008-09-22,190,2008-09-25 11:08:00,0,0.051692788668895776,False
1079,Gradient boosting,train once,2008-09-22,190,2008-09-25 11:09:00,0,0.11102942528400885,False
1080,Gradient boosting,train once,2008-09-22,190,2008-09-25 11:55:00,0,0.037158950400411804,False
1081,Gradient boosting,train once,2008-09-22,190,2008-09-25 13:42:00,0,0.059092118137576394,False
1082,Gradient boosting,train once,2008-09-22,190,2008-09-25 14:08:00,0,0.09857909525944128,False
1083,Gradient boosting,train once,2008-09-22,190,2008-09-25 14:28:00,0,0.10120072112693428,False
1084,Gradient boosting,train once,2008-09-22,190,2008-09-25 15:12:00,0,0.0683133011765815,False
1085,Gradient boosting,train once,2008-09-22,190,2008-09-25 15:40:00,0,0.2566899966406822,False
1086,Gradient boosting,train once,2008-09-22,190,2008-09-25 15:55:00,0,0.15804774867492483,False
1087,Gradient boosting,train once,2008-09-22,190,2008-09-25 16:44:00,0,0.09140878989557456,False
1088,Gradient boosting,train once,2008-09-22,190,2008-09-25 17:28:00,0,0.06388812114069473,False
1089,Gradient boosting,train once,2008-09-22,190,2008-09-25 17:29:00,0,0.11939565136020515,False
1090,Gradient boosting,train once,2008-09-22,190,2008-09-25 19:49:00,0,0.08023914397432037,False
1091,Gradient boosting,train once,2008-09-22,190,2008-09-25 22:05:00,0,0.05035636421441166,False
1092,Gradient boosting,train once,2008-09-22,190,2008-09-25 23:04:00,0,0.0737814059656205,False
1093,Gradient boosting,train once,2008-09-22,190,2008-09-25 23:48:00,0,0.06738469752181851,False
1094,Gradient boosting,train once,2008-09-22,190,2008-09-26 00:19:00,0,0.0927918326399223,False
1095,Gradient boosting,train once,2008-09-22,190,2008-09-26 01:21:00,0,0.09998481989525293,False
1096,Gradient boosting,train once,2008-09-22,190,2008-09-26 02:26:00,0,0.07246376395472226,False
1097,Gradient boosting,train once,2008-09-22,190,2008-09-26 03:12:00,0,0.059045424682565614,False
1098,Gradient boosting,train once,2008-09-22,190,2008-09-26 03:29:00,0,0.07551945124589647,False
1099,Gradient boosting,train once,2008-09-22,190,2008-09-26 04:14:00,0,0.05534291272549042,False
1100,Gradient boosting,train once,2008-09-22,190,2008-09-26 05:32:00,0,0.12344438838999908,False
1101,Gradient boosting,train once,2008-09-22,190,2008-09-26 11:08:00,0,0.08634289216749073,False
1102,Gradient boosting,train once,2008-09-22,190,2008-09-26 13:36:00,0,0.06309608890519844,False
1103,Gradient boosting,train once,2008-09-22,190,2008-09-26 13:45:00,0,0.18823356804811947,False
1104,Gradient boosting,train once,2008-09-22,190,2008-09-26 14:20:00,0,0.07484861216387981,False
1105,Gradient boosting,train once,2008-09-22,190,2008-09-26 14:51:00,0,0.15373051091074502,False
1106,Gradient boosting,train once,2008-09-22,190,2008-09-26 15:06:00,0,0.0753471403709653,False
1107,Gradient boosting,train once,2008-09-22,190,2008-09-26 15:36:00,0,0.0657909750491102,False
1108,Gradient boosting,train once,2008-09-22,190,2008-09-26 15:49:00,0,0.09604356343799259,False
1109,Gradient boosting,train once,2008-09-22,190,2008-09-26 16:31:00,0,0.07782872098180214,False
1110,Gradient boosting,train once,2008-09-22,190,2008-09-26 17:59:00,0,0.07951944510210282,False
1111,Gradient boosting,train once,2008-09-22,190,2008-09-26 18:54:00,0,0.10333522923347936,False
1112,Gradient boosting,train once,2008-09-22,190,2008-09-26 19:38:00,0,0.18937756539361955,False
1113,Gradient boosting,train once,2008-09-22,190,2008-09-26 19:45:00,0,0.07581634060826824,False
1114,Gradient boosting,train once,2008-09-22,190,2008-09-26 19:55:00,0,0.16682722938793645,False
1115,Gradient boosting,train once,2008-09-22,190,2008-09-26 20:23:00,0,0.15054867887628148,False
1116,Gradient boosting,train once,2008-09-22,190,2008-09-26 20:31:00,0,0.07218538415539866,False
1117,Gradient boosting,train once,2008-09-22,190,2008-09-27 00:16:00,0,0.09693641504953986,False
1118,Gradient boosting,train once,2008-09-22,190,2008-09-27 00:17:00,0,0.12041369607537729,False
1119,Gradient boosting,train once,2008-09-22,190,2008-09-27 01:29:00,0,0.07704837443208673,False
1120,Gradient boosting,train once,2008-09-22,190,2008-09-27 03:53:00,0,0.055115393281816166,False
1121,Gradient boosting,train once,2008-09-22,190,2008-09-27 10:10:00,0,0.1415772732604782,False
1122,Gradient boosting,train once,2008-09-22,190,2008-09-27 10:13:00,0,0.07832116225604037,False
1123,Gradient boosting,train once,2008-09-22,190,2008-09-27 11:04:00,0,0.07120865828530222,False
1124,Gradient boosting,train once,2008-09-22,190,2008-09-27 11:45:00,0,0.08788209424018964,False
1125,Gradient boosting,train once,2008-09-22,190,2008-09-27 11:54:00,0,0.09601940674911351,False
1126,Gradient boosting,train once,2008-09-22,190,2008-09-27 12:26:00,0,0.06694886159048176,False
1127,Gradient boosting,train once,2008-09-22,190,2008-09-27 12:28:00,0,0.06693995812565832,False
1128,Gradient boosting,train once,2008-09-22,190,2008-09-27 12:36:00,0,0.06486489286582209,False
1129,Gradient boosting,train once,2008-09-22,190,2008-09-27 13:14:00,0,0.04168927957942726,False
1130,Gradient boosting,train once,2008-09-22,190,2008-09-27 13:19:00,0,0.08842371208428366,False
1131,Gradient boosting,train once,2008-09-22,190,2008-09-27 14:01:00,0,0.1435425483645506,False
1132,Gradient boosting,train once,2008-09-22,190,2008-09-27 14:05:00,0,0.2049311283016057,False
1133,Gradient boosting,train once,2008-09-22,190,2008-09-27 14:46:00,0,0.14880906014330442,False
1134,Gradient boosting,train once,2008-09-22,190,2008-09-27 15:09:00,0,0.27047136311582837,False
1135,Gradient boosting,train once,2008-09-22,190,2008-09-27 15:30:00,0,0.05474646286654476,False
1136,Gradient boosting,train once,2008-09-22,190,2008-09-27 16:13:00,0,0.06107660784135556,False
1137,Gradient boosting,train once,2008-09-22,190,2008-09-27 17:26:00,0,0.08522284880097677,False
1138,Gradient boosting,train once,2008-09-22,190,2008-09-27 18:14:00,0,0.10416255315564688,False
1139,Gradient boosting,train once,2008-09-22,190,2008-09-27 19:16:00,0,0.07326083391318325,False
1140,Gradient boosting,train once,2008-09-22,190,2008-09-27 20:46:00,0,0.09338868946600286,False
1141,Gradient boosting,train once,2008-09-22,190,2008-09-27 21:45:00,0,0.09626948509523522,False
1142,Gradient boosting,train once,2008-09-22,190,2008-09-28 00:51:00,0,0.11995539117311368,False
1143,Gradient boosting,train once,2008-09-22,190,2008-09-28 01:22:00,0,0.09948500090688105,False
1144,Gradient boosting,train once,2008-09-22,190,2008-09-28 03:55:00,0,0.03966563996354835,False
1145,Gradient boosting,train once,2008-09-22,190,2008-09-28 04:45:00,1,0.11963513125444226,False
1146,Gradient boosting,train once,2008-09-22,190,2008-09-28 05:31:00,0,0.1020280008700774,False
1147,Gradient boosting,train once,2008-09-22,190,2008-09-28 06:22:00,0,0.2712000412331162,False
1148,Gradient boosting,train once,2008-09-22,190,2008-09-28 07:38:00,0,0.3097778126897327,False
1149,Gradient boosting,train once,2008-09-22,190,2008-09-28 07:52:00,0,0.09097643282774631,False
1150,Gradient boosting,train once,2008-09-22,190,2008-09-28 08:40:00,0,0.06996816773142331,False
1151,Gradient boosting,train once,2008-09-22,190,2008-09-28 08:41:00,0,0.05302075760446073,False
1152,Gradient boosting,train once,2008-09-22,190,2008-09-28 09:50:00,1,0.1951111571250582,False
1153,Gradient boosting,train once,2008-09-22,190,2008-09-28 17:05:00,0,0.06048973885905435,False
1154,Gradient boosting,train once,2008-09-22,190,2008-09-28 17:06:00,0,0.30810578300931735,False
1155,Gradient boosting,train once,2008-09-22,190,2008-09-28 17:49:00,0,0.09037223306643359,False
1156,Gradient boosting,train once,2008-09-22,190,2008-09-28 17:55:00,0,0.07637776753244044,False
1157,Gradient boosting,train once,2008-09-22,190,2008-09-28 18:34:00,0,0.13564599079019152,False
1158,Gradient boosting,train once,2008-09-22,190,2008-09-28 18:43:00,0,0.07374495002743839,False
1159,Gradient boosting,train once,2008-09-22,190,2008-09-28 19:18:00,0,0.17970014205262333,False
1160,Gradient boosting,train once,2008-09-22,190,2008-09-28 19:29:00,0,0.12321528710511083,False
1161,Gradient boosting,train once,2008-09-22,190,2008-09-28 20:02:00,0,0.06972117269553808,False
1162,Gradient boosting,train once,2008-09-22,190,2008-09-28 20:42:00,0,0.06307825635022604,False
1163,Gradient boosting,train once,2008-09-22,190,2008-09-28 21:08:00,0,0.2543218521617633,False
1164,Gradient boosting,train once,2008-09-22,190,2008-09-28 21:27:00,0,0.12774126470713196,False
1165,Gradient boosting,train once,2008-09-22,190,2008-09-28 22:44:00,0,0.07494640083855718,False
1166,Gradient boosting,train once,2008-09-22,190,2008-09-28 23:54:00,0,0.07919192841742664,False
1167,Gradient boosting,train once,2008-09-29,190,2008-09-29 02:06:00,0,0.04254579685701791,False
1168,Gradient boosting,train once,2008-09-29,190,2008-09-29 03:07:00,0,0.05283409056335123,False
1169,Gradient boosting,train once,2008-09-29,190,2008-09-29 03:50:00,0,0.04260169724223053,False
1170,Gradient boosting,train once,2008-09-29,190,2008-09-29 04:18:00,0,0.15586219481127295,False
1171,Gradient boosting,train once,2008-09-29,190,2008-09-29 04:47:00,0,0.13735884324810094,False
1172,Gradient boosting,train once,2008-09-29,190,2008-09-29 05:32:00,0,0.18232178005769312,False
1173,Gradient boosting,train once,2008-09-29,190,2008-09-29 07:53:00,0,0.08741424943740478,False
1174,Gradient boosting,train once,2008-09-29,190,2008-09-29 09:15:00,0,0.10509917242012984,False
1175,Gradient boosting,train once,2008-09-29,190,2008-09-29 11:13:00,0,0.10474820123408296,False
1176,Gradient boosting,train once,2008-09-29,190,2008-09-29 11:53:00,0,0.1355732447321325,False
1177,Gradient boosting,train once,2008-09-29,190,2008-09-29 12:25:00,0,0.10307274814032459,False
1178,Gradient boosting,train once,2008-09-29,190,2008-09-29 14:03:00,0,0.08809538658487069,False
1179,Gradient boosting,train once,2008-09-29,190,2008-09-29 14:04:00,0,0.16507819983672045,False
1180,Gradient boosting,train once,2008-09-29,190,2008-09-29 14:08:00,0,0.093313352314546,False
1181,Gradient boosting,train once,2008-09-29,190,2008-09-29 15:09:00,0,0.04071983156810725,False
1182,Gradient boosting,train once,2008-09-29,190,2008-09-29 15:16:00,0,0.25219265256957285,False
1183,Gradient boosting,train once,2008-09-29,190,2008-09-29 16:27:00,0,0.07458411486637052,False
1184,Gradient boosting,train once,2008-09-29,190,2008-09-29 17:21:00,0,0.09902541216834473,False
1185,Gradient boosting,train once,2008-09-29,190,2008-09-29 21:26:00,0,0.05777439928059967,False
1186,Gradient boosting,train once,2008-09-29,190,2008-09-29 21:48:00,1,0.12516162606571643,False
1187,Gradient boosting,train once,2008-09-29,190,2008-09-29 22:13:00,0,0.10218466861356956,False
1188,Gradient boosting,train once,2008-09-29,190,2008-09-30 01:33:00,0,0.1683520693673075,False
1189,Gradient boosting,train once,2008-09-29,190,2008-09-30 01:36:00,0,0.0681776068507808,False
1190,Gradient boosting,train once,2008-09-29,190,2008-09-30 02:44:00,1,0.11770947524421367,False
1191,Gradient boosting,train once,2008-09-29,190,2008-09-30 04:01:00,0,0.1172906934880276,False
1192,Gradient boosting,train once,2008-09-29,190,2008-09-30 04:42:00,0,0.06632063957261165,False
1193,Gradient boosting,train once,2008-09-29,190,2008-09-30 08:44:00,0,0.15040514601370358,False
1194,Gradient boosting,train once,2008-09-29,190,2008-09-30 12:31:00,0,0.13150628742439444,False
1195,Gradient boosting,train once,2008-09-29,190,2008-09-30 13:29:00,0,0.19257650176496466,False
1196,Gradient boosting,train once,2008-09-29,190,2008-09-30 14:20:00,0,0.08443382934391203,False
1197,Gradient boosting,train once,2008-09-29,190,2008-09-30 14:36:00,0,0.29891624507937553,False
1198,Gradient boosting,train once,2008-09-29,190,2008-09-30 15:16:00,0,0.15214795218682955,False
1199,Gradient boosting,train once,2008-09-29,190,2008-09-30 15:26:00,0,0.058345406128158424,False
1200,Gradient boosting,train once,2008-09-29,190,2008-09-30 16:13:00,0,0.10224651262024141,False
1201,Gradient boosting,train once,2008-09-29,190,2008-09-30 16:50:00,0,0.12333074608151776,False
1202,Gradient boosting,train once,2008-09-29,190,2008-09-30 17:27:00,0,0.042791335547998466,False
1203,Gradient boosting,train once,2008-09-29,190,2008-09-30 19:17:00,0,0.1199120848967422,False
1204,Gradient boosting,train once,2008-09-29,190,2008-09-30 19:17:00,0,0.09302321200775368,False
1205,Gradient boosting,train once,2008-09-29,190,2008-09-30 21:39:00,0,0.1189541810375785,False
1206,Gradient boosting,train once,2008-09-29,190,2008-09-30 21:42:00,0,0.17784432710232245,False
1207,Gradient boosting,train once,2008-09-29,190,2008-09-30 23:34:00,0,0.07177652386048985,False
1208,Gradient boosting,train once,2008-09-29,190,2008-09-30 23:58:00,0,0.10194626042570562,False
1209,Gradient boosting,train once,2008-09-29,190,2008-10-01 00:20:00,0,0.10298052173620992,False
1210,Gradient boosting,train once,2008-09-29,190,2008-10-01 01:11:00,0,0.09706023878573612,False
1211,Gradient boosting,train once,2008-09-29,190,2008-10-01 02:53:00,0,0.21620696568268277,False
1212,Gradient boosting,train once,2008-09-29,190,2008-10-01 05:56:00,1,0.10639863893552429,False
1213,Gradient boosting,train once,2008-09-29,190,2008-10-01 07:19:00,0,0.09146639975122921,False
1214,Gradient boosting,train once,2008-09-29,190,2008-10-01 07:28:00,0,0.05516396986389918,False
1215,Gradient boosting,train once,2008-09-29,190,2008-10-01 08:15:00,0,0.10888170963661134,False
1216,Gradient boosting,train once,2008-09-29,190,2008-10-01 09:15:00,0,0.05131449098982634,False
1217,Gradient boosting,train once,2008-09-29,190,2008-10-01 09:16:00,0,0.07330721310979355,False
1218,Gradient boosting,train once,2008-09-29,190,2008-10-01 14:22:00,0,0.10370783577093125,False
1219,Gradient boosting,train once,2008-09-29,190,2008-10-01 15:16:00,0,0.17541816061225604,False
1220,Gradient boosting,train once,2008-09-29,190,2008-10-01 16:43:00,0,0.1962955268820335,False
1221,Gradient boosting,train once,2008-09-29,190,2008-10-01 19:57:00,0,0.09900502301336295,False
1222,Gradient boosting,train once,2008-09-29,190,2008-10-01 21:15:00,0,0.08249711533091533,False
1223,Gradient boosting,train once,2008-09-29,190,2008-10-01 21:50:00,0,0.27878252397536435,False
1224,Gradient boosting,train once,2008-09-29,190,2008-10-01 22:47:00,0,0.08326282164502644,False
1225,Gradient boosting,train once,2008-09-29,190,2008-10-01 23:34:00,0,0.28135537970826147,False
1226,Gradient boosting,train once,2008-09-29,190,2008-10-02 00:21:00,0,0.20106789771553382,False
1227,Gradient boosting,train once,2008-09-29,190,2008-10-02 00:22:00,0,0.23069738732911077,False
1228,Gradient boosting,train once,2008-09-29,190,2008-10-02 03:17:00,1,0.07725762703606524,False
1229,Gradient boosting,train once,2008-09-29,190,2008-10-02 03:27:00,0,0.10542724871749382,False
1230,Gradient boosting,train once,2008-09-29,190,2008-10-02 04:11:00,0,0.12939550089129154,False
1231,Gradient boosting,train once,2008-09-29,190,2008-10-02 04:23:00,0,0.09394389711586366,False
1232,Gradient boosting,train once,2008-09-29,190,2008-10-02 04:24:00,0,0.06948165869478447,False
1233,Gradient boosting,train once,2008-09-29,190,2008-10-02 06:49:00,0,0.08434890724932084,False
1234,Gradient boosting,train once,2008-09-29,190,2008-10-02 07:35:00,0,0.23666579661756412,False
1235,Gradient boosting,train once,2008-09-29,190,2008-10-02 07:58:00,0,0.059004096375661286,False
1236,Gradient boosting,train once,2008-09-29,190,2008-10-02 08:24:00,0,0.25276085341672894,False
1237,Gradient boosting,train once,2008-09-29,190,2008-10-02 08:52:00,0,0.07923861947635799,False
1238,Gradient boosting,train once,2008-09-29,190,2008-10-02 08:57:00,0,0.06070117710518482,False
1239,Gradient boosting,train once,2008-09-29,190,2008-10-02 09:10:00,1,0.0640747761719968,False
1240,Gradient boosting,train once,2008-09-29,190,2008-10-02 09:42:00,0,0.08455366078332151,False
1241,Gradient boosting,train once,2008-09-29,190,2008-10-02 10:03:00,0,0.462857363099924,True
1242,Gradient boosting,train once,2008-09-29,190,2008-10-02 14:07:00,1,0.0848551535003522,False
1243,Gradient boosting,train once,2008-09-29,190,2008-10-02 14:10:00,1,0.10112089164049479,False
1244,Gradient boosting,train once,2008-09-29,190,2008-10-02 14:54:00,0,0.14237750099206398,False
1245,Gradient boosting,train once,2008-09-29,190,2008-10-02 15:10:00,0,0.16362011236514182,False
1246,Gradient boosting,train once,2008-09-29,190,2008-10-02 15:44:00,0,0.10961014364991298,False
1247,Gradient boosting,train once,2008-09-29,190,2008-10-02 15:58:00,0,0.3246904317835258,True
1248,Gradient boosting,train once,2008-09-29,190,2008-10-02 16:32:00,0,0.047770807153856225,False
1249,Gradient boosting,train once,2008-09-29,190,2008-10-02 16:58:00,0,0.145614951794696,False
1250,Gradient boosting,train once,2008-09-29,190,2008-10-02 17:00:00,0,0.16414772426551502,False
1251,Gradient boosting,train once,2008-09-29,190,2008-10-02 17:19:00,0,0.09533651584806194,False
1252,Gradient boosting,train once,2008-09-29,190,2008-10-02 19:21:00,0,0.0636261189494781,False
1253,Gradient boosting,train once,2008-09-29,190,2008-10-02 19:25:00,0,0.21775975936716715,False
1254,Gradient boosting,train once,2008-09-29,190,2008-10-02 20:54:00,0,0.058641030368637735,False
1255,Gradient boosting,train once,2008-09-29,190,2008-10-02 21:32:00,1,0.3883023232343723,True
1256,Gradient boosting,train once,2008-09-29,190,2008-10-02 21:33:00,0,0.23726360317420966,False
1257,Gradient boosting,train once,2008-09-29,190,2008-10-02 22:23:00,0,0.10493907394331521,False
1258,Gradient boosting,train once,2008-09-29,190,2008-10-02 22:33:00,0,0.20941357923800966,False
1259,Gradient boosting,train once,2008-09-29,190,2008-10-02 23:32:00,0,0.061718023385654686,False
1260,Gradient boosting,train once,2008-09-29,190,2008-10-02 23:32:00,0,0.13171014942711032,False
1261,Gradient boosting,train once,2008-09-29,190,2008-10-03 00:24:00,0,0.14358648065742452,False
1262,Gradient boosting,train once,2008-09-29,190,2008-10-03 00:55:00,0,0.10032918117456081,False
1263,Gradient boosting,train once,2008-09-29,190,2008-10-03 02:41:00,0,0.1250406899726284,False
1264,Gradient boosting,train once,2008-09-29,190,2008-10-03 03:52:00,0,0.08760653755030304,False
1265,Gradient boosting,train once,2008-09-29,190,2008-10-03 03:56:00,0,0.059049007945604665,False
1266,Gradient boosting,train once,2008-09-29,190,2008-10-03 04:49:00,0,0.07145884362451882,False
1267,Gradient boosting,train once,2008-09-29,190,2008-10-03 05:01:00,0,0.1298660237400531,False
1268,Gradient boosting,train once,2008-09-29,190,2008-10-03 05:45:00,0,0.10890005257919057,False
1269,Gradient boosting,train once,2008-09-29,190,2008-10-03 06:15:00,0,0.11572762901988984,False
1270,Gradient boosting,train once,2008-09-29,190,2008-10-03 08:35:00,0,0.11137472013371816,False
1271,Gradient boosting,train once,2008-09-29,190,2008-10-03 09:30:00,0,0.062077646463239655,False
1272,Gradient boosting,train once,2008-09-29,190,2008-10-03 11:40:00,0,0.05696583958280689,False
1273,Gradient boosting,train once,2008-09-29,190,2008-10-03 12:31:00,0,0.15879875303946706,False
1274,Gradient boosting,train once,2008-09-29,190,2008-10-03 18:45:00,0,0.06960444172454584,False
1275,Gradient boosting,train once,2008-09-29,190,2008-10-03 19:23:00,0,0.056824087582165485,False
1276,Gradient boosting,train once,2008-09-29,190,2008-10-03 19:23:00,0,0.0971995368641802,False
1277,Gradient boosting,train once,2008-09-29,190,2008-10-03 20:11:00,0,0.05658479290422999,False
1278,Gradient boosting,train once,2008-09-29,190,2008-10-03 20:26:00,0,0.045496894477448854,False
1279,Gradient boosting,train once,2008-09-29,190,2008-10-03 20:35:00,0,0.07990098606640178,False
1280,Gradient boosting,train once,2008-09-29,190,2008-10-03 20:46:00,0,0.11235511981468423,False
1281,Gradient boosting,train once,2008-09-29,190,2008-10-03 21:15:00,0,0.10840930718872206,False
1282,Gradient boosting,train once,2008-09-29,190,2008-10-03 21:52:00,0,0.1411197922846546,False
1283,Gradient boosting,train once,2008-09-29,190,2008-10-03 22:08:00,0,0.1463823494608671,False
1284,Gradient boosting,train once,2008-09-29,190,2008-10-03 22:53:00,0,0.2417799698960965,False
1285,Gradient boosting,train once,2008-09-29,190,2008-10-03 23:46:00,0,0.09372839483180688,False
1286,Gradient boosting,train once,2008-09-29,190,2008-10-04 00:58:00,0,0.10481910327284605,False
1287,Gradient boosting,train once,2008-09-29,190,2008-10-04 01:49:00,0,0.09749174556107496,False
1288,Gradient boosting,train once,2008-09-29,190,2008-10-04 02:36:00,0,0.05536284369541835,False
1289,Gradient boosting,train once,2008-09-29,190,2008-10-04 03:53:00,0,0.07634542242736328,False
1290,Gradient boosting,train once,2008-09-29,190,2008-10-04 04:12:00,0,0.06705968896830546,False
1291,Gradient boosting,train once,2008-09-29,190,2008-10-04 04:45:00,0,0.13050799978016647,False
1292,Gradient boosting,train once,2008-09-29,190,2008-10-04 09:29:00,0,0.058177169886880126,False
1293,Gradient boosting,train once,2008-09-29,190,2008-10-04 15:16:00,0,0.10685344416171755,False
1294,Gradient boosting,train once,2008-09-29,190,2008-10-04 16:58:00,0,0.06033644464467549,False
1295,Gradient boosting,train once,2008-09-29,190,2008-10-04 18:15:00,0,0.07065523577901225,False
1296,Gradient boosting,train once,2008-09-29,190,2008-10-04 18:25:00,0,0.09371656168033304,False
1297,Gradient boosting,train once,2008-09-29,190,2008-10-04 18:59:00,0,0.1284229509477574,False
1298,Gradient boosting,train once,2008-09-29,190,2008-10-04 19:12:00,0,0.07180214197842355,False
1299,Gradient boosting,train once,2008-09-29,190,2008-10-04 19:47:00,0,0.129809237024381,False
1300,Gradient boosting,train once,2008-09-29,190,2008-10-04 19:54:00,0,0.19518063520359855,False
1301,Gradient boosting,train once,2008-09-29,190,2008-10-04 20:39:00,0,0.13876281742941984,False
1302,Gradient boosting,train once,2008-09-29,190,2008-10-04 22:06:00,0,0.06050426957931641,False
1303,Gradient boosting,train once,2008-09-29,190,2008-10-04 23:18:00,1,0.047298576280755705,False
1304,Gradient boosting,train once,2008-09-29,190,2008-10-05 00:33:00,1,0.17790831606871632,False
1305,Gradient boosting,train once,2008-09-29,190,2008-10-05 00:33:00,0,0.075293917759421,False
1306,Gradient boosting,train once,2008-09-29,190,2008-10-05 01:35:00,0,0.04275936362452253,False
1307,Gradient boosting,train once,2008-09-29,190,2008-10-05 04:01:00,0,0.12122787807782048,False
1308,Gradient boosting,train once,2008-09-29,190,2008-10-05 04:20:00,0,0.12739604635500812,False
1309,Gradient boosting,train once,2008-09-29,190,2008-10-05 04:48:00,0,0.07615854432634146,False
1310,Gradient boosting,train once,2008-09-29,190,2008-10-05 05:31:00,0,0.13271396279372435,False
1311,Gradient boosting,train once,2008-09-29,190,2008-10-05 05:53:00,0,0.09495059579115307,False
1312,Gradient boosting,train once,2008-09-29,190,2008-10-05 06:15:00,0,0.112436762447757,False
1313,Gradient boosting,train once,2008-09-29,190,2008-10-05 08:02:00,0,0.2543292504680814,False
1314,Gradient boosting,train once,2008-09-29,190,2008-10-05 08:40:00,0,0.09070017601990767,False
1315,Gradient boosting,train once,2008-09-29,190,2008-10-05 09:04:00,0,0.06505418736257498,False
1316,Gradient boosting,train once,2008-09-29,190,2008-10-05 09:47:00,0,0.14091339156487176,False
1317,Gradient boosting,train once,2008-09-29,190,2008-10-05 10:00:00,0,0.08248285813383774,False
1318,Gradient boosting,train once,2008-09-29,190,2008-10-05 10:43:00,0,0.10971896459932032,False
1319,Gradient boosting,train once,2008-09-29,190,2008-10-05 11:05:00,0,0.05062905669696262,False
1320,Gradient boosting,train once,2008-09-29,190,2008-10-05 11:30:00,0,0.10910637468397066,False
1321,Gradient boosting,train once,2008-09-29,190,2008-10-05 12:03:00,0,0.08950932707614723,False
1322,Gradient boosting,train once,2008-09-29,190,2008-10-05 12:17:00,0,0.2127945018921115,False
1323,Gradient boosting,train once,2008-09-29,190,2008-10-05 13:49:00,0,0.1929188136261463,False
1324,Gradient boosting,train once,2008-09-29,190,2008-10-05 14:34:00,0,0.0616620452767054,False
1325,Gradient boosting,train once,2008-09-29,190,2008-10-05 15:30:00,1,0.03515852349380988,False
1326,Gradient boosting,train once,2008-09-29,190,2008-10-05 15:35:00,1,0.08787759709553529,False
1327,Gradient boosting,train once,2008-09-29,190,2008-10-05 16:15:00,0,0.07176675741495099,False
1328,Gradient boosting,train once,2008-09-29,190,2008-10-05 16:37:00,1,0.10471459354756231,False
1329,Gradient boosting,train once,2008-09-29,190,2008-10-05 16:49:00,1,0.25284680854986974,False
1330,Gradient boosting,train once,2008-09-29,190,2008-10-05 18:46:00,1,0.10185429741114632,False
1331,Gradient boosting,train once,2008-09-29,190,2008-10-05 18:59:00,0,0.1435666887772836,False
1332,Gradient boosting,train once,2008-09-29,190,2008-10-05 19:45:00,0,0.11142827948265428,False
1333,Gradient boosting,train once,2008-09-29,190,2008-10-05 20:12:00,0,0.08818758198714813,False
1334,Gradient boosting,train once,2008-09-29,190,2008-10-05 20:30:00,0,0.13381486169693318,False
1335,Gradient boosting,train once,2008-09-29,190,2008-10-05 22:13:00,0,0.21567027712720085,False
1336,Gradient boosting,train once,2008-10-06,190,2008-10-06 00:41:00,0,0.07407670719515166,False
1337,Gradient boosting,train once,2008-10-06,190,2008-10-06 01:25:00,0,0.14816878342692508,False
1338,Gradient boosting,train once,2008-10-06,190,2008-10-06 01:27:00,0,0.14452869252541456,False
1339,Gradient boosting,train once,2008-10-06,190,2008-10-06 01:30:00,0,0.07879218180848116,False
1340,Gradient boosting,train once,2008-10-06,190,2008-10-06 02:44:00,0,0.10749329346185464,False
1341,Gradient boosting,train once,2008-10-06,190,2008-10-06 02:49:00,0,0.11474571352923081,False
1342,Gradient boosting,train once,2008-10-06,190,2008-10-06 03:31:00,0,0.07437432424766408,False
1343,Gradient boosting,train once,2008-10-06,190,2008-10-06 03:50:00,1,0.05842327086363997,False
1344,Gradient boosting,train once,2008-10-06,190,2008-10-06 03:57:00,1,0.06526219889364897,False
1345,Gradient boosting,train once,2008-10-06,190,2008-10-06 04:26:00,0,0.09470309914155321,False
1346,Gradient boosting,train once,2008-10-06,190,2008-10-06 05:21:00,0,0.13926398528988443,False
1347,Gradient boosting,train once,2008-10-06,190,2008-10-06 05:24:00,0,0.05682025351032152,False
1348,Gradient boosting,train once,2008-10-06,190,2008-10-06 06:11:00,0,0.2757116856086416,False
1349,Gradient boosting,train once,2008-10-06,190,2008-10-06 06:26:00,0,0.054000044529562245,False
1350,Gradient boosting,train once,2008-10-06,190,2008-10-06 06:49:00,0,0.12750620552010242,False
1351,Gradient boosting,train once,2008-10-06,190,2008-10-06 07:12:00,0,0.06488754157400539,False
1352,Gradient boosting,train once,2008-10-06,190,2008-10-06 07:17:00,0,0.0911233464511456,False
1353,Gradient boosting,train once,2008-10-06,190,2008-10-06 07:35:00,0,0.06200959510915059,False
1354,Gradient boosting,train once,2008-10-06,190,2008-10-06 07:38:00,0,0.15826433711240942,False
1355,Gradient boosting,train once,2008-10-06,190,2008-10-06 08:24:00,0,0.08492707534198961,False
1356,Gradient boosting,train once,2008-10-06,190,2008-10-06 08:57:00,0,0.07081742841182768,False
1357,Gradient boosting,train once,2008-10-06,190,2008-10-06 09:11:00,0,0.1110308353778737,False
1358,Gradient boosting,train once,2008-10-06,190,2008-10-06 09:57:00,0,0.18975070718091086,False
1359,Gradient boosting,train once,2008-10-06,190,2008-10-06 10:07:00,0,0.0753144279607649,False
1360,Gradient boosting,train once,2008-10-06,190,2008-10-06 11:51:00,0,0.07053796988460033,False
1361,Gradient boosting,train once,2008-10-06,190,2008-10-06 12:39:00,0,0.04409595971175877,False
1362,Gradient boosting,train once,2008-10-06,190,2008-10-06 12:42:00,0,0.14217779788406856,False
1363,Gradient boosting,train once,2008-10-06,190,2008-10-06 13:08:00,0,0.1285768367681832,False
1364,Gradient boosting,train once,2008-10-06,190,2008-10-06 13:38:00,1,0.1036927457482517,False
1365,Gradient boosting,train once,2008-10-06,190,2008-10-06 13:55:00,1,0.056389207926245834,False
1366,Gradient boosting,train once,2008-10-06,190,2008-10-06 15:00:00,1,0.36343508823943965,True
1367,Gradient boosting,train once,2008-10-06,190,2008-10-06 15:01:00,0,0.05762835458663915,False
1368,Gradient boosting,train once,2008-10-06,190,2008-10-06 15:52:00,0,0.1263218816638609,False
1369,Gradient boosting,train once,2008-10-06,190,2008-10-06 16:42:00,0,0.10257036433954246,False
1370,Gradient boosting,train once,2008-10-06,190,2008-10-06 16:50:00,0,0.04177601050681549,False
1371,Gradient boosting,train once,2008-10-06,190,2008-10-06 17:26:00,0,0.05328937005448735,False
1372,Gradient boosting,train once,2008-10-06,190,2008-10-06 17:26:00,0,0.07288732673407518,False
1373,Gradient boosting,train once,2008-10-06,190,2008-10-06 17:35:00,0,0.07891965924232779,False
1374,Gradient boosting,train once,2008-10-06,190,2008-10-06 18:54:00,0,0.10839073305987433,False
1375,Gradient boosting,train once,2008-10-06,190,2008-10-06 18:55:00,0,0.14586686768328366,False
1376,Gradient boosting,train once,2008-10-06,190,2008-10-06 19:42:00,0,0.04991802288289894,False
1377,Gradient boosting,train once,2008-10-06,190,2008-10-06 20:02:00,0,0.0721579356896985,False
1378,Gradient boosting,train once,2008-10-06,190,2008-10-06 20:36:00,0,0.06448372592419198,False
1379,Gradient boosting,train once,2008-10-06,190,2008-10-06 20:47:00,0,0.11396896140195403,False
1380,Gradient boosting,train once,2008-10-06,190,2008-10-06 21:46:00,0,0.09011891928817163,False
1381,Gradient boosting,train once,2008-10-06,190,2008-10-06 21:48:00,0,0.045581974184437185,False
1382,Gradient boosting,train once,2008-10-06,190,2008-10-06 22:37:00,0,0.22878051912255823,False
1383,Gradient boosting,train once,2008-10-06,190,2008-10-06 23:03:00,0,0.06276476050720735,False
1384,Gradient boosting,train once,2008-10-06,190,2008-10-07 01:46:00,0,0.07013524641967636,False
1385,Gradient boosting,train once,2008-10-06,190,2008-10-07 03:29:00,0,0.055259846163384016,False
1386,Gradient boosting,train once,2008-10-06,190,2008-10-07 03:39:00,0,0.10675104369387059,False
1387,Gradient boosting,train once,2008-10-06,190,2008-10-07 07:32:00,0,0.09537455291191788,False
1388,Gradient boosting,train once,2008-10-06,190,2008-10-07 07:41:00,0,0.20831433254011447,False
1389,Gradient boosting,train once,2008-10-06,190,2008-10-07 08:25:00,0,0.06684382991487661,False
1390,Gradient boosting,train once,2008-10-06,190,2008-10-07 08:26:00,0,0.08447658989203485,False
1391,Gradient boosting,train once,2008-10-06,190,2008-10-07 09:11:00,0,0.06145164748523559,False
1392,Gradient boosting,train once,2008-10-06,190,2008-10-07 09:20:00,0,0.05630075338368087,False
1393,Gradient boosting,train once,2008-10-06,190,2008-10-07 09:59:00,0,0.09125623451278381,False
1394,Gradient boosting,train once,2008-10-06,190,2008-10-07 10:04:00,0,0.10521208349758362,False
1395,Gradient boosting,train once,2008-10-06,190,2008-10-07 10:10:00,0,0.1416405276153651,False
1396,Gradient boosting,train once,2008-10-06,190,2008-10-07 10:51:00,0,0.04775331985719723,False
1397,Gradient boosting,train once,2008-10-06,190,2008-10-07 11:15:00,0,0.2558458180481258,False
1398,Gradient boosting,train once,2008-10-06,190,2008-10-07 11:16:00,0,0.1359939245548886,False
1399,Gradient boosting,train once,2008-10-06,190,2008-10-07 11:36:00,0,0.18607159540586538,False
1400,Gradient boosting,train once,2008-10-06,190,2008-10-07 12:40:00,0,0.07190964185146609,False
1401,Gradient boosting,train once,2008-10-06,190,2008-10-07 13:10:00,1,0.10004368418655082,False
1402,Gradient boosting,train once,2008-10-06,190,2008-10-07 13:48:00,0,0.08114148031235958,False
1403,Gradient boosting,train once,2008-10-06,190,2008-10-07 14:35:00,0,0.04041382606078219,False
1404,Gradient boosting,train once,2008-10-06,190,2008-10-07 16:32:00,0,0.09276221291923707,False
1405,Gradient boosting,train once,2008-10-06,190,2008-10-07 17:06:00,0,0.06839715620600097,False
1406,Gradient boosting,train once,2008-10-06,190,2008-10-07 17:28:00,0,0.08469267317346373,False
1407,Gradient boosting,train once,2008-10-06,190,2008-10-07 18:39:00,0,0.07050889691211205,False
1408,Gradient boosting,train once,2008-10-06,190,2008-10-07 19:24:00,0,0.06654200748597011,False
1409,Gradient boosting,train once,2008-10-06,190,2008-10-07 20:19:00,0,0.07488985870690643,False
1410,Gradient boosting,train once,2008-10-06,190,2008-10-07 20:39:00,0,0.07579247140982423,False
1411,Gradient boosting,train once,2008-10-06,190,2008-10-07 20:48:00,0,0.08975478883177909,False
1412,Gradient boosting,train once,2008-10-06,190,2008-10-08 04:47:00,0,0.08893774059514661,False
1413,Gradient boosting,train once,2008-10-06,190,2008-10-08 05:35:00,0,0.06522186576568408,False
1414,Gradient boosting,train once,2008-10-06,190,2008-10-08 05:38:00,0,0.06127536284733853,False
1415,Gradient boosting,train once,2008-10-06,190,2008-10-08 06:25:00,0,0.049046117234396155,False
1416,Gradient boosting,train once,2008-10-06,190,2008-10-08 07:10:00,0,0.05685919095247371,False
1417,Gradient boosting,train once,2008-10-06,190,2008-10-08 07:13:00,0,0.12074313527502047,False
1418,Gradient boosting,train once,2008-10-06,190,2008-10-08 07:16:00,0,0.09027909501512957,False
1419,Gradient boosting,train once,2008-10-06,190,2008-10-08 09:01:00,0,0.1763443004144118,False
1420,Gradient boosting,train once,2008-10-06,190,2008-10-08 09:06:00,0,0.09557753027723297,False
1421,Gradient boosting,train once,2008-10-06,190,2008-10-08 10:37:00,0,0.10267168067357191,False
1422,Gradient boosting,train once,2008-10-06,190,2008-10-08 12:11:00,0,0.12722055230498097,False
1423,Gradient boosting,train once,2008-10-06,190,2008-10-08 13:35:00,0,0.051497770022210634,False
1424,Gradient boosting,train once,2008-10-06,190,2008-10-08 13:38:00,0,0.06471604152158211,False
1425,Gradient boosting,train once,2008-10-06,190,2008-10-08 14:48:00,0,0.07216674655095731,False
1426,Gradient boosting,train once,2008-10-06,190,2008-10-08 15:37:00,0,0.06569169964351884,False
1427,Gradient boosting,train once,2008-10-06,190,2008-10-08 16:26:00,0,0.0666389621295455,False
1428,Gradient boosting,train once,2008-10-06,190,2008-10-08 17:14:00,0,0.09594334486173967,False
1429,Gradient boosting,train once,2008-10-06,190,2008-10-08 17:31:00,0,0.08602315287361845,False
1430,Gradient boosting,train once,2008-10-06,190,2008-10-08 17:41:00,0,0.06326175808774369,False
1431,Gradient boosting,train once,2008-10-06,190,2008-10-08 18:22:00,0,0.0631867905609881,False
1432,Gradient boosting,train once,2008-10-06,190,2008-10-08 20:27:00,0,0.12993676158690937,False
1433,Gradient boosting,train once,2008-10-06,190,2008-10-08 21:19:00,0,0.11767879950535956,False
1434,Gradient boosting,train once,2008-10-06,190,2008-10-08 21:45:00,0,0.1436451040767773,False
1435,Gradient boosting,train once,2008-10-06,190,2008-10-08 22:08:00,0,0.11869070292778801,False
1436,Gradient boosting,train once,2008-10-06,190,2008-10-08 23:13:00,0,0.07390063531958857,False
1437,Gradient boosting,train once,2008-10-06,190,2008-10-08 23:50:00,0,0.07823639578446448,False
1438,Gradient boosting,train once,2008-10-06,190,2008-10-09 00:23:00,0,0.04411976527816349,False
1439,Gradient boosting,train once,2008-10-06,190,2008-10-09 04:34:00,1,0.13163560201068156,False
1440,Gradient boosting,train once,2008-10-06,190,2008-10-09 06:06:00,0,0.07066156247560486,False
1441,Gradient boosting,train once,2008-10-06,190,2008-10-09 07:38:00,0,0.06627908662548482,False
1442,Gradient boosting,train once,2008-10-06,190,2008-10-09 14:15:00,0,0.08035366652163621,False
1443,Gradient boosting,train once,2008-10-06,190,2008-10-09 15:04:00,0,0.11079307752303336,False
1444,Gradient boosting,train once,2008-10-06,190,2008-10-09 15:55:00,1,0.06773770015432659,False
1445,Gradient boosting,train once,2008-10-06,190,2008-10-09 15:56:00,0,0.10011410299709783,False
1446,Gradient boosting,train once,2008-10-06,190,2008-10-10 10:05:00,0,0.106345372709803,False
1447,Gradient boosting,train once,2008-10-06,190,2008-10-10 10:46:00,0,0.17503941122003402,False
1448,Gradient boosting,train once,2008-10-06,190,2008-10-10 10:53:00,0,0.13753456837863942,False
1449,Gradient boosting,train once,2008-10-06,190,2008-10-10 12:30:00,0,0.061733620985826534,False
1450,Gradient boosting,train once,2008-10-06,190,2008-10-10 15:33:00,0,0.11196898572086486,False
1451,Gradient boosting,train once,2008-10-06,190,2008-10-10 15:50:00,0,0.06252585921024031,False
1452,Gradient boosting,train once,2008-10-06,190,2008-10-10 20:02:00,0,0.0784401884979869,False
1453,Gradient boosting,train once,2008-10-06,190,2008-10-10 21:03:00,0,0.10653599544173961,False
1454,Gradient boosting,train once,2008-10-06,190,2008-10-10 21:07:00,0,0.1927817994069592,False
1455,Gradient boosting,train once,2008-10-06,190,2008-10-10 21:16:00,0,0.1275553766106481,False
1456,Gradient boosting,train once,2008-10-06,190,2008-10-11 02:55:00,0,0.18516442591171803,False
1457,Gradient boosting,train once,2008-10-06,190,2008-10-11 06:56:00,0,0.15321382431285754,False
1458,Gradient boosting,train once,2008-10-06,190,2008-10-11 07:38:00,0,0.10665100017344616,False
1459,Gradient boosting,train once,2008-10-06,190,2008-10-11 07:39:00,0,0.2084199843853021,False
1460,Gradient boosting,train once,2008-10-06,190,2008-10-11 07:42:00,0,0.08227323813275697,False
1461,Gradient boosting,train once,2008-10-06,190,2008-10-11 08:27:00,0,0.0929226339989115,False
1462,Gradient boosting,train once,2008-10-06,190,2008-10-11 14:43:00,0,0.10669221581026465,False
1463,Gradient boosting,train once,2008-10-06,190,2008-10-11 15:33:00,0,0.11539422097936274,False
1464,Gradient boosting,train once,2008-10-06,190,2008-10-11 16:25:00,0,0.15136163274361725,False
1465,Gradient boosting,train once,2008-10-06,190,2008-10-11 23:16:00,0,0.09353484418831134,False
1466,Gradient boosting,train once,2008-10-06,190,2008-10-11 23:58:00,0,0.17579334876055472,False
1467,Gradient boosting,train once,2008-10-06,190,2008-10-12 00:57:00,0,0.24711657103823265,False
1468,Gradient boosting,train once,2008-10-06,190,2008-10-12 01:50:00,0,0.08024536096453085,False
1469,Gradient boosting,train once,2008-10-06,190,2008-10-12 02:59:00,0,0.27832782372837805,False
1470,Gradient boosting,train once,2008-10-06,190,2008-10-12 03:21:00,0,0.1434104172310374,False
1471,Gradient boosting,train once,2008-10-06,190,2008-10-12 03:28:00,0,0.16995661498708164,False
1472,Gradient boosting,train once,2008-10-06,190,2008-10-12 08:19:00,0,0.15643529170796674,False
1473,Gradient boosting,train once,2008-10-06,190,2008-10-12 18:47:00,0,0.07936162239859482,False
1474,Gradient boosting,train once,2008-10-13,190,2008-10-13 03:34:00,0,0.08776452995193636,False
1475,Gradient boosting,train once,2008-10-13,190,2008-10-13 03:53:00,0,0.15849482569113202,False
1476,Gradient boosting,train once,2008-10-13,190,2008-10-13 11:27:00,0,0.06238778829202531,False
1477,Gradient boosting,train once,2008-10-13,190,2008-10-13 12:18:00,0,0.10295433746156338,False
1478,Gradient boosting,train once,2008-10-13,190,2008-10-13 14:06:00,0,0.057958886339700186,False
1479,Gradient boosting,train once,2008-10-13,190,2008-10-13 14:29:00,0,0.14074109390921571,False
1480,Gradient boosting,train once,2008-10-13,190,2008-10-13 14:30:00,0,0.07236936200942364,False
1481,Gradient boosting,train once,2008-10-13,190,2008-10-13 14:55:00,0,0.05454797471960851,False
1482,Gradient boosting,train once,2008-10-13,190,2008-10-13 15:42:00,0,0.11697577317287654,False
1483,Gradient boosting,train once,2008-10-13,190,2008-10-13 15:42:00,0,0.13298475028195977,False
1484,Gradient boosting,train once,2008-10-13,190,2008-10-13 16:13:00,0,0.0690583931280057,False
1485,Gradient boosting,train once,2008-10-13,190,2008-10-13 19:17:00,0,0.10711745698698102,False
1486,Gradient boosting,train once,2008-10-13,190,2008-10-13 19:36:00,0,0.1205806115562985,False
1487,Gradient boosting,train once,2008-10-13,190,2008-10-13 19:40:00,0,0.1342873160673877,False
1488,Gradient boosting,train once,2008-10-13,190,2008-10-13 20:10:00,0,0.21017853799937172,False
1489,Gradient boosting,train once,2008-10-13,190,2008-10-13 20:30:00,0,0.16864374697611606,False
1490,Gradient boosting,train once,2008-10-13,190,2008-10-13 20:53:00,0,0.08588030370542324,False
1491,Gradient boosting,train once,2008-10-13,190,2008-10-13 21:20:00,0,0.16428516609145294,False
1492,Gradient boosting,train once,2008-10-13,190,2008-10-13 21:47:00,0,0.09787806690891775,False
1493,Gradient boosting,train once,2008-10-13,190,2008-10-13 21:57:00,0,0.06614807744485326,False
1494,Gradient boosting,train once,2008-10-13,190,2008-10-13 22:48:00,0,0.11582354812214443,False
1495,Gradient boosting,train once,2008-10-13,190,2008-10-13 22:54:00,0,0.05964697656752453,False
1496,Gradient boosting,train once,2008-10-13,190,2008-10-14 00:35:00,0,0.06467814060443994,False
1497,Gradient boosting,train once,2008-10-13,190,2008-10-14 03:21:00,0,0.10812928748873653,False
1498,Gradient boosting,train once,2008-10-13,190,2008-10-14 03:28:00,0,0.13381982215379176,False
1499,Gradient boosting,train once,2008-10-13,190,2008-10-14 03:35:00,0,0.1865399018874925,False
1500,Gradient boosting,train once,2008-10-13,190,2008-10-14 13:13:00,0,0.08550129018371094,False
1501,Gradient boosting,train once,2008-10-13,190,2008-10-14 13:16:00,0,0.12565672471174322,False
1502,Gradient boosting,train once,2008-10-13,190,2008-10-14 14:07:00,0,0.09251324960069057,False
1503,Gradient boosting,train once,2008-10-13,190,2008-10-14 14:15:00,0,0.18207504415450862,False
1504,Gradient boosting,train once,2008-10-13,190,2008-10-14 14:43:00,0,0.14843834472376805,False
1505,Gradient boosting,train once,2008-10-13,190,2008-10-14 17:36:00,0,0.15048418603305494,False
1506,Gradient boosting,train once,2008-10-13,190,2008-10-14 19:15:00,0,0.06966885585578428,False
1507,Gradient boosting,train once,2008-10-13,190,2008-10-14 20:01:00,0,0.3333121399117832,True
1508,Gradient boosting,train once,2008-10-13,190,2008-10-14 20:30:00,0,0.13433893451074755,False
1509,Gradient boosting,train once,2008-10-13,190,2008-10-14 20:48:00,0,0.08866967530704584,False
1510,Gradient boosting,train once,2008-10-13,190,2008-10-14 21:36:00,0,0.29629324934829815,False
1511,Gradient boosting,train once,2008-10-13,190,2008-10-14 23:07:00,0,0.13030193241587423,False
1512,Gradient boosting,train once,2008-10-13,190,2008-10-15 00:03:00,0,0.09602989625319072,False
1513,Gradient boosting,train once,2008-10-13,190,2008-10-15 00:27:00,0,0.07628808655877214,False
1514,Gradient boosting,train once,2008-10-13,190,2008-10-15 00:47:00,0,0.06468757088033149,False
1515,Gradient boosting,train once,2008-10-13,190,2008-10-15 01:52:00,0,0.21236621898399216,False
1516,Gradient boosting,train once,2008-10-13,190,2008-10-15 01:52:00,0,0.05295136569541817,False
1517,Gradient boosting,train once,2008-10-13,190,2008-10-15 01:52:00,0,0.03883100571249838,False
1518,Gradient boosting,train once,2008-10-13,190,2008-10-15 02:40:00,0,0.09745952767228122,False
1519,Gradient boosting,train once,2008-10-13,190,2008-10-15 02:40:00,0,0.11785183206172986,False
1520,Gradient boosting,train once,2008-10-13,190,2008-10-15 02:42:00,1,0.09533530455577097,False
1521,Gradient boosting,train once,2008-10-13,190,2008-10-15 03:24:00,0,0.19520833933090753,False
1522,Gradient boosting,train once,2008-10-13,190,2008-10-15 04:08:00,0,0.09385167978425811,False
1523,Gradient boosting,train once,2008-10-13,190,2008-10-15 05:13:00,0,0.08691276149421782,False
1524,Gradient boosting,train once,2008-10-13,190,2008-10-15 05:16:00,0,0.12709567953257617,False
1525,Gradient boosting,train once,2008-10-13,190,2008-10-15 06:49:00,0,0.037023182331962064,False
1526,Gradient boosting,train once,2008-10-13,190,2008-10-15 07:36:00,0,0.1525439087770581,False
1527,Gradient boosting,train once,2008-10-13,190,2008-10-15 07:55:00,0,0.10632128342695016,False
1528,Gradient boosting,train once,2008-10-13,190,2008-10-15 08:21:00,0,0.09001009824725177,False
1529,Gradient boosting,train once,2008-10-13,190,2008-10-15 09:11:00,0,0.058033739228032954,False
1530,Gradient boosting,train once,2008-10-13,190,2008-10-15 10:00:00,0,0.07198490901871558,False
1531,Gradient boosting,train once,2008-10-13,190,2008-10-15 12:53:00,0,0.10661598407591533,False
1532,Gradient boosting,train once,2008-10-13,190,2008-10-15 13:14:00,0,0.12632212694074008,False
1533,Gradient boosting,train once,2008-10-13,190,2008-10-15 13:16:00,0,0.06689988919935302,False
1534,Gradient boosting,train once,2008-10-13,190,2008-10-15 14:08:00,0,0.1593923763620418,False
1535,Gradient boosting,train once,2008-10-13,190,2008-10-15 15:11:00,0,0.1335220848756323,False
1536,Gradient boosting,train once,2008-10-13,190,2008-10-15 16:24:00,0,0.14227359630310643,False
1537,Gradient boosting,train once,2008-10-13,190,2008-10-15 17:19:00,0,0.059801010157938636,False
1538,Gradient boosting,train once,2008-10-13,190,2008-10-15 18:16:00,0,0.06977943207140189,False
1539,Gradient boosting,train once,2008-10-13,190,2008-10-15 19:15:00,0,0.05755048061998188,False
1540,Gradient boosting,train once,2008-10-13,190,2008-10-15 19:24:00,0,0.18961519040034586,False
1541,Gradient boosting,train once,2008-10-13,190,2008-10-15 21:44:00,0,0.0881051271780473,False
1542,Gradient boosting,train once,2008-10-13,190,2008-10-15 22:45:00,0,0.060329081361578496,False
1543,Gradient boosting,train once,2008-10-13,190,2008-10-15 22:54:00,0,0.09660830878671632,False
1544,Gradient boosting,train once,2008-10-13,190,2008-10-15 23:00:00,0,0.05498737654513107,False
1545,Gradient boosting,train once,2008-10-13,190,2008-10-15 23:45:00,0,0.057116341227153644,False
1546,Gradient boosting,train once,2008-10-13,190,2008-10-16 02:16:00,0,0.06709921479679039,False
1547,Gradient boosting,train once,2008-10-13,190,2008-10-16 02:16:00,0,0.03263897411456225,False
1548,Gradient boosting,train once,2008-10-13,190,2008-10-16 02:17:00,0,0.05465625876541502,False
1549,Gradient boosting,train once,2008-10-13,190,2008-10-16 02:22:00,0,0.06259991056868572,False
1550,Gradient boosting,train once,2008-10-13,190,2008-10-16 02:55:00,0,0.06976844296148393,False
1551,Gradient boosting,train once,2008-10-13,190,2008-10-16 03:56:00,0,0.07054767149257249,False
1552,Gradient boosting,train once,2008-10-13,190,2008-10-16 04:02:00,0,0.07434641946123663,False
1553,Gradient boosting,train once,2008-10-13,190,2008-10-16 04:02:00,0,0.2049304360733175,False
1554,Gradient boosting,train once,2008-10-13,190,2008-10-16 04:04:00,0,0.09190916321818197,False
1555,Gradient boosting,train once,2008-10-13,190,2008-10-16 04:47:00,0,0.16176768124234447,False
1556,Gradient boosting,train once,2008-10-13,190,2008-10-16 04:50:00,0,0.11311962941864027,False
1557,Gradient boosting,train once,2008-10-13,190,2008-10-16 04:54:00,0,0.05210299137157943,False
1558,Gradient boosting,train once,2008-10-13,190,2008-10-16 05:08:00,0,0.11890346056215129,False
1559,Gradient boosting,train once,2008-10-13,190,2008-10-16 05:13:00,0,0.10881985878295644,False
1560,Gradient boosting,train once,2008-10-13,190,2008-10-16 05:44:00,0,0.07539563649821161,False
1561,Gradient boosting,train once,2008-10-13,190,2008-10-16 05:58:00,0,0.0977490106232339,False
1562,Gradient boosting,train once,2008-10-13,190,2008-10-16 15:02:00,0,0.09718421064453164,False
1563,Gradient boosting,train once,2008-10-13,190,2008-10-16 15:13:00,0,0.11091086333008482,False
1564,Gradient boosting,train once,2008-10-13,190,2008-10-16 20:49:00,0,0.057565581314317465,False
1565,Gradient boosting,train once,2008-10-13,190,2008-10-17 05:26:00,0,0.08897923118225942,False
1566,Gradient boosting,train once,2008-10-13,190,2008-10-17 06:01:00,0,0.10446123545369097,False
1567,Gradient boosting,train once,2008-10-13,190,2008-10-17 06:07:00,0,0.13916320570924917,False
191,Gradient boosting,"weekly, expanding",2008-08-11,190,2008-08-11 03:06:00,0,0.2082870173831378,False
192,Gradient boosting,"weekly, expanding",2008-08-11,190,2008-08-11 04:09:00,0,0.15884367689601264,False
193,Gradient boosting,"weekly, expanding",2008-08-11,190,2008-08-11 05:15:00,0,0.30383624814323046,False
194,Gradient boosting,"weekly, expanding",2008-08-11,190,2008-08-11 11:35:00,0,0.23555113679152193,False
195,Gradient boosting,"weekly, expanding",2008-08-11,190,2008-08-11 12:38:00,0,0.23041866008521436,False
196,Gradient boosting,"weekly, expanding",2008-08-11,190,2008-08-12 04:23:00,0,0.05208827913335275,False
197,Gradient boosting,"weekly, expanding",2008-08-11,190,2008-08-12 06:16:00,0,0.20846770784023883,False
198,Gradient boosting,"weekly, expanding",2008-08-11,190,2008-08-12 10:54:00,0,0.09315900858827116,False
199,Gradient boosting,"weekly, expanding",2008-08-11,190,2008-08-12 11:29:00,0,0.06111120665742275,False
200,Gradient boosting,"weekly, expanding",2008-08-11,190,2008-08-12 12:04:00,0,0.2147931297868889,False
201,Gradient boosting,"weekly, expanding",2008-08-11,190,2008-08-13 02:48:00,0,0.20110539105203828,False
202,Gradient boosting,"weekly, expanding",2008-08-11,190,2008-08-15 03:26:00,0,0.03593335625303364,False
203,Gradient boosting,"weekly, expanding",2008-08-11,190,2008-08-15 04:14:00,0,0.26349684781846827,False
204,Gradient boosting,"weekly, expanding",2008-08-11,190,2008-08-15 05:13:00,0,0.18333308692311695,False
205,Gradient boosting,"weekly, expanding",2008-08-11,190,2008-08-15 09:38:00,0,0.12451443197693972,False
206,Gradient boosting,"weekly, expanding",2008-08-11,190,2008-08-15 10:14:00,0,0.12884643712601218,False
207,Gradient boosting,"weekly, expanding",2008-08-11,190,2008-08-15 11:42:00,0,0.1694417096264678,False
208,Gradient boosting,"weekly, expanding",2008-08-11,190,2008-08-15 18:19:00,0,0.2655518257383053,False
209,Gradient boosting,"weekly, expanding",2008-08-11,190,2008-08-15 19:19:00,0,0.09830341117983418,False
210,Gradient boosting,"weekly, expanding",2008-08-11,190,2008-08-15 20:00:00,0,0.1803192607180101,False
211,Gradient boosting,"weekly, expanding",2008-08-11,190,2008-08-15 20:03:00,0,0.09518849340045912,False
212,Gradient boosting,"weekly, expanding",2008-08-11,190,2008-08-15 23:31:00,0,0.08380475181943575,False
213,Gradient boosting,"weekly, expanding",2008-08-11,190,2008-08-16 02:21:00,0,0.5206673168466652,True
214,Gradient boosting,"weekly, expanding",2008-08-11,190,2008-08-16 05:47:00,0,0.2016757133763295,False
215,Gradient boosting,"weekly, expanding",2008-08-11,190,2008-08-16 06:52:00,0,0.13442300522145273,False
216,Gradient boosting,"weekly, expanding",2008-08-11,190,2008-08-16 07:33:00,0,0.216235376834265,False
217,Gradient boosting,"weekly, expanding",2008-08-11,190,2008-08-16 08:39:00,0,0.11004970709215642,False
218,Gradient boosting,"weekly, expanding",2008-08-11,190,2008-08-16 08:41:00,0,0.055818946858800615,False
219,Gradient boosting,"weekly, expanding",2008-08-11,190,2008-08-16 09:44:00,1,0.10452845457417641,False
220,Gradient boosting,"weekly, expanding",2008-08-11,190,2008-08-16 13:51:00,0,0.13380675766476485,False
221,Gradient boosting,"weekly, expanding",2008-08-11,190,2008-08-16 14:30:00,0,0.059753734546984814,False
222,Gradient boosting,"weekly, expanding",2008-08-11,190,2008-08-16 15:16:00,0,0.10289145796990873,False
223,Gradient boosting,"weekly, expanding",2008-08-11,190,2008-08-16 15:19:00,1,0.08461317479784596,False
224,Gradient boosting,"weekly, expanding",2008-08-11,190,2008-08-16 23:48:00,0,0.29750937601210553,False
225,Gradient boosting,"weekly, expanding",2008-08-11,190,2008-08-17 00:52:00,0,0.1518877297451055,False
226,Gradient boosting,"weekly, expanding",2008-08-11,190,2008-08-17 01:53:00,0,0.11936375729179877,False
227,Gradient boosting,"weekly, expanding",2008-08-11,190,2008-08-17 03:17:00,0,0.09837565561650613,False
228,Gradient boosting,"weekly, expanding",2008-08-11,190,2008-08-17 03:18:00,0,0.08590876603148907,False
229,Gradient boosting,"weekly, expanding",2008-08-11,190,2008-08-17 03:46:00,0,0.18224905466856164,False
230,Gradient boosting,"weekly, expanding",2008-08-11,190,2008-08-17 04:19:00,0,0.07294326625333185,False
231,Gradient boosting,"weekly, expanding",2008-08-11,190,2008-08-17 05:21:00,0,0.11263602213500339,False
232,Gradient boosting,"weekly, expanding",2008-08-11,190,2008-08-17 12:16:00,1,0.13606537100274374,False
233,Gradient boosting,"weekly, expanding",2008-08-11,190,2008-08-17 13:34:00,0,0.14333029152377375,False
234,Gradient boosting,"weekly, expanding",2008-08-11,190,2008-08-17 14:21:00,0,0.1203443923611236,False
235,Gradient boosting,"weekly, expanding",2008-08-11,190,2008-08-17 15:25:00,0,0.1568820688673904,False
236,Gradient boosting,"weekly, expanding",2008-08-11,190,2008-08-17 21:26:00,1,0.06642439011882224,False
237,Gradient boosting,"weekly, expanding",2008-08-11,190,2008-08-17 22:03:00,1,0.05865221673363018,False
238,Gradient boosting,"weekly, expanding",2008-08-11,190,2008-08-17 22:21:00,0,0.16246073077424544,False
239,Gradient boosting,"weekly, expanding",2008-08-11,190,2008-08-17 23:04:00,1,0.13781551138587175,False
240,Gradient boosting,"weekly, expanding",2008-08-11,190,2008-08-17 23:20:00,0,0.040300735908458354,False
241,Gradient boosting,"weekly, expanding",2008-08-11,190,2008-08-17 23:55:00,1,0.2853100975430761,False
242,Gradient boosting,"weekly, expanding",2008-08-18,241,2008-08-18 00:02:00,1,0.3045889546899744,False
243,Gradient boosting,"weekly, expanding",2008-08-18,241,2008-08-18 00:20:00,0,0.11174691404979636,False
244,Gradient boosting,"weekly, expanding",2008-08-18,241,2008-08-18 01:23:00,1,0.2796977169403312,False
245,Gradient boosting,"weekly, expanding",2008-08-18,241,2008-08-18 04:01:00,1,0.1176992141727362,False
246,Gradient boosting,"weekly, expanding",2008-08-18,241,2008-08-18 04:12:00,0,0.11450704011069467,False
247,Gradient boosting,"weekly, expanding",2008-08-18,241,2008-08-18 04:35:00,0,0.098052178181174,False
248,Gradient boosting,"weekly, expanding",2008-08-18,241,2008-08-18 05:03:00,0,0.036502796092374924,False
249,Gradient boosting,"weekly, expanding",2008-08-18,241,2008-08-18 05:25:00,0,0.10278924267112435,False
250,Gradient boosting,"weekly, expanding",2008-08-18,241,2008-08-18 06:07:00,0,0.11599397766808521,False
251,Gradient boosting,"weekly, expanding",2008-08-18,241,2008-08-18 06:11:00,0,0.05563456816785394,False
252,Gradient boosting,"weekly, expanding",2008-08-18,241,2008-08-18 06:26:00,0,0.08469378612526199,False
253,Gradient boosting,"weekly, expanding",2008-08-18,241,2008-08-18 07:11:00,0,0.08168353342042764,False
254,Gradient boosting,"weekly, expanding",2008-08-18,241,2008-08-18 07:23:00,0,0.06914619998642979,False
255,Gradient boosting,"weekly, expanding",2008-08-18,241,2008-08-18 07:29:00,0,0.09047415225554986,False
256,Gradient boosting,"weekly, expanding",2008-08-18,241,2008-08-18 08:18:00,0,0.13331250425028265,False
257,Gradient boosting,"weekly, expanding",2008-08-18,241,2008-08-18 08:31:00,0,0.08782554137285568,False
258,Gradient boosting,"weekly, expanding",2008-08-18,241,2008-08-18 10:13:00,0,0.07182438963961621,False
259,Gradient boosting,"weekly, expanding",2008-08-18,241,2008-08-18 11:04:00,0,0.05250763587999659,False
260,Gradient boosting,"weekly, expanding",2008-08-18,241,2008-08-18 12:00:00,0,0.06989933974785834,False
261,Gradient boosting,"weekly, expanding",2008-08-18,241,2008-08-18 12:06:00,0,0.07391465690983359,False
262,Gradient boosting,"weekly, expanding",2008-08-18,241,2008-08-18 12:22:00,0,0.08731606370292046,False
263,Gradient boosting,"weekly, expanding",2008-08-18,241,2008-08-18 12:49:00,0,0.08459437424543627,False
264,Gradient boosting,"weekly, expanding",2008-08-18,241,2008-08-18 13:07:00,0,0.1303742017172864,False
265,Gradient boosting,"weekly, expanding",2008-08-18,241,2008-08-18 14:01:00,0,0.028803758954085282,False
266,Gradient boosting,"weekly, expanding",2008-08-18,241,2008-08-18 14:04:00,0,0.05877168239224979,False
267,Gradient boosting,"weekly, expanding",2008-08-18,241,2008-08-18 14:45:00,0,0.06697101535738732,False
268,Gradient boosting,"weekly, expanding",2008-08-18,241,2008-08-18 15:00:00,0,0.2758987180085,False
269,Gradient boosting,"weekly, expanding",2008-08-18,241,2008-08-18 15:26:00,0,0.07665124615696971,False
270,Gradient boosting,"weekly, expanding",2008-08-18,241,2008-08-18 15:30:00,0,0.06571134889505532,False
271,Gradient boosting,"weekly, expanding",2008-08-18,241,2008-08-18 15:33:00,0,0.06542204471833248,False
272,Gradient boosting,"weekly, expanding",2008-08-18,241,2008-08-18 15:41:00,0,0.04679223899390958,False
273,Gradient boosting,"weekly, expanding",2008-08-18,241,2008-08-18 16:19:00,0,0.07195048042204281,False
274,Gradient boosting,"weekly, expanding",2008-08-18,241,2008-08-18 17:13:00,1,0.13857204538319798,False
275,Gradient boosting,"weekly, expanding",2008-08-18,241,2008-08-18 17:16:00,0,0.1316728760364774,False
276,Gradient boosting,"weekly, expanding",2008-08-18,241,2008-08-18 17:37:00,0,0.21768182806598071,False
277,Gradient boosting,"weekly, expanding",2008-08-18,241,2008-08-18 19:24:00,0,0.06544918012663352,False
278,Gradient boosting,"weekly, expanding",2008-08-18,241,2008-08-18 19:54:00,1,0.13564196978115528,False
279,Gradient boosting,"weekly, expanding",2008-08-18,241,2008-08-18 23:00:00,0,0.09675186598035153,False
280,Gradient boosting,"weekly, expanding",2008-08-18,241,2008-08-18 23:03:00,0,0.0552487763579611,False
281,Gradient boosting,"weekly, expanding",2008-08-18,241,2008-08-18 23:47:00,0,0.12803677291874915,False
282,Gradient boosting,"weekly, expanding",2008-08-18,241,2008-08-19 01:10:00,0,0.04620565137219135,False
283,Gradient boosting,"weekly, expanding",2008-08-18,241,2008-08-19 03:59:00,1,0.16763876721967436,False
284,Gradient boosting,"weekly, expanding",2008-08-18,241,2008-08-19 04:58:00,0,0.08167511071988698,False
285,Gradient boosting,"weekly, expanding",2008-08-18,241,2008-08-19 05:09:00,0,0.08929377153510733,False
286,Gradient boosting,"weekly, expanding",2008-08-18,241,2008-08-19 05:11:00,0,0.05138798501634036,False
287,Gradient boosting,"weekly, expanding",2008-08-18,241,2008-08-19 05:11:00,0,0.04102055697215515,False
288,Gradient boosting,"weekly, expanding",2008-08-18,241,2008-08-19 05:40:00,0,0.1251194727330671,False
289,Gradient boosting,"weekly, expanding",2008-08-18,241,2008-08-19 05:41:00,0,0.20314236963216756,False
290,Gradient boosting,"weekly, expanding",2008-08-18,241,2008-08-19 05:53:00,0,0.06009445293780364,False
291,Gradient boosting,"weekly, expanding",2008-08-18,241,2008-08-19 05:54:00,0,0.16595808804326345,False
292,Gradient boosting,"weekly, expanding",2008-08-18,241,2008-08-19 05:56:00,1,0.08509832400359907,False
293,Gradient boosting,"weekly, expanding",2008-08-18,241,2008-08-19 06:24:00,0,0.04916452648101793,False
294,Gradient boosting,"weekly, expanding",2008-08-18,241,2008-08-19 07:43:00,0,0.06548023902632334,False
295,Gradient boosting,"weekly, expanding",2008-08-18,241,2008-08-19 07:58:00,1,0.09470244248388465,False
296,Gradient boosting,"weekly, expanding",2008-08-18,241,2008-08-19 08:01:00,0,0.14909325355998074,False
297,Gradient boosting,"weekly, expanding",2008-08-18,241,2008-08-19 08:07:00,0,0.13724727722185898,False
298,Gradient boosting,"weekly, expanding",2008-08-18,241,2008-08-19 08:33:00,0,0.0529510939500685,False
299,Gradient boosting,"weekly, expanding",2008-08-18,241,2008-08-19 09:04:00,0,0.06787470592585333,False
300,Gradient boosting,"weekly, expanding",2008-08-18,241,2008-08-19 09:05:00,0,0.14038088811591928,False
301,Gradient boosting,"weekly, expanding",2008-08-18,241,2008-08-19 10:46:00,0,0.2454437266764713,False
302,Gradient boosting,"weekly, expanding",2008-08-18,241,2008-08-19 11:11:00,0,0.1203232659898293,False
303,Gradient boosting,"weekly, expanding",2008-08-18,241,2008-08-19 11:13:00,0,0.1288092981204022,False
304,Gradient boosting,"weekly, expanding",2008-08-18,241,2008-08-19 11:13:00,0,0.10521031058750346,False
305,Gradient boosting,"weekly, expanding",2008-08-18,241,2008-08-19 11:28:00,0,0.09674915596926745,False
306,Gradient boosting,"weekly, expanding",2008-08-18,241,2008-08-19 11:44:00,0,0.15882964596464727,False
307,Gradient boosting,"weekly, expanding",2008-08-18,241,2008-08-19 11:46:00,0,0.05140803044150427,False
308,Gradient boosting,"weekly, expanding",2008-08-18,241,2008-08-19 11:57:00,0,0.17935934631032627,False
309,Gradient boosting,"weekly, expanding",2008-08-18,241,2008-08-19 11:58:00,0,0.10515529542824263,False
310,Gradient boosting,"weekly, expanding",2008-08-18,241,2008-08-19 12:30:00,0,0.14425854881234249,False
311,Gradient boosting,"weekly, expanding",2008-08-18,241,2008-08-19 15:33:00,0,0.0616117621624654,False
312,Gradient boosting,"weekly, expanding",2008-08-18,241,2008-08-19 18:12:00,0,0.05530802894900018,False
313,Gradient boosting,"weekly, expanding",2008-08-18,241,2008-08-19 18:12:00,0,0.10124309666722857,False
314,Gradient boosting,"weekly, expanding",2008-08-18,241,2008-08-19 18:30:00,0,0.0884698526625831,False
315,Gradient boosting,"weekly, expanding",2008-08-18,241,2008-08-19 18:30:00,0,0.04942194502528846,False
316,Gradient boosting,"weekly, expanding",2008-08-18,241,2008-08-19 19:38:00,0,0.13823412769803914,False
317,Gradient boosting,"weekly, expanding",2008-08-18,241,2008-08-19 20:53:00,0,0.14022957178731038,False
318,Gradient boosting,"weekly, expanding",2008-08-18,241,2008-08-20 00:05:00,0,0.10190898357608025,False
319,Gradient boosting,"weekly, expanding",2008-08-18,241,2008-08-20 01:33:00,0,0.12728239104088085,False
320,Gradient boosting,"weekly, expanding",2008-08-18,241,2008-08-20 01:42:00,0,0.06962537831270571,False
321,Gradient boosting,"weekly, expanding",2008-08-18,241,2008-08-20 02:13:00,0,0.15515341647093134,False
322,Gradient boosting,"weekly, expanding",2008-08-18,241,2008-08-20 02:27:00,1,0.18908854177085027,False
323,Gradient boosting,"weekly, expanding",2008-08-18,241,2008-08-20 03:00:00,0,0.13618770617938494,False
324,Gradient boosting,"weekly, expanding",2008-08-18,241,2008-08-20 03:12:00,1,0.12239393455036215,False
325,Gradient boosting,"weekly, expanding",2008-08-18,241,2008-08-20 06:36:00,0,0.11840728178253702,False
326,Gradient boosting,"weekly, expanding",2008-08-18,241,2008-08-20 07:12:00,0,0.17211762755327356,False
327,Gradient boosting,"weekly, expanding",2008-08-18,241,2008-08-20 08:40:00,1,0.10514689127039165,False
328,Gradient boosting,"weekly, expanding",2008-08-18,241,2008-08-20 09:17:00,1,0.07924911486066923,False
329,Gradient boosting,"weekly, expanding",2008-08-18,241,2008-08-20 10:26:00,0,0.0754366058390277,False
330,Gradient boosting,"weekly, expanding",2008-08-18,241,2008-08-20 16:08:00,0,0.03997430293134813,False
331,Gradient boosting,"weekly, expanding",2008-08-18,241,2008-08-20 16:16:00,0,0.19718598670946194,False
332,Gradient boosting,"weekly, expanding",2008-08-18,241,2008-08-20 17:09:00,0,0.08722654038168569,False
333,Gradient boosting,"weekly, expanding",2008-08-18,241,2008-08-20 17:35:00,0,0.07577593811697943,False
334,Gradient boosting,"weekly, expanding",2008-08-18,241,2008-08-20 17:36:00,0,0.04399714360715833,False
335,Gradient boosting,"weekly, expanding",2008-08-18,241,2008-08-20 18:29:00,0,0.0841933546681153,False
336,Gradient boosting,"weekly, expanding",2008-08-18,241,2008-08-20 18:35:00,0,0.04802489419793411,False
337,Gradient boosting,"weekly, expanding",2008-08-18,241,2008-08-20 19:20:00,1,0.1625584042080455,False
338,Gradient boosting,"weekly, expanding",2008-08-18,241,2008-08-20 20:19:00,0,0.12550727121441344,False
339,Gradient boosting,"weekly, expanding",2008-08-18,241,2008-08-20 21:33:00,0,0.06319473927889756,False
340,Gradient boosting,"weekly, expanding",2008-08-18,241,2008-08-20 21:41:00,0,0.027692984129894453,False
341,Gradient boosting,"weekly, expanding",2008-08-18,241,2008-08-20 21:58:00,0,0.05517197647886944,False
342,Gradient boosting,"weekly, expanding",2008-08-18,241,2008-08-20 22:13:00,0,0.03321735633490387,False
343,Gradient boosting,"weekly, expanding",2008-08-18,241,2008-08-20 22:45:00,0,0.09856436805666605,False
344,Gradient boosting,"weekly, expanding",2008-08-18,241,2008-08-20 23:18:00,0,0.04316200805716847,False
345,Gradient boosting,"weekly, expanding",2008-08-18,241,2008-08-20 23:43:00,1,0.21152741094403418,False
346,Gradient boosting,"weekly, expanding",2008-08-18,241,2008-08-21 02:11:00,0,0.05643797071993793,False
347,Gradient boosting,"weekly, expanding",2008-08-18,241,2008-08-21 02:46:00,0,0.05873524518616502,False
348,Gradient boosting,"weekly, expanding",2008-08-18,241,2008-08-21 04:22:00,0,0.3519729116693332,True
349,Gradient boosting,"weekly, expanding",2008-08-18,241,2008-08-21 04:29:00,0,0.06831334880413213,False
350,Gradient boosting,"weekly, expanding",2008-08-18,241,2008-08-21 05:06:00,0,0.08438974771087324,False
351,Gradient boosting,"weekly, expanding",2008-08-18,241,2008-08-21 05:15:00,0,0.07499512887096252,False
352,Gradient boosting,"weekly, expanding",2008-08-18,241,2008-08-21 06:10:00,1,0.1967903032794507,False
353,Gradient boosting,"weekly, expanding",2008-08-18,241,2008-08-21 11:22:00,0,0.038266121908490776,False
354,Gradient boosting,"weekly, expanding",2008-08-18,241,2008-08-21 12:00:00,0,0.07114063143130589,False
355,Gradient boosting,"weekly, expanding",2008-08-18,241,2008-08-21 12:31:00,0,0.052968111321478724,False
356,Gradient boosting,"weekly, expanding",2008-08-18,241,2008-08-21 12:33:00,0,0.07306309530410642,False
357,Gradient boosting,"weekly, expanding",2008-08-18,241,2008-08-21 12:43:00,0,0.03605146284346802,False
358,Gradient boosting,"weekly, expanding",2008-08-18,241,2008-08-21 12:52:00,0,0.04305720605731998,False
359,Gradient boosting,"weekly, expanding",2008-08-18,241,2008-08-21 13:11:00,0,0.05410760920957377,False
360,Gradient boosting,"weekly, expanding",2008-08-18,241,2008-08-21 13:19:00,0,0.0396405874752391,False
361,Gradient boosting,"weekly, expanding",2008-08-18,241,2008-08-21 13:29:00,0,0.23921798977927078,False
362,Gradient boosting,"weekly, expanding",2008-08-18,241,2008-08-21 13:45:00,0,0.16006786242690357,False
363,Gradient boosting,"weekly, expanding",2008-08-18,241,2008-08-21 14:47:00,0,0.10092436968402496,False
364,Gradient boosting,"weekly, expanding",2008-08-18,241,2008-08-21 15:05:00,0,0.06596048389928917,False
365,Gradient boosting,"weekly, expanding",2008-08-18,241,2008-08-21 15:06:00,0,0.2270322282261636,False
366,Gradient boosting,"weekly, expanding",2008-08-18,241,2008-08-21 15:32:00,0,0.08850951849003094,False
367,Gradient boosting,"weekly, expanding",2008-08-18,241,2008-08-21 15:48:00,0,0.05372314117821575,False
368,Gradient boosting,"weekly, expanding",2008-08-18,241,2008-08-21 15:50:00,0,0.07600860939842645,False
369,Gradient boosting,"weekly, expanding",2008-08-18,241,2008-08-21 16:19:00,1,0.13750765368234058,False
370,Gradient boosting,"weekly, expanding",2008-08-18,241,2008-08-21 16:36:00,0,0.15272415447219057,False
371,Gradient boosting,"weekly, expanding",2008-08-18,241,2008-08-21 17:25:00,0,0.03463602523927686,False
372,Gradient boosting,"weekly, expanding",2008-08-18,241,2008-08-21 17:44:00,0,0.08074991800458309,False
373,Gradient boosting,"weekly, expanding",2008-08-18,241,2008-08-21 18:04:00,0,0.03487178123457111,False
374,Gradient boosting,"weekly, expanding",2008-08-18,241,2008-08-21 18:05:00,1,0.04005216738698881,False
375,Gradient boosting,"weekly, expanding",2008-08-18,241,2008-08-21 18:39:00,0,0.13199758122177774,False
376,Gradient boosting,"weekly, expanding",2008-08-18,241,2008-08-21 18:53:00,0,0.07403264293769989,False
377,Gradient boosting,"weekly, expanding",2008-08-18,241,2008-08-21 19:12:00,0,0.03413383422201817,False
378,Gradient boosting,"weekly, expanding",2008-08-18,241,2008-08-21 19:12:00,0,0.24991926639489062,False
379,Gradient boosting,"weekly, expanding",2008-08-18,241,2008-08-21 19:46:00,0,0.07855923242870291,False
380,Gradient boosting,"weekly, expanding",2008-08-18,241,2008-08-21 20:19:00,0,0.18685370701423892,False
381,Gradient boosting,"weekly, expanding",2008-08-18,241,2008-08-21 20:21:00,0,0.3382120951899641,True
382,Gradient boosting,"weekly, expanding",2008-08-18,241,2008-08-21 20:37:00,0,0.17045868867529274,False
383,Gradient boosting,"weekly, expanding",2008-08-18,241,2008-08-21 21:32:00,0,0.1159166777878575,False
384,Gradient boosting,"weekly, expanding",2008-08-18,241,2008-08-21 22:25:00,0,0.07794806369091903,False
385,Gradient boosting,"weekly, expanding",2008-08-18,241,2008-08-21 22:41:00,0,0.1684109202574215,False
386,Gradient boosting,"weekly, expanding",2008-08-18,241,2008-08-21 23:08:00,0,0.0898145812557984,False
387,Gradient boosting,"weekly, expanding",2008-08-18,241,2008-08-21 23:27:00,0,0.21303008024138367,False
388,Gradient boosting,"weekly, expanding",2008-08-18,241,2008-08-21 23:53:00,0,0.09533409207028279,False
389,Gradient boosting,"weekly, expanding",2008-08-18,241,2008-08-21 23:57:00,0,0.05421075345225464,False
390,Gradient boosting,"weekly, expanding",2008-08-18,241,2008-08-22 00:43:00,0,0.0975871690772519,False
391,Gradient boosting,"weekly, expanding",2008-08-18,241,2008-08-22 00:44:00,0,0.07515585797355347,False
392,Gradient boosting,"weekly, expanding",2008-08-18,241,2008-08-22 00:47:00,0,0.06566924861844227,False
393,Gradient boosting,"weekly, expanding",2008-08-18,241,2008-08-22 01:04:00,1,0.08062229898583767,False
394,Gradient boosting,"weekly, expanding",2008-08-18,241,2008-08-22 01:26:00,0,0.14818748187368075,False
395,Gradient boosting,"weekly, expanding",2008-08-18,241,2008-08-22 01:27:00,0,0.08094539339854724,False
396,Gradient boosting,"weekly, expanding",2008-08-18,241,2008-08-22 01:54:00,0,0.08350178661701918,False
397,Gradient boosting,"weekly, expanding",2008-08-18,241,2008-08-22 02:01:00,0,0.06651780238067671,False
398,Gradient boosting,"weekly, expanding",2008-08-18,241,2008-08-22 02:25:00,0,0.06572538144629306,False
399,Gradient boosting,"weekly, expanding",2008-08-18,241,2008-08-22 02:52:00,0,0.11861554866281869,False
400,Gradient boosting,"weekly, expanding",2008-08-18,241,2008-08-22 03:18:00,0,0.06317201385421328,False
401,Gradient boosting,"weekly, expanding",2008-08-18,241,2008-08-22 03:58:00,0,0.04314699165121423,False
402,Gradient boosting,"weekly, expanding",2008-08-18,241,2008-08-22 04:40:00,0,0.07690610229563993,False
403,Gradient boosting,"weekly, expanding",2008-08-18,241,2008-08-22 04:57:00,0,0.06807071756012222,False
404,Gradient boosting,"weekly, expanding",2008-08-18,241,2008-08-22 05:21:00,0,0.0837319479824695,False
405,Gradient boosting,"weekly, expanding",2008-08-18,241,2008-08-22 05:31:00,0,0.10050233724987824,False
406,Gradient boosting,"weekly, expanding",2008-08-18,241,2008-08-22 05:32:00,0,0.06701348518351448,False
407,Gradient boosting,"weekly, expanding",2008-08-18,241,2008-08-22 06:00:00,1,0.23582190191613892,False
408,Gradient boosting,"weekly, expanding",2008-08-18,241,2008-08-22 07:04:00,0,0.08911164610412638,False
409,Gradient boosting,"weekly, expanding",2008-08-18,241,2008-08-22 07:17:00,0,0.12428095567694085,False
410,Gradient boosting,"weekly, expanding",2008-08-18,241,2008-08-22 07:27:00,0,0.09567035606026904,False
411,Gradient boosting,"weekly, expanding",2008-08-18,241,2008-08-22 09:29:00,0,0.11617839233866452,False
412,Gradient boosting,"weekly, expanding",2008-08-18,241,2008-08-22 09:29:00,0,0.18296039301958536,False
413,Gradient boosting,"weekly, expanding",2008-08-18,241,2008-08-22 10:01:00,0,0.10492623654132249,False
414,Gradient boosting,"weekly, expanding",2008-08-18,241,2008-08-22 10:18:00,0,0.09666396564663883,False
415,Gradient boosting,"weekly, expanding",2008-08-18,241,2008-08-22 10:47:00,0,0.141984143299232,False
416,Gradient boosting,"weekly, expanding",2008-08-18,241,2008-08-22 11:32:00,0,0.23652860340989282,False
417,Gradient boosting,"weekly, expanding",2008-08-18,241,2008-08-22 12:13:00,0,0.04780238721566727,False
418,Gradient boosting,"weekly, expanding",2008-08-18,241,2008-08-22 12:37:00,0,0.35007561211320865,True
419,Gradient boosting,"weekly, expanding",2008-08-18,241,2008-08-22 12:42:00,0,0.09222793385171325,False
420,Gradient boosting,"weekly, expanding",2008-08-18,241,2008-08-22 13:22:00,0,0.09186275571998212,False
421,Gradient boosting,"weekly, expanding",2008-08-18,241,2008-08-22 14:45:00,0,0.09145287072318367,False
422,Gradient boosting,"weekly, expanding",2008-08-18,241,2008-08-22 15:25:00,0,0.12941226367764028,False
423,Gradient boosting,"weekly, expanding",2008-08-18,241,2008-08-22 15:39:00,0,0.1238925438026251,False
424,Gradient boosting,"weekly, expanding",2008-08-18,241,2008-08-22 15:54:00,0,0.3390744320024178,True
425,Gradient boosting,"weekly, expanding",2008-08-18,241,2008-08-22 19:14:00,1,0.11592337639530202,False
426,Gradient boosting,"weekly, expanding",2008-08-18,241,2008-08-22 23:46:00,0,0.15064793005145272,False
427,Gradient boosting,"weekly, expanding",2008-08-18,241,2008-08-22 23:47:00,0,0.23195863564043967,False
428,Gradient boosting,"weekly, expanding",2008-08-18,241,2008-08-22 23:49:00,0,0.24506243072042022,False
429,Gradient boosting,"weekly, expanding",2008-08-18,241,2008-08-22 23:56:00,0,0.1572388263040216,False
430,Gradient boosting,"weekly, expanding",2008-08-18,241,2008-08-23 02:04:00,0,0.053997882252083816,False
431,Gradient boosting,"weekly, expanding",2008-08-18,241,2008-08-23 03:26:00,0,0.05992735979771447,False
432,Gradient boosting,"weekly, expanding",2008-08-18,241,2008-08-23 04:50:00,0,0.05218855830273706,False
433,Gradient boosting,"weekly, expanding",2008-08-18,241,2008-08-23 04:52:00,0,0.21164698497354223,False
434,Gradient boosting,"weekly, expanding",2008-08-18,241,2008-08-23 05:57:00,0,0.16276520202231587,False
435,Gradient boosting,"weekly, expanding",2008-08-18,241,2008-08-23 05:57:00,0,0.07069492360730689,False
436,Gradient boosting,"weekly, expanding",2008-08-18,241,2008-08-23 05:58:00,0,0.13299042281046206,False
437,Gradient boosting,"weekly, expanding",2008-08-18,241,2008-08-23 05:58:00,0,0.049274284849985694,False
438,Gradient boosting,"weekly, expanding",2008-08-18,241,2008-08-23 09:24:00,0,0.16303111242242815,False
439,Gradient boosting,"weekly, expanding",2008-08-18,241,2008-08-23 12:58:00,0,0.06667082372102416,False
440,Gradient boosting,"weekly, expanding",2008-08-18,241,2008-08-23 13:02:00,0,0.04463358945883137,False
441,Gradient boosting,"weekly, expanding",2008-08-18,241,2008-08-23 15:10:00,0,0.07862141044723783,False
442,Gradient boosting,"weekly, expanding",2008-08-18,241,2008-08-23 15:29:00,1,0.040590904081893246,False
443,Gradient boosting,"weekly, expanding",2008-08-18,241,2008-08-24 02:32:00,0,0.10668550563729974,False
444,Gradient boosting,"weekly, expanding",2008-08-18,241,2008-08-24 04:00:00,0,0.06943651287108649,False
445,Gradient boosting,"weekly, expanding",2008-08-18,241,2008-08-24 07:12:00,0,0.05390775061086212,False
446,Gradient boosting,"weekly, expanding",2008-08-18,241,2008-08-24 07:14:00,0,0.23832196427878813,False
447,Gradient boosting,"weekly, expanding",2008-08-18,241,2008-08-24 10:09:00,0,0.09586983806738043,False
448,Gradient boosting,"weekly, expanding",2008-08-18,241,2008-08-24 10:14:00,0,0.07664594319303991,False
449,Gradient boosting,"weekly, expanding",2008-08-18,241,2008-08-24 13:03:00,1,0.1448979277887245,False
450,Gradient boosting,"weekly, expanding",2008-08-25,449,2008-08-25 09:29:00,0,0.07816411598368476,False
451,Gradient boosting,"weekly, expanding",2008-08-25,449,2008-08-27 00:46:00,0,0.10133781474333384,False
452,Gradient boosting,"weekly, expanding",2008-08-25,449,2008-08-27 11:38:00,0,0.06439487031853545,False
453,Gradient boosting,"weekly, expanding",2008-08-25,449,2008-08-27 12:22:00,0,0.05692110619163224,False
454,Gradient boosting,"weekly, expanding",2008-08-25,449,2008-08-27 13:35:00,0,0.0917547371432102,False
455,Gradient boosting,"weekly, expanding",2008-08-25,449,2008-08-27 14:18:00,0,0.09181920320187162,False
456,Gradient boosting,"weekly, expanding",2008-08-25,449,2008-08-27 17:14:00,0,0.043890749438924515,False
457,Gradient boosting,"weekly, expanding",2008-08-25,449,2008-08-27 22:48:00,0,0.10801240503846506,False
458,Gradient boosting,"weekly, expanding",2008-08-25,449,2008-08-27 22:58:00,0,0.20522789311101858,False
459,Gradient boosting,"weekly, expanding",2008-08-25,449,2008-08-28 03:03:00,0,0.16744021383686122,False
460,Gradient boosting,"weekly, expanding",2008-08-25,449,2008-08-28 03:04:00,0,0.17977823456995262,False
461,Gradient boosting,"weekly, expanding",2008-08-25,449,2008-08-28 03:29:00,0,0.13664129715166853,False
462,Gradient boosting,"weekly, expanding",2008-08-25,449,2008-08-28 03:38:00,0,0.08679657484827386,False
463,Gradient boosting,"weekly, expanding",2008-08-25,449,2008-08-28 03:45:00,0,0.08179543684692724,False
464,Gradient boosting,"weekly, expanding",2008-08-25,449,2008-08-28 04:10:00,0,0.0610780157554038,False
465,Gradient boosting,"weekly, expanding",2008-08-25,449,2008-08-28 04:20:00,0,0.0603709057725541,False
466,Gradient boosting,"weekly, expanding",2008-08-25,449,2008-08-28 04:54:00,0,0.11543418530958877,False
467,Gradient boosting,"weekly, expanding",2008-08-25,449,2008-08-28 05:00:00,0,0.16348156688415713,False
468,Gradient boosting,"weekly, expanding",2008-08-25,449,2008-08-28 06:15:00,0,0.037737419076509265,False
469,Gradient boosting,"weekly, expanding",2008-08-25,449,2008-08-28 06:39:00,0,0.10965048491586686,False
470,Gradient boosting,"weekly, expanding",2008-08-25,449,2008-08-28 06:56:00,0,0.05751688509551498,False
471,Gradient boosting,"weekly, expanding",2008-08-25,449,2008-08-28 07:40:00,0,0.10298273257785927,False
472,Gradient boosting,"weekly, expanding",2008-08-25,449,2008-08-28 07:51:00,0,0.0798838044169489,False
473,Gradient boosting,"weekly, expanding",2008-08-25,449,2008-08-28 08:41:00,0,0.0404258869243383,False
474,Gradient boosting,"weekly, expanding",2008-08-25,449,2008-08-28 09:46:00,0,0.03634198248377169,False
475,Gradient boosting,"weekly, expanding",2008-08-25,449,2008-08-28 09:49:00,0,0.11984550084017877,False
476,Gradient boosting,"weekly, expanding",2008-08-25,449,2008-08-28 10:15:00,0,0.10156920740830587,False
477,Gradient boosting,"weekly, expanding",2008-08-25,449,2008-08-28 10:28:00,0,0.04093801848513593,False
478,Gradient boosting,"weekly, expanding",2008-08-25,449,2008-08-28 10:32:00,0,0.060249437671577935,False
479,Gradient boosting,"weekly, expanding",2008-08-25,449,2008-08-28 11:19:00,0,0.12166302429169705,False
480,Gradient boosting,"weekly, expanding",2008-08-25,449,2008-08-28 12:44:00,0,0.0356578783747357,False
481,Gradient boosting,"weekly, expanding",2008-08-25,449,2008-08-28 14:48:00,0,0.04921814584650521,False
482,Gradient boosting,"weekly, expanding",2008-08-25,449,2008-08-28 15:19:00,0,0.15683758818954918,False
483,Gradient boosting,"weekly, expanding",2008-08-25,449,2008-08-28 16:01:00,0,0.044674496725862274,False
484,Gradient boosting,"weekly, expanding",2008-08-25,449,2008-08-28 16:43:00,0,0.38856346376513373,True
485,Gradient boosting,"weekly, expanding",2008-08-25,449,2008-08-28 16:52:00,0,0.11393024454773636,False
486,Gradient boosting,"weekly, expanding",2008-08-25,449,2008-08-28 17:21:00,0,0.13318890868253722,False
487,Gradient boosting,"weekly, expanding",2008-08-25,449,2008-08-28 17:27:00,0,0.09089881179239512,False
488,Gradient boosting,"weekly, expanding",2008-08-25,449,2008-08-28 17:32:00,0,0.0372888854042358,False
489,Gradient boosting,"weekly, expanding",2008-08-25,449,2008-08-28 18:05:00,0,0.035963283117354,False
490,Gradient boosting,"weekly, expanding",2008-08-25,449,2008-08-28 18:10:00,0,0.06990208659762327,False
491,Gradient boosting,"weekly, expanding",2008-08-25,449,2008-08-28 18:15:00,0,0.04532080255555612,False
492,Gradient boosting,"weekly, expanding",2008-08-25,449,2008-08-28 18:25:00,0,0.040829521149812545,False
493,Gradient boosting,"weekly, expanding",2008-08-25,449,2008-08-28 18:47:00,0,0.07382425926357297,False
494,Gradient boosting,"weekly, expanding",2008-08-25,449,2008-08-28 18:57:00,0,0.03603600202116218,False
495,Gradient boosting,"weekly, expanding",2008-08-25,449,2008-08-28 20:20:00,0,0.05950847005623113,False
496,Gradient boosting,"weekly, expanding",2008-08-25,449,2008-08-28 20:39:00,1,0.1571141258091668,False
497,Gradient boosting,"weekly, expanding",2008-08-25,449,2008-08-28 21:03:00,0,0.09300680166068213,False
498,Gradient boosting,"weekly, expanding",2008-08-25,449,2008-08-28 21:52:00,0,0.07689829118564173,False
499,Gradient boosting,"weekly, expanding",2008-08-25,449,2008-08-28 22:57:00,0,0.13461143648470686,False
500,Gradient boosting,"weekly, expanding",2008-08-25,449,2008-08-28 23:40:00,0,0.08999468962813224,False
501,Gradient boosting,"weekly, expanding",2008-08-25,449,2008-08-28 23:42:00,0,0.08290212515067781,False
502,Gradient boosting,"weekly, expanding",2008-08-25,449,2008-08-29 00:49:00,0,0.22359926002627448,False
503,Gradient boosting,"weekly, expanding",2008-08-25,449,2008-08-29 01:06:00,0,0.0841155741054607,False
504,Gradient boosting,"weekly, expanding",2008-08-25,449,2008-08-29 02:38:00,0,0.04118908196640496,False
505,Gradient boosting,"weekly, expanding",2008-08-25,449,2008-08-29 02:39:00,0,0.05645762570997376,False
506,Gradient boosting,"weekly, expanding",2008-08-25,449,2008-08-29 03:27:00,0,0.3255932902301571,True
507,Gradient boosting,"weekly, expanding",2008-08-25,449,2008-08-29 03:33:00,0,0.06807498756001569,False
508,Gradient boosting,"weekly, expanding",2008-08-25,449,2008-08-29 03:46:00,0,0.07462899273452654,False
509,Gradient boosting,"weekly, expanding",2008-08-25,449,2008-08-29 04:55:00,1,0.16773398523982833,False
510,Gradient boosting,"weekly, expanding",2008-08-25,449,2008-08-29 04:56:00,0,0.14303870107239242,False
511,Gradient boosting,"weekly, expanding",2008-08-25,449,2008-08-29 05:16:00,0,0.06734876422545516,False
512,Gradient boosting,"weekly, expanding",2008-08-25,449,2008-08-29 05:54:00,0,0.07285125456838393,False
513,Gradient boosting,"weekly, expanding",2008-08-25,449,2008-08-29 05:54:00,0,0.04960759427319184,False
514,Gradient boosting,"weekly, expanding",2008-08-25,449,2008-08-29 05:57:00,0,0.10628707022358673,False
515,Gradient boosting,"weekly, expanding",2008-08-25,449,2008-08-29 05:57:00,0,0.1413610800036165,False
516,Gradient boosting,"weekly, expanding",2008-08-25,449,2008-08-29 06:35:00,0,0.1702066187556354,False
517,Gradient boosting,"weekly, expanding",2008-08-25,449,2008-08-29 06:37:00,0,0.0964799712831017,False
518,Gradient boosting,"weekly, expanding",2008-08-25,449,2008-08-29 06:40:00,0,0.07358038391747962,False
519,Gradient boosting,"weekly, expanding",2008-08-25,449,2008-08-29 06:45:00,1,0.091562248483977,False
520,Gradient boosting,"weekly, expanding",2008-08-25,449,2008-08-29 06:54:00,0,0.06182536174808967,False
521,Gradient boosting,"weekly, expanding",2008-08-25,449,2008-08-29 07:18:00,0,0.08809066043005775,False
522,Gradient boosting,"weekly, expanding",2008-08-25,449,2008-08-29 07:22:00,0,0.1297560674834857,False
523,Gradient boosting,"weekly, expanding",2008-08-25,449,2008-08-29 07:24:00,0,0.2242917189774917,False
524,Gradient boosting,"weekly, expanding",2008-08-25,449,2008-08-29 07:33:00,0,0.07158753554001134,False
525,Gradient boosting,"weekly, expanding",2008-08-25,449,2008-08-29 07:33:00,0,0.08736900983664168,False
526,Gradient boosting,"weekly, expanding",2008-08-25,449,2008-08-29 08:10:00,0,0.0476516375451326,False
527,Gradient boosting,"weekly, expanding",2008-08-25,449,2008-08-29 08:20:00,0,0.08515179741615411,False
528,Gradient boosting,"weekly, expanding",2008-08-25,449,2008-08-29 08:41:00,0,0.15033696584068637,False
529,Gradient boosting,"weekly, expanding",2008-08-25,449,2008-08-29 08:45:00,0,0.10890965285525958,False
530,Gradient boosting,"weekly, expanding",2008-08-25,449,2008-08-29 12:21:00,0,0.07900951555374118,False
531,Gradient boosting,"weekly, expanding",2008-08-25,449,2008-08-29 12:22:00,0,0.04315626018336294,False
532,Gradient boosting,"weekly, expanding",2008-08-25,449,2008-08-29 12:37:00,0,0.08312507067788064,False
533,Gradient boosting,"weekly, expanding",2008-08-25,449,2008-08-29 13:04:00,0,0.1491962569041078,False
534,Gradient boosting,"weekly, expanding",2008-08-25,449,2008-08-29 13:14:00,0,0.12327783970251538,False
535,Gradient boosting,"weekly, expanding",2008-08-25,449,2008-08-29 13:27:00,0,0.05330872467808525,False
536,Gradient boosting,"weekly, expanding",2008-08-25,449,2008-08-29 13:49:00,0,0.09809282603544868,False
537,Gradient boosting,"weekly, expanding",2008-08-25,449,2008-08-29 14:11:00,0,0.07093521147900404,False
538,Gradient boosting,"weekly, expanding",2008-08-25,449,2008-08-29 14:18:00,0,0.13950638831773504,False
539,Gradient boosting,"weekly, expanding",2008-08-25,449,2008-08-29 14:30:00,0,0.12461356718579501,False
540,Gradient boosting,"weekly, expanding",2008-08-25,449,2008-08-29 15:01:00,0,0.03934258234449176,False
541,Gradient boosting,"weekly, expanding",2008-08-25,449,2008-08-29 15:43:00,0,0.11909664792140952,False
542,Gradient boosting,"weekly, expanding",2008-08-25,449,2008-08-29 16:26:00,0,0.11378077433763269,False
543,Gradient boosting,"weekly, expanding",2008-08-25,449,2008-08-29 20:21:00,0,0.16806071138755374,False
544,Gradient boosting,"weekly, expanding",2008-08-25,449,2008-08-29 20:49:00,0,0.03450199228855463,False
545,Gradient boosting,"weekly, expanding",2008-08-25,449,2008-08-29 21:25:00,0,0.07218521320341968,False
546,Gradient boosting,"weekly, expanding",2008-08-25,449,2008-08-29 21:46:00,0,0.11543703247865922,False
547,Gradient boosting,"weekly, expanding",2008-08-25,449,2008-08-29 21:54:00,0,0.08756517411819853,False
548,Gradient boosting,"weekly, expanding",2008-08-25,449,2008-08-29 22:11:00,0,0.07296489649321265,False
549,Gradient boosting,"weekly, expanding",2008-08-25,449,2008-08-29 22:45:00,0,0.12025635126790028,False
550,Gradient boosting,"weekly, expanding",2008-08-25,449,2008-08-29 22:49:00,0,0.06324697807042895,False
551,Gradient boosting,"weekly, expanding",2008-08-25,449,2008-08-29 22:56:00,0,0.06756125580891731,False
552,Gradient boosting,"weekly, expanding",2008-08-25,449,2008-08-30 00:01:00,0,0.1610113319454079,False
553,Gradient boosting,"weekly, expanding",2008-08-25,449,2008-08-30 00:05:00,0,0.08396895000699392,False
554,Gradient boosting,"weekly, expanding",2008-08-25,449,2008-08-30 00:57:00,0,0.034752469669581364,False
555,Gradient boosting,"weekly, expanding",2008-08-25,449,2008-08-30 01:29:00,0,0.03923142393627699,False
556,Gradient boosting,"weekly, expanding",2008-08-25,449,2008-08-30 02:08:00,0,0.1094132752087008,False
557,Gradient boosting,"weekly, expanding",2008-08-25,449,2008-08-30 02:22:00,0,0.04245867184683671,False
558,Gradient boosting,"weekly, expanding",2008-08-25,449,2008-08-30 02:32:00,0,0.15764194514737384,False
559,Gradient boosting,"weekly, expanding",2008-08-25,449,2008-08-30 02:39:00,0,0.0917828213006133,False
560,Gradient boosting,"weekly, expanding",2008-08-25,449,2008-08-30 02:50:00,0,0.04896233968328697,False
561,Gradient boosting,"weekly, expanding",2008-08-25,449,2008-08-30 03:10:00,0,0.03635298877652999,False
562,Gradient boosting,"weekly, expanding",2008-08-25,449,2008-08-30 04:20:00,0,0.26065508387884945,True
563,Gradient boosting,"weekly, expanding",2008-08-25,449,2008-08-30 04:24:00,0,0.155794196334898,False
564,Gradient boosting,"weekly, expanding",2008-08-25,449,2008-08-30 04:55:00,0,0.1047657353029738,False
565,Gradient boosting,"weekly, expanding",2008-08-25,449,2008-08-30 05:05:00,0,0.1358221509279843,False
566,Gradient boosting,"weekly, expanding",2008-08-25,449,2008-08-30 05:05:00,0,0.08910052147047272,False
567,Gradient boosting,"weekly, expanding",2008-08-25,449,2008-08-30 05:38:00,0,0.03456903350436257,False
568,Gradient boosting,"weekly, expanding",2008-08-25,449,2008-08-30 05:51:00,0,0.09331659872790142,False
569,Gradient boosting,"weekly, expanding",2008-08-25,449,2008-08-30 07:50:00,0,0.054893871381532004,False
570,Gradient boosting,"weekly, expanding",2008-08-25,449,2008-08-30 07:54:00,0,0.13148831843350994,False
571,Gradient boosting,"weekly, expanding",2008-08-25,449,2008-08-30 08:10:00,0,0.08286783449068717,False
572,Gradient boosting,"weekly, expanding",2008-08-25,449,2008-08-30 08:29:00,0,0.17238994345170636,False
573,Gradient boosting,"weekly, expanding",2008-08-25,449,2008-08-30 08:42:00,0,0.17339476638232632,False
574,Gradient boosting,"weekly, expanding",2008-08-25,449,2008-08-30 08:53:00,0,0.11279227826623936,False
575,Gradient boosting,"weekly, expanding",2008-08-25,449,2008-08-30 09:13:00,0,0.2978891911034927,True
576,Gradient boosting,"weekly, expanding",2008-08-25,449,2008-08-30 09:37:00,0,0.029610050840875802,False
577,Gradient boosting,"weekly, expanding",2008-08-25,449,2008-08-30 09:45:00,1,0.041823900388095574,False
578,Gradient boosting,"weekly, expanding",2008-08-25,449,2008-08-30 10:15:00,0,0.1629532029417974,False
579,Gradient boosting,"weekly, expanding",2008-08-25,449,2008-08-30 10:16:00,0,0.284835072945942,True
580,Gradient boosting,"weekly, expanding",2008-08-25,449,2008-08-30 11:12:00,0,0.08554659171524986,False
581,Gradient boosting,"weekly, expanding",2008-08-25,449,2008-08-30 11:14:00,0,0.05413818465817905,False
582,Gradient boosting,"weekly, expanding",2008-08-25,449,2008-08-30 11:18:00,0,0.14960021678895605,False
583,Gradient boosting,"weekly, expanding",2008-08-25,449,2008-08-30 11:57:00,0,0.07003482211279673,False
584,Gradient boosting,"weekly, expanding",2008-08-25,449,2008-08-30 14:10:00,1,0.13824313315782522,False
585,Gradient boosting,"weekly, expanding",2008-08-25,449,2008-08-30 14:23:00,0,0.060799953488290946,False
586,Gradient boosting,"weekly, expanding",2008-08-25,449,2008-08-30 14:37:00,0,0.15232100528879222,False
587,Gradient boosting,"weekly, expanding",2008-08-25,449,2008-08-30 15:06:00,0,0.14369317404749912,False
588,Gradient boosting,"weekly, expanding",2008-08-25,449,2008-08-30 15:16:00,0,0.1285726191288562,False
589,Gradient boosting,"weekly, expanding",2008-08-25,449,2008-08-30 15:37:00,0,0.11605423762138344,False
590,Gradient boosting,"weekly, expanding",2008-08-25,449,2008-08-30 15:50:00,0,0.0794070843596089,False
591,Gradient boosting,"weekly, expanding",2008-08-25,449,2008-08-30 15:57:00,0,0.3109352663928703,True
592,Gradient boosting,"weekly, expanding",2008-08-25,449,2008-08-30 16:24:00,0,0.06833279312590147,False
593,Gradient boosting,"weekly, expanding",2008-08-25,449,2008-08-30 17:05:00,0,0.08818377576372702,False
594,Gradient boosting,"weekly, expanding",2008-08-25,449,2008-08-30 17:49:00,0,0.14829387517671574,False
595,Gradient boosting,"weekly, expanding",2008-08-25,449,2008-08-30 19:21:00,0,0.0464939863555164,False
596,Gradient boosting,"weekly, expanding",2008-08-25,449,2008-08-30 19:27:00,0,0.07535415743353156,False
597,Gradient boosting,"weekly, expanding",2008-08-25,449,2008-08-30 20:11:00,0,0.06531974680143682,False
598,Gradient boosting,"weekly, expanding",2008-08-25,449,2008-08-30 20:53:00,0,0.22235364588539905,False
599,Gradient boosting,"weekly, expanding",2008-08-25,449,2008-08-30 21:53:00,0,0.06371675781931327,False
600,Gradient boosting,"weekly, expanding",2008-08-25,449,2008-08-30 23:51:00,0,0.12809648444241334,False
601,Gradient boosting,"weekly, expanding",2008-08-25,449,2008-08-31 02:57:00,0,0.1036150652589455,False
602,Gradient boosting,"weekly, expanding",2008-08-25,449,2008-08-31 04:46:00,1,0.046209840427049856,False
603,Gradient boosting,"weekly, expanding",2008-08-25,449,2008-08-31 05:05:00,0,0.15823586284537236,False
604,Gradient boosting,"weekly, expanding",2008-08-25,449,2008-08-31 09:11:00,0,0.10879700005353395,False
605,Gradient boosting,"weekly, expanding",2008-08-25,449,2008-08-31 10:36:00,0,0.11839107151871502,False
606,Gradient boosting,"weekly, expanding",2008-08-25,449,2008-08-31 10:59:00,1,0.051004493229514836,False
607,Gradient boosting,"weekly, expanding",2008-08-25,449,2008-08-31 10:59:00,0,0.05611307982506998,False
608,Gradient boosting,"weekly, expanding",2008-08-25,449,2008-08-31 11:03:00,0,0.15875618731447738,False
609,Gradient boosting,"weekly, expanding",2008-08-25,449,2008-08-31 15:09:00,0,0.07799376329527634,False
610,Gradient boosting,"weekly, expanding",2008-08-25,449,2008-08-31 15:13:00,0,0.07724794097522948,False
611,Gradient boosting,"weekly, expanding",2008-08-25,449,2008-08-31 16:32:00,0,0.26374195754620317,True
612,Gradient boosting,"weekly, expanding",2008-08-25,449,2008-08-31 20:24:00,0,0.12273226589673568,False
613,Gradient boosting,"weekly, expanding",2008-08-25,449,2008-08-31 21:04:00,0,0.24943309910254194,False
614,Gradient boosting,"weekly, expanding",2008-08-25,449,2008-08-31 21:46:00,0,0.14058204147043107,False
615,Gradient boosting,"weekly, expanding",2008-08-25,449,2008-08-31 21:58:00,0,0.17376157695936922,False
616,Gradient boosting,"weekly, expanding",2008-08-25,449,2008-08-31 22:32:00,0,0.046953200397208836,False
617,Gradient boosting,"weekly, expanding",2008-08-25,449,2008-08-31 22:48:00,0,0.08194689846456629,False
618,Gradient boosting,"weekly, expanding",2008-08-25,449,2008-08-31 22:57:00,0,0.2354991752145301,False
619,Gradient boosting,"weekly, expanding",2008-09-01,618,2008-09-01 00:01:00,0,0.14536377911725873,False
620,Gradient boosting,"weekly, expanding",2008-09-01,618,2008-09-01 00:39:00,0,0.04863935903198672,False
621,Gradient boosting,"weekly, expanding",2008-09-01,618,2008-09-01 00:45:00,0,0.0294915736618383,False
622,Gradient boosting,"weekly, expanding",2008-09-01,618,2008-09-01 00:53:00,0,0.03206134610732784,False
623,Gradient boosting,"weekly, expanding",2008-09-01,618,2008-09-01 05:29:00,0,0.01760979894186837,False
624,Gradient boosting,"weekly, expanding",2008-09-01,618,2008-09-01 05:32:00,0,0.03318733532928573,False
625,Gradient boosting,"weekly, expanding",2008-09-01,618,2008-09-01 06:12:00,0,0.03769145165409665,False
626,Gradient boosting,"weekly, expanding",2008-09-01,618,2008-09-01 06:21:00,0,0.046320728893946,False
627,Gradient boosting,"weekly, expanding",2008-09-01,618,2008-09-01 06:52:00,0,0.031008801328349087,False
628,Gradient boosting,"weekly, expanding",2008-09-01,618,2008-09-01 08:18:00,0,0.02170372483051859,False
629,Gradient boosting,"weekly, expanding",2008-09-01,618,2008-09-01 09:06:00,0,0.02403089268432165,False
630,Gradient boosting,"weekly, expanding",2008-09-01,618,2008-09-01 09:19:00,0,0.027073784066459654,False
631,Gradient boosting,"weekly, expanding",2008-09-01,618,2008-09-01 09:54:00,0,0.04178004635453417,False
632,Gradient boosting,"weekly, expanding",2008-09-01,618,2008-09-01 10:57:00,0,0.028872099010871097,False
633,Gradient boosting,"weekly, expanding",2008-09-01,618,2008-09-01 11:40:00,0,0.03508631368529917,False
634,Gradient boosting,"weekly, expanding",2008-09-01,618,2008-09-01 16:20:00,0,0.03799324762582742,False
635,Gradient boosting,"weekly, expanding",2008-09-01,618,2008-09-01 19:54:00,1,0.13416899099371055,False
636,Gradient boosting,"weekly, expanding",2008-09-01,618,2008-09-01 20:51:00,0,0.04839348793826604,False
637,Gradient boosting,"weekly, expanding",2008-09-01,618,2008-09-01 22:05:00,0,0.030887013489556223,False
638,Gradient boosting,"weekly, expanding",2008-09-01,618,2008-09-01 23:05:00,0,0.026072078240004834,False
639,Gradient boosting,"weekly, expanding",2008-09-01,618,2008-09-01 23:19:00,0,0.02926589574445164,False
640,Gradient boosting,"weekly, expanding",2008-09-01,618,2008-09-01 23:24:00,0,0.03405751103499228,False
641,Gradient boosting,"weekly, expanding",2008-09-01,618,2008-09-01 23:28:00,0,0.022870051484759867,False
642,Gradient boosting,"weekly, expanding",2008-09-01,618,2008-09-01 23:39:00,0,0.05780322263978558,False
643,Gradient boosting,"weekly, expanding",2008-09-01,618,2008-09-01 23:45:00,0,0.05617286665943294,False
644,Gradient boosting,"weekly, expanding",2008-09-01,618,2008-09-01 23:59:00,0,0.07581301524486712,False
645,Gradient boosting,"weekly, expanding",2008-09-01,618,2008-09-02 00:26:00,0,0.022234609279299766,False
646,Gradient boosting,"weekly, expanding",2008-09-01,618,2008-09-02 00:31:00,0,0.03528640964030296,False
647,Gradient boosting,"weekly, expanding",2008-09-01,618,2008-09-02 00:46:00,0,0.01979700389453946,False
648,Gradient boosting,"weekly, expanding",2008-09-01,618,2008-09-02 01:09:00,0,0.022244711425386202,False
649,Gradient boosting,"weekly, expanding",2008-09-01,618,2008-09-02 01:10:00,0,0.05049293449482394,False
650,Gradient boosting,"weekly, expanding",2008-09-01,618,2008-09-02 01:10:00,0,0.07250966578654136,False
651,Gradient boosting,"weekly, expanding",2008-09-01,618,2008-09-02 01:36:00,0,0.045894045536571025,False
652,Gradient boosting,"weekly, expanding",2008-09-01,618,2008-09-02 01:50:00,0,0.05143674114888186,False
653,Gradient boosting,"weekly, expanding",2008-09-01,618,2008-09-02 02:02:00,0,0.04872553055967431,False
654,Gradient boosting,"weekly, expanding",2008-09-01,618,2008-09-02 02:11:00,0,0.04201943768344124,False
655,Gradient boosting,"weekly, expanding",2008-09-01,618,2008-09-02 02:50:00,0,0.022446580121627955,False
656,Gradient boosting,"weekly, expanding",2008-09-01,618,2008-09-02 02:52:00,0,0.027910242300557827,False
657,Gradient boosting,"weekly, expanding",2008-09-01,618,2008-09-02 03:33:00,0,0.03570301684992919,False
658,Gradient boosting,"weekly, expanding",2008-09-01,618,2008-09-02 03:35:00,0,0.02578550815943656,False
659,Gradient boosting,"weekly, expanding",2008-09-01,618,2008-09-02 03:35:00,0,0.03850453742811674,False
660,Gradient boosting,"weekly, expanding",2008-09-01,618,2008-09-02 04:19:00,0,0.04127470724838545,False
661,Gradient boosting,"weekly, expanding",2008-09-01,618,2008-09-02 04:22:00,0,0.03471779711895258,False
662,Gradient boosting,"weekly, expanding",2008-09-01,618,2008-09-02 05:46:00,0,0.029858154568544053,False
663,Gradient boosting,"weekly, expanding",2008-09-01,618,2008-09-02 06:03:00,0,0.047306544085826796,False
664,Gradient boosting,"weekly, expanding",2008-09-01,618,2008-09-02 06:19:00,0,0.02136061637449809,False
665,Gradient boosting,"weekly, expanding",2008-09-01,618,2008-09-02 06:32:00,0,0.03764886217318872,False
666,Gradient boosting,"weekly, expanding",2008-09-01,618,2008-09-02 06:48:00,0,0.02804417445794535,False
667,Gradient boosting,"weekly, expanding",2008-09-01,618,2008-09-02 07:22:00,0,0.03379194910564098,False
668,Gradient boosting,"weekly, expanding",2008-09-01,618,2008-09-02 07:32:00,0,0.06442285108769673,False
669,Gradient boosting,"weekly, expanding",2008-09-01,618,2008-09-02 08:15:00,0,0.055325665424467714,False
670,Gradient boosting,"weekly, expanding",2008-09-01,618,2008-09-02 08:54:00,0,0.026381684047110717,False
671,Gradient boosting,"weekly, expanding",2008-09-01,618,2008-09-02 09:36:00,0,0.123524159843328,False
672,Gradient boosting,"weekly, expanding",2008-09-01,618,2008-09-02 09:37:00,0,0.02743125123773432,False
673,Gradient boosting,"weekly, expanding",2008-09-01,618,2008-09-02 10:13:00,0,0.024971007664197603,False
674,Gradient boosting,"weekly, expanding",2008-09-01,618,2008-09-02 10:21:00,0,0.03155677175577224,False
675,Gradient boosting,"weekly, expanding",2008-09-01,618,2008-09-02 10:25:00,0,0.05591839524717544,False
676,Gradient boosting,"weekly, expanding",2008-09-01,618,2008-09-02 10:33:00,0,0.05196107059082093,False
677,Gradient boosting,"weekly, expanding",2008-09-01,618,2008-09-02 11:08:00,0,0.07443161364355606,False
678,Gradient boosting,"weekly, expanding",2008-09-01,618,2008-09-02 11:22:00,0,0.02977938573502749,False
679,Gradient boosting,"weekly, expanding",2008-09-01,618,2008-09-02 11:47:00,0,0.05695422936453871,False
680,Gradient boosting,"weekly, expanding",2008-09-01,618,2008-09-02 11:49:00,0,0.022604726275794663,False
681,Gradient boosting,"weekly, expanding",2008-09-01,618,2008-09-02 12:01:00,0,0.05007171955478619,False
682,Gradient boosting,"weekly, expanding",2008-09-01,618,2008-09-02 12:17:00,0,0.028523587757486923,False
683,Gradient boosting,"weekly, expanding",2008-09-01,618,2008-09-02 12:26:00,0,0.04696484722848918,False
684,Gradient boosting,"weekly, expanding",2008-09-01,618,2008-09-02 12:30:00,0,0.04759049878999791,False
685,Gradient boosting,"weekly, expanding",2008-09-01,618,2008-09-02 12:44:00,0,0.039420887165653,False
686,Gradient boosting,"weekly, expanding",2008-09-01,618,2008-09-02 13:05:00,0,0.04982545319513117,False
687,Gradient boosting,"weekly, expanding",2008-09-01,618,2008-09-02 13:08:00,0,0.05127924256270195,False
688,Gradient boosting,"weekly, expanding",2008-09-01,618,2008-09-02 13:27:00,0,0.02621014976513048,False
689,Gradient boosting,"weekly, expanding",2008-09-01,618,2008-09-02 13:40:00,0,0.05461341850392092,False
690,Gradient boosting,"weekly, expanding",2008-09-01,618,2008-09-02 14:09:00,0,0.0964461566578204,False
691,Gradient boosting,"weekly, expanding",2008-09-01,618,2008-09-02 14:21:00,0,0.046194181652851767,False
692,Gradient boosting,"weekly, expanding",2008-09-01,618,2008-09-02 14:34:00,0,0.018728715229222606,False
693,Gradient boosting,"weekly, expanding",2008-09-01,618,2008-09-02 15:29:00,0,0.040016624059206744,False
694,Gradient boosting,"weekly, expanding",2008-09-01,618,2008-09-02 16:10:00,0,0.05383568764824216,False
695,Gradient boosting,"weekly, expanding",2008-09-01,618,2008-09-02 16:50:00,0,0.044550389793549486,False
696,Gradient boosting,"weekly, expanding",2008-09-01,618,2008-09-02 16:54:00,0,0.045625663801126225,False
697,Gradient boosting,"weekly, expanding",2008-09-01,618,2008-09-02 16:58:00,0,0.04117414964812245,False
698,Gradient boosting,"weekly, expanding",2008-09-01,618,2008-09-02 17:10:00,0,0.014564595872436772,False
699,Gradient boosting,"weekly, expanding",2008-09-01,618,2008-09-02 17:18:00,0,0.045665572833917784,False
700,Gradient boosting,"weekly, expanding",2008-09-01,618,2008-09-02 18:38:00,0,0.044513006122332784,False
701,Gradient boosting,"weekly, expanding",2008-09-01,618,2008-09-02 18:52:00,0,0.03655011573840991,False
702,Gradient boosting,"weekly, expanding",2008-09-01,618,2008-09-02 19:18:00,0,0.0375396305783005,False
703,Gradient boosting,"weekly, expanding",2008-09-01,618,2008-09-02 20:18:00,0,0.024456610619777608,False
704,Gradient boosting,"weekly, expanding",2008-09-01,618,2008-09-02 20:52:00,0,0.0893656919573274,False
705,Gradient boosting,"weekly, expanding",2008-09-01,618,2008-09-02 20:58:00,0,0.06861123487383809,False
706,Gradient boosting,"weekly, expanding",2008-09-01,618,2008-09-02 20:59:00,0,0.04975971346044491,False
707,Gradient boosting,"weekly, expanding",2008-09-01,618,2008-09-03 00:18:00,0,0.10763541600771655,False
708,Gradient boosting,"weekly, expanding",2008-09-01,618,2008-09-03 00:45:00,0,0.0322142013120859,False
709,Gradient boosting,"weekly, expanding",2008-09-01,618,2008-09-03 00:58:00,0,0.06783160503394477,False
710,Gradient boosting,"weekly, expanding",2008-09-01,618,2008-09-03 01:15:00,1,0.07339638142971396,False
711,Gradient boosting,"weekly, expanding",2008-09-01,618,2008-09-03 01:32:00,0,0.03218601159635038,False
712,Gradient boosting,"weekly, expanding",2008-09-01,618,2008-09-03 04:18:00,0,0.033906288942111715,False
713,Gradient boosting,"weekly, expanding",2008-09-01,618,2008-09-03 06:26:00,0,0.03311262492309562,False
714,Gradient boosting,"weekly, expanding",2008-09-01,618,2008-09-03 09:38:00,0,0.020004903102401453,False
715,Gradient boosting,"weekly, expanding",2008-09-01,618,2008-09-03 14:24:00,0,0.03561691928345579,False
716,Gradient boosting,"weekly, expanding",2008-09-01,618,2008-09-03 14:29:00,0,0.040207354795468025,False
717,Gradient boosting,"weekly, expanding",2008-09-01,618,2008-09-03 17:22:00,0,0.10345372170311162,False
718,Gradient boosting,"weekly, expanding",2008-09-01,618,2008-09-03 18:16:00,0,0.04829651453389175,False
719,Gradient boosting,"weekly, expanding",2008-09-01,618,2008-09-03 18:16:00,0,0.05107601941733218,False
720,Gradient boosting,"weekly, expanding",2008-09-01,618,2008-09-03 20:00:00,0,0.034457596340992123,False
721,Gradient boosting,"weekly, expanding",2008-09-01,618,2008-09-03 20:10:00,0,0.06242885839043632,False
722,Gradient boosting,"weekly, expanding",2008-09-01,618,2008-09-04 08:01:00,0,0.09434003229309772,False
723,Gradient boosting,"weekly, expanding",2008-09-01,618,2008-09-04 08:22:00,0,0.036174227496836006,False
724,Gradient boosting,"weekly, expanding",2008-09-01,618,2008-09-04 08:33:00,0,0.0977310679490944,False
725,Gradient boosting,"weekly, expanding",2008-09-01,618,2008-09-04 08:41:00,0,0.031982835935391064,False
726,Gradient boosting,"weekly, expanding",2008-09-01,618,2008-09-04 08:53:00,0,0.04314393729176701,False
727,Gradient boosting,"weekly, expanding",2008-09-01,618,2008-09-04 11:50:00,0,0.0258101950359331,False
728,Gradient boosting,"weekly, expanding",2008-09-01,618,2008-09-04 14:09:00,0,0.046820086974271785,False
729,Gradient boosting,"weekly, expanding",2008-09-01,618,2008-09-04 14:11:00,0,0.08673975572095073,False
730,Gradient boosting,"weekly, expanding",2008-09-01,618,2008-09-04 14:48:00,0,0.04501399801976337,False
731,Gradient boosting,"weekly, expanding",2008-09-01,618,2008-09-04 16:30:00,0,0.015464683001038159,False
732,Gradient boosting,"weekly, expanding",2008-09-01,618,2008-09-04 16:41:00,0,0.02951963653250041,False
733,Gradient boosting,"weekly, expanding",2008-09-01,618,2008-09-04 16:56:00,0,0.053496807013786736,False
734,Gradient boosting,"weekly, expanding",2008-09-01,618,2008-09-04 17:30:00,0,0.03419353675755612,False
735,Gradient boosting,"weekly, expanding",2008-09-01,618,2008-09-05 15:30:00,0,0.04633449192104109,False
736,Gradient boosting,"weekly, expanding",2008-09-01,618,2008-09-05 21:48:00,0,0.041259038140437514,False
737,Gradient boosting,"weekly, expanding",2008-09-01,618,2008-09-07 00:08:00,0,0.03435192570165251,False
738,Gradient boosting,"weekly, expanding",2008-09-01,618,2008-09-07 00:12:00,0,0.0357365805280363,False
739,Gradient boosting,"weekly, expanding",2008-09-01,618,2008-09-07 00:49:00,0,0.04723630381658468,False
740,Gradient boosting,"weekly, expanding",2008-09-01,618,2008-09-07 10:52:00,0,0.027536970917030782,False
741,Gradient boosting,"weekly, expanding",2008-09-01,618,2008-09-07 12:04:00,0,0.06316047482493171,False
742,Gradient boosting,"weekly, expanding",2008-09-01,618,2008-09-07 12:20:00,0,0.04561027160115498,False
743,Gradient boosting,"weekly, expanding",2008-09-01,618,2008-09-07 13:02:00,0,0.04658753040439187,False
744,Gradient boosting,"weekly, expanding",2008-09-01,618,2008-09-07 18:02:00,0,0.03835392351235997,False
745,Gradient boosting,"weekly, expanding",2008-09-01,618,2008-09-07 18:24:00,0,0.059518270444073436,False
746,Gradient boosting,"weekly, expanding",2008-09-01,618,2008-09-07 18:49:00,0,0.06810685314720276,False
747,Gradient boosting,"weekly, expanding",2008-09-01,618,2008-09-07 19:29:00,0,0.11603266047661194,False
748,Gradient boosting,"weekly, expanding",2008-09-01,618,2008-09-07 19:31:00,0,0.04368658224097008,False
749,Gradient boosting,"weekly, expanding",2008-09-01,618,2008-09-07 20:12:00,0,0.033097301718229936,False
750,Gradient boosting,"weekly, expanding",2008-09-01,618,2008-09-07 20:50:00,0,0.0495226686264587,False
751,Gradient boosting,"weekly, expanding",2008-09-01,618,2008-09-07 23:33:00,0,0.05184167730920696,False
752,Gradient boosting,"weekly, expanding",2008-09-08,751,2008-09-08 00:32:00,0,0.05034939779018894,False
753,Gradient boosting,"weekly, expanding",2008-09-08,751,2008-09-08 00:40:00,0,0.1222897762052402,False
754,Gradient boosting,"weekly, expanding",2008-09-08,751,2008-09-08 01:24:00,0,0.022197784805337746,False
755,Gradient boosting,"weekly, expanding",2008-09-08,751,2008-09-08 03:32:00,0,0.026784462361389882,False
756,Gradient boosting,"weekly, expanding",2008-09-08,751,2008-09-08 03:48:00,0,0.03314263781510131,False
757,Gradient boosting,"weekly, expanding",2008-09-08,751,2008-09-08 04:21:00,0,0.01957945339266505,False
758,Gradient boosting,"weekly, expanding",2008-09-08,751,2008-09-08 06:37:00,0,0.018076100316518833,False
759,Gradient boosting,"weekly, expanding",2008-09-08,751,2008-09-08 07:14:00,0,0.019506653468127508,False
760,Gradient boosting,"weekly, expanding",2008-09-08,751,2008-09-08 07:41:00,0,0.013725094777636013,False
761,Gradient boosting,"weekly, expanding",2008-09-08,751,2008-09-08 18:46:00,0,0.038369675438070405,False
762,Gradient boosting,"weekly, expanding",2008-09-08,751,2008-09-08 19:14:00,0,0.079320713449962,False
763,Gradient boosting,"weekly, expanding",2008-09-08,751,2008-09-08 19:15:00,0,0.030356439385203937,False
764,Gradient boosting,"weekly, expanding",2008-09-08,751,2008-09-08 19:25:00,0,0.026367979843719594,False
765,Gradient boosting,"weekly, expanding",2008-09-08,751,2008-09-08 19:33:00,0,0.031330172575710726,False
766,Gradient boosting,"weekly, expanding",2008-09-08,751,2008-09-08 20:00:00,0,0.024578302360109616,False
767,Gradient boosting,"weekly, expanding",2008-09-08,751,2008-09-08 21:36:00,0,0.021860618282277228,False
768,Gradient boosting,"weekly, expanding",2008-09-08,751,2008-09-08 21:53:00,0,0.025584244558596425,False
769,Gradient boosting,"weekly, expanding",2008-09-08,751,2008-09-08 22:17:00,0,0.025117864877694566,False
770,Gradient boosting,"weekly, expanding",2008-09-08,751,2008-09-09 00:25:00,0,0.05043381365988169,False
771,Gradient boosting,"weekly, expanding",2008-09-08,751,2008-09-09 03:53:00,0,0.023301269242437837,False
772,Gradient boosting,"weekly, expanding",2008-09-08,751,2008-09-09 08:44:00,0,0.0199844528279297,False
773,Gradient boosting,"weekly, expanding",2008-09-08,751,2008-09-10 07:26:00,0,0.039585685902858665,False
774,Gradient boosting,"weekly, expanding",2008-09-08,751,2008-09-10 09:21:00,0,0.029557403924085714,False
775,Gradient boosting,"weekly, expanding",2008-09-08,751,2008-09-10 20:52:00,0,0.029533837046639432,False
776,Gradient boosting,"weekly, expanding",2008-09-08,751,2008-09-10 20:53:00,0,0.02163111801374409,False
777,Gradient boosting,"weekly, expanding",2008-09-08,751,2008-09-10 21:56:00,0,0.026560949682713147,False
778,Gradient boosting,"weekly, expanding",2008-09-08,751,2008-09-10 23:30:00,0,0.05863606552272879,False
779,Gradient boosting,"weekly, expanding",2008-09-08,751,2008-09-10 23:43:00,0,0.02572163892277751,False
780,Gradient boosting,"weekly, expanding",2008-09-08,751,2008-09-11 00:17:00,0,0.03331138087680622,False
781,Gradient boosting,"weekly, expanding",2008-09-08,751,2008-09-11 05:20:00,0,0.01191562932055001,False
782,Gradient boosting,"weekly, expanding",2008-09-08,751,2008-09-11 06:04:00,0,0.018098570535298147,False
783,Gradient boosting,"weekly, expanding",2008-09-08,751,2008-09-11 07:43:00,0,0.02150544368893195,False
784,Gradient boosting,"weekly, expanding",2008-09-08,751,2008-09-11 08:06:00,0,0.06824096501626384,False
785,Gradient boosting,"weekly, expanding",2008-09-08,751,2008-09-11 08:58:00,0,0.023561317368660326,False
786,Gradient boosting,"weekly, expanding",2008-09-08,751,2008-09-11 09:24:00,0,0.038940453203771715,False
787,Gradient boosting,"weekly, expanding",2008-09-08,751,2008-09-11 12:47:00,0,0.05642033578943201,False
788,Gradient boosting,"weekly, expanding",2008-09-08,751,2008-09-11 13:36:00,0,0.034402028196095016,False
789,Gradient boosting,"weekly, expanding",2008-09-08,751,2008-09-11 14:20:00,0,0.03919496470448322,False
790,Gradient boosting,"weekly, expanding",2008-09-08,751,2008-09-11 14:24:00,0,0.04817664895775141,False
791,Gradient boosting,"weekly, expanding",2008-09-08,751,2008-09-11 14:31:00,0,0.05667963220838761,False
792,Gradient boosting,"weekly, expanding",2008-09-08,751,2008-09-11 15:05:00,0,0.057346953028190636,False
793,Gradient boosting,"weekly, expanding",2008-09-08,751,2008-09-11 15:08:00,0,0.08037893304825641,False
794,Gradient boosting,"weekly, expanding",2008-09-08,751,2008-09-11 16:28:00,0,0.03209061079884598,False
795,Gradient boosting,"weekly, expanding",2008-09-08,751,2008-09-11 21:13:00,0,0.01769559058410494,False
796,Gradient boosting,"weekly, expanding",2008-09-08,751,2008-09-11 22:07:00,1,0.02126222783101685,False
797,Gradient boosting,"weekly, expanding",2008-09-08,751,2008-09-11 23:10:00,0,0.07182329362739161,False
798,Gradient boosting,"weekly, expanding",2008-09-08,751,2008-09-11 23:48:00,1,0.02498702249959851,False
799,Gradient boosting,"weekly, expanding",2008-09-08,751,2008-09-12 05:11:00,0,0.015940432746776114,False
800,Gradient boosting,"weekly, expanding",2008-09-08,751,2008-09-12 05:55:00,0,0.03326382317149671,False
801,Gradient boosting,"weekly, expanding",2008-09-08,751,2008-09-12 06:38:00,0,0.0310136609921923,False
802,Gradient boosting,"weekly, expanding",2008-09-08,751,2008-09-12 06:41:00,0,0.029140394141042643,False
803,Gradient boosting,"weekly, expanding",2008-09-08,751,2008-09-12 06:45:00,0,0.05194258427378843,False
804,Gradient boosting,"weekly, expanding",2008-09-08,751,2008-09-12 07:21:00,0,0.06322406250557994,False
805,Gradient boosting,"weekly, expanding",2008-09-08,751,2008-09-12 07:29:00,0,0.036216134211001866,False
806,Gradient boosting,"weekly, expanding",2008-09-08,751,2008-09-12 07:38:00,0,0.03573097950215094,False
807,Gradient boosting,"weekly, expanding",2008-09-08,751,2008-09-12 11:57:00,0,0.02367151354368675,False
808,Gradient boosting,"weekly, expanding",2008-09-08,751,2008-09-12 13:08:00,0,0.02887341545418393,False
809,Gradient boosting,"weekly, expanding",2008-09-08,751,2008-09-12 14:52:00,0,0.02806556101844913,False
810,Gradient boosting,"weekly, expanding",2008-09-08,751,2008-09-12 15:40:00,0,0.043941812106976084,False
811,Gradient boosting,"weekly, expanding",2008-09-08,751,2008-09-12 16:23:00,0,0.016441289352312406,False
812,Gradient boosting,"weekly, expanding",2008-09-08,751,2008-09-12 18:01:00,0,0.02517415351409265,False
813,Gradient boosting,"weekly, expanding",2008-09-08,751,2008-09-12 18:52:00,0,0.02291153039091299,False
814,Gradient boosting,"weekly, expanding",2008-09-08,751,2008-09-12 19:36:00,0,0.03633956366547615,False
815,Gradient boosting,"weekly, expanding",2008-09-08,751,2008-09-12 20:28:00,0,0.021719265569704622,False
816,Gradient boosting,"weekly, expanding",2008-09-08,751,2008-09-12 21:12:00,0,0.03310713850415737,False
817,Gradient boosting,"weekly, expanding",2008-09-08,751,2008-09-12 22:25:00,0,0.033682493356551324,False
818,Gradient boosting,"weekly, expanding",2008-09-08,751,2008-09-12 22:45:00,0,0.03814800621192847,False
819,Gradient boosting,"weekly, expanding",2008-09-08,751,2008-09-12 23:28:00,0,0.016284709377826414,False
820,Gradient boosting,"weekly, expanding",2008-09-08,751,2008-09-12 23:40:00,0,0.09170466868001036,False
821,Gradient boosting,"weekly, expanding",2008-09-08,751,2008-09-13 00:25:00,0,0.06394985473600602,False
822,Gradient boosting,"weekly, expanding",2008-09-08,751,2008-09-13 02:57:00,0,0.018360961138181985,False
823,Gradient boosting,"weekly, expanding",2008-09-08,751,2008-09-13 03:14:00,0,0.037371929761602,False
824,Gradient boosting,"weekly, expanding",2008-09-08,751,2008-09-13 09:19:00,0,0.06996656860454414,False
825,Gradient boosting,"weekly, expanding",2008-09-08,751,2008-09-13 10:55:00,0,0.028485148008964296,False
826,Gradient boosting,"weekly, expanding",2008-09-08,751,2008-09-13 11:42:00,0,0.03692934364175039,False
827,Gradient boosting,"weekly, expanding",2008-09-08,751,2008-09-13 11:56:00,1,0.03954197279617668,False
828,Gradient boosting,"weekly, expanding",2008-09-08,751,2008-09-13 12:48:00,0,0.08024071162221282,False
829,Gradient boosting,"weekly, expanding",2008-09-08,751,2008-09-13 14:07:00,0,0.018388955921968788,False
830,Gradient boosting,"weekly, expanding",2008-09-08,751,2008-09-13 16:04:00,0,0.046207429930239616,False
831,Gradient boosting,"weekly, expanding",2008-09-08,751,2008-09-13 16:04:00,0,0.04421802368831419,False
832,Gradient boosting,"weekly, expanding",2008-09-08,751,2008-09-13 20:06:00,1,0.04587162164953975,False
833,Gradient boosting,"weekly, expanding",2008-09-08,751,2008-09-14 02:50:00,0,0.04247288493076402,False
834,Gradient boosting,"weekly, expanding",2008-09-08,751,2008-09-14 02:59:00,0,0.08342386582337954,False
835,Gradient boosting,"weekly, expanding",2008-09-08,751,2008-09-14 15:02:00,0,0.03587471772009336,False
836,Gradient boosting,"weekly, expanding",2008-09-08,751,2008-09-14 15:46:00,0,0.054719785794065924,False
837,Gradient boosting,"weekly, expanding",2008-09-08,751,2008-09-14 16:34:00,0,0.031443164402878816,False
838,Gradient boosting,"weekly, expanding",2008-09-08,751,2008-09-14 17:40:00,0,0.03975562648085426,False
839,Gradient boosting,"weekly, expanding",2008-09-08,751,2008-09-14 18:27:00,0,0.022711022008017723,False
840,Gradient boosting,"weekly, expanding",2008-09-08,751,2008-09-14 18:27:00,0,0.0319775903763629,False
841,Gradient boosting,"weekly, expanding",2008-09-08,751,2008-09-14 19:13:00,0,0.06280443083121794,False
842,Gradient boosting,"weekly, expanding",2008-09-08,751,2008-09-14 20:00:00,0,0.07278614557170815,False
843,Gradient boosting,"weekly, expanding",2008-09-08,751,2008-09-14 20:43:00,0,0.05733368460834625,False
844,Gradient boosting,"weekly, expanding",2008-09-08,751,2008-09-14 20:45:00,0,0.029912169768791814,False
845,Gradient boosting,"weekly, expanding",2008-09-08,751,2008-09-14 21:31:00,0,0.05475721102718449,False
846,Gradient boosting,"weekly, expanding",2008-09-08,751,2008-09-14 23:00:00,0,0.0215078216329581,False
847,Gradient boosting,"weekly, expanding",2008-09-15,846,2008-09-15 02:04:00,0,0.020346911022871443,False
848,Gradient boosting,"weekly, expanding",2008-09-15,846,2008-09-15 10:03:00,0,0.09466588416520617,False
849,Gradient boosting,"weekly, expanding",2008-09-15,846,2008-09-15 11:40:00,0,0.046815414558412295,False
850,Gradient boosting,"weekly, expanding",2008-09-15,846,2008-09-15 12:27:00,0,0.033495362995077216,False
851,Gradient boosting,"weekly, expanding",2008-09-15,846,2008-09-15 16:10:00,0,0.015395631662648986,False
852,Gradient boosting,"weekly, expanding",2008-09-15,846,2008-09-15 16:59:00,0,0.025950682719090408,False
853,Gradient boosting,"weekly, expanding",2008-09-15,846,2008-09-15 19:54:00,0,0.03236527161990934,False
854,Gradient boosting,"weekly, expanding",2008-09-15,846,2008-09-15 21:56:00,0,0.10274055329059137,False
855,Gradient boosting,"weekly, expanding",2008-09-15,846,2008-09-15 22:13:00,0,0.08176733318925787,False
856,Gradient boosting,"weekly, expanding",2008-09-15,846,2008-09-15 22:45:00,0,0.04203085582387625,False
857,Gradient boosting,"weekly, expanding",2008-09-15,846,2008-09-15 22:54:00,0,0.026690933390298124,False
858,Gradient boosting,"weekly, expanding",2008-09-15,846,2008-09-15 23:37:00,0,0.02507605143578083,False
859,Gradient boosting,"weekly, expanding",2008-09-15,846,2008-09-16 07:39:00,0,0.086282546595997,False
860,Gradient boosting,"weekly, expanding",2008-09-15,846,2008-09-16 07:48:00,0,0.06937603298807546,False
861,Gradient boosting,"weekly, expanding",2008-09-15,846,2008-09-16 08:50:00,0,0.02538342830706245,False
862,Gradient boosting,"weekly, expanding",2008-09-15,846,2008-09-16 08:52:00,0,0.024844652370175586,False
863,Gradient boosting,"weekly, expanding",2008-09-15,846,2008-09-16 09:37:00,0,0.024415540550393397,False
864,Gradient boosting,"weekly, expanding",2008-09-15,846,2008-09-16 17:07:00,0,0.038319284301561084,False
865,Gradient boosting,"weekly, expanding",2008-09-15,846,2008-09-16 18:09:00,0,0.032617185485472606,False
866,Gradient boosting,"weekly, expanding",2008-09-15,846,2008-09-16 18:23:00,0,0.05194024139462567,False
867,Gradient boosting,"weekly, expanding",2008-09-15,846,2008-09-16 19:34:00,0,0.12541101518715292,False
868,Gradient boosting,"weekly, expanding",2008-09-15,846,2008-09-16 19:45:00,0,0.04528320260114123,False
869,Gradient boosting,"weekly, expanding",2008-09-15,846,2008-09-16 21:21:00,0,0.04073217576240352,False
870,Gradient boosting,"weekly, expanding",2008-09-15,846,2008-09-16 22:45:00,0,0.07583450326072787,False
871,Gradient boosting,"weekly, expanding",2008-09-15,846,2008-09-17 02:01:00,0,0.030896141832824044,False
872,Gradient boosting,"weekly, expanding",2008-09-15,846,2008-09-17 04:23:00,1,0.1253840590689864,False
873,Gradient boosting,"weekly, expanding",2008-09-15,846,2008-09-17 07:14:00,0,0.0553538179858507,False
874,Gradient boosting,"weekly, expanding",2008-09-15,846,2008-09-17 07:28:00,0,0.036615677208744736,False
875,Gradient boosting,"weekly, expanding",2008-09-15,846,2008-09-17 21:52:00,0,0.038733514913046566,False
876,Gradient boosting,"weekly, expanding",2008-09-15,846,2008-09-18 00:57:00,0,0.04546942670057079,False
877,Gradient boosting,"weekly, expanding",2008-09-15,846,2008-09-18 01:40:00,0,0.052077429671565055,False
878,Gradient boosting,"weekly, expanding",2008-09-15,846,2008-09-18 01:43:00,0,0.03474757621945353,False
879,Gradient boosting,"weekly, expanding",2008-09-15,846,2008-09-18 02:01:00,0,0.022021726410586,False
880,Gradient boosting,"weekly, expanding",2008-09-15,846,2008-09-18 03:58:00,0,0.02916661408208248,False
881,Gradient boosting,"weekly, expanding",2008-09-15,846,2008-09-18 03:58:00,0,0.04296707455964982,False
882,Gradient boosting,"weekly, expanding",2008-09-15,846,2008-09-18 05:44:00,0,0.042761105400610476,False
883,Gradient boosting,"weekly, expanding",2008-09-15,846,2008-09-18 05:58:00,0,0.023126432966188312,False
884,Gradient boosting,"weekly, expanding",2008-09-15,846,2008-09-18 08:04:00,0,0.036313347506530314,False
885,Gradient boosting,"weekly, expanding",2008-09-15,846,2008-09-18 10:48:00,0,0.03857928856785876,False
886,Gradient boosting,"weekly, expanding",2008-09-15,846,2008-09-18 13:48:00,0,0.02473180501822079,False
887,Gradient boosting,"weekly, expanding",2008-09-15,846,2008-09-18 17:22:00,0,0.03744326636795232,False
888,Gradient boosting,"weekly, expanding",2008-09-15,846,2008-09-18 18:12:00,0,0.023488561604211346,False
889,Gradient boosting,"weekly, expanding",2008-09-15,846,2008-09-18 18:56:00,0,0.02774571722871065,False
890,Gradient boosting,"weekly, expanding",2008-09-15,846,2008-09-18 21:12:00,0,0.03530338272412592,False
891,Gradient boosting,"weekly, expanding",2008-09-15,846,2008-09-18 21:56:00,0,0.020170162210886432,False
892,Gradient boosting,"weekly, expanding",2008-09-15,846,2008-09-18 23:00:00,0,0.03772712911681411,False
893,Gradient boosting,"weekly, expanding",2008-09-15,846,2008-09-18 23:05:00,0,0.043817875068204,False
894,Gradient boosting,"weekly, expanding",2008-09-15,846,2008-09-18 23:44:00,0,0.03729704624948352,False
895,Gradient boosting,"weekly, expanding",2008-09-15,846,2008-09-19 00:30:00,0,0.037090316463263696,False
896,Gradient boosting,"weekly, expanding",2008-09-15,846,2008-09-19 01:57:00,0,0.07965796404734754,False
897,Gradient boosting,"weekly, expanding",2008-09-15,846,2008-09-19 02:44:00,0,0.016547011958572257,False
898,Gradient boosting,"weekly, expanding",2008-09-15,846,2008-09-19 04:42:00,0,0.04509984685832147,False
899,Gradient boosting,"weekly, expanding",2008-09-15,846,2008-09-19 05:33:00,0,0.04281760332718394,False
900,Gradient boosting,"weekly, expanding",2008-09-15,846,2008-09-19 05:57:00,0,0.07291034754220292,False
901,Gradient boosting,"weekly, expanding",2008-09-15,846,2008-09-19 06:01:00,0,0.017733422346453163,False
902,Gradient boosting,"weekly, expanding",2008-09-15,846,2008-09-19 06:44:00,0,0.02117196401445425,False
903,Gradient boosting,"weekly, expanding",2008-09-15,846,2008-09-19 07:14:00,0,0.022384856304503528,False
904,Gradient boosting,"weekly, expanding",2008-09-15,846,2008-09-19 07:18:00,0,0.028653236696182492,False
905,Gradient boosting,"weekly, expanding",2008-09-15,846,2008-09-19 08:08:00,0,0.029263287149436764,False
906,Gradient boosting,"weekly, expanding",2008-09-15,846,2008-09-19 08:52:00,0,0.030283036267400212,False
907,Gradient boosting,"weekly, expanding",2008-09-15,846,2008-09-19 09:12:00,0,0.05111008136872535,False
908,Gradient boosting,"weekly, expanding",2008-09-15,846,2008-09-19 09:47:00,0,0.012783127597668776,False
909,Gradient boosting,"weekly, expanding",2008-09-15,846,2008-09-19 10:45:00,0,0.05643042711185304,False
910,Gradient boosting,"weekly, expanding",2008-09-15,846,2008-09-19 11:13:00,0,0.02749661254090226,False
911,Gradient boosting,"weekly, expanding",2008-09-15,846,2008-09-19 11:54:00,0,0.0407391021261249,False
912,Gradient boosting,"weekly, expanding",2008-09-15,846,2008-09-19 13:59:00,0,0.02249157105813999,False
913,Gradient boosting,"weekly, expanding",2008-09-15,846,2008-09-19 15:31:00,0,0.04137878503379188,False
914,Gradient boosting,"weekly, expanding",2008-09-15,846,2008-09-19 16:40:00,0,0.021906930763437676,False
915,Gradient boosting,"weekly, expanding",2008-09-15,846,2008-09-19 16:58:00,1,0.14676015445884164,False
916,Gradient boosting,"weekly, expanding",2008-09-15,846,2008-09-19 17:47:00,0,0.03330363835982697,False
917,Gradient boosting,"weekly, expanding",2008-09-15,846,2008-09-19 18:11:00,0,0.029725570180141617,False
918,Gradient boosting,"weekly, expanding",2008-09-15,846,2008-09-19 18:33:00,0,0.03719703531641181,False
919,Gradient boosting,"weekly, expanding",2008-09-15,846,2008-09-19 19:18:00,0,0.03703640883689275,False
920,Gradient boosting,"weekly, expanding",2008-09-15,846,2008-09-19 19:29:00,0,0.019419101165042207,False
921,Gradient boosting,"weekly, expanding",2008-09-15,846,2008-09-19 20:05:00,0,0.0780685388242633,False
922,Gradient boosting,"weekly, expanding",2008-09-15,846,2008-09-19 20:07:00,0,0.024528772759776035,False
923,Gradient boosting,"weekly, expanding",2008-09-15,846,2008-09-19 20:10:00,0,0.028763476951100583,False
924,Gradient boosting,"weekly, expanding",2008-09-15,846,2008-09-19 20:17:00,0,0.04882482512727226,False
925,Gradient boosting,"weekly, expanding",2008-09-15,846,2008-09-19 20:19:00,1,0.10529144330441638,False
926,Gradient boosting,"weekly, expanding",2008-09-15,846,2008-09-19 21:08:00,0,0.022730828191063077,False
927,Gradient boosting,"weekly, expanding",2008-09-15,846,2008-09-19 21:09:00,1,0.26874815219439974,True
928,Gradient boosting,"weekly, expanding",2008-09-15,846,2008-09-19 21:13:00,0,0.0225836382268505,False
929,Gradient boosting,"weekly, expanding",2008-09-15,846,2008-09-19 21:14:00,0,0.02957541203394844,False
930,Gradient boosting,"weekly, expanding",2008-09-15,846,2008-09-19 21:59:00,1,0.02447399629581368,False
931,Gradient boosting,"weekly, expanding",2008-09-15,846,2008-09-19 23:26:00,0,0.03053127725719929,False
932,Gradient boosting,"weekly, expanding",2008-09-15,846,2008-09-19 23:33:00,0,0.02853779332895171,False
933,Gradient boosting,"weekly, expanding",2008-09-15,846,2008-09-20 00:18:00,0,0.02784855745807097,False
934,Gradient boosting,"weekly, expanding",2008-09-15,846,2008-09-20 00:33:00,0,0.032922672947872295,False
935,Gradient boosting,"weekly, expanding",2008-09-15,846,2008-09-20 03:58:00,0,0.04418729419834761,False
936,Gradient boosting,"weekly, expanding",2008-09-15,846,2008-09-20 04:13:00,0,0.026708789951116564,False
937,Gradient boosting,"weekly, expanding",2008-09-15,846,2008-09-20 04:28:00,0,0.025955738657557268,False
938,Gradient boosting,"weekly, expanding",2008-09-15,846,2008-09-20 05:22:00,0,0.03598278484241541,False
939,Gradient boosting,"weekly, expanding",2008-09-15,846,2008-09-20 05:25:00,0,0.050313793632041616,False
940,Gradient boosting,"weekly, expanding",2008-09-15,846,2008-09-20 05:34:00,0,0.025923012355810633,False
941,Gradient boosting,"weekly, expanding",2008-09-15,846,2008-09-20 06:08:00,0,0.03553897131931487,False
942,Gradient boosting,"weekly, expanding",2008-09-15,846,2008-09-20 07:21:00,0,0.07911107014557518,False
943,Gradient boosting,"weekly, expanding",2008-09-15,846,2008-09-20 08:14:00,0,0.03065747798586931,False
944,Gradient boosting,"weekly, expanding",2008-09-15,846,2008-09-20 10:51:00,0,0.027358735317250513,False
945,Gradient boosting,"weekly, expanding",2008-09-15,846,2008-09-20 11:18:00,0,0.0549210298930365,False
946,Gradient boosting,"weekly, expanding",2008-09-15,846,2008-09-20 12:20:00,0,0.02881507961553258,False
947,Gradient boosting,"weekly, expanding",2008-09-15,846,2008-09-20 12:26:00,0,0.03373582894096211,False
948,Gradient boosting,"weekly, expanding",2008-09-15,846,2008-09-20 12:27:00,0,0.024306770045903314,False
949,Gradient boosting,"weekly, expanding",2008-09-15,846,2008-09-20 12:36:00,0,0.02335099117946041,False
950,Gradient boosting,"weekly, expanding",2008-09-15,846,2008-09-20 12:57:00,0,0.11223204502488394,False
951,Gradient boosting,"weekly, expanding",2008-09-15,846,2008-09-20 14:00:00,0,0.02019870072198387,False
952,Gradient boosting,"weekly, expanding",2008-09-15,846,2008-09-20 14:06:00,0,0.04939294532426767,False
953,Gradient boosting,"weekly, expanding",2008-09-15,846,2008-09-20 14:42:00,0,0.03549090309331393,False
954,Gradient boosting,"weekly, expanding",2008-09-15,846,2008-09-20 14:50:00,0,0.020105084186295183,False
955,Gradient boosting,"weekly, expanding",2008-09-15,846,2008-09-20 14:53:00,0,0.02287111643711831,False
956,Gradient boosting,"weekly, expanding",2008-09-15,846,2008-09-20 15:02:00,0,0.01472233638554731,False
957,Gradient boosting,"weekly, expanding",2008-09-15,846,2008-09-20 15:19:00,0,0.03307010637995542,False
958,Gradient boosting,"weekly, expanding",2008-09-15,846,2008-09-20 15:37:00,0,0.03674897551459095,False
959,Gradient boosting,"weekly, expanding",2008-09-15,846,2008-09-20 15:46:00,0,0.041535888480350135,False
960,Gradient boosting,"weekly, expanding",2008-09-15,846,2008-09-20 16:43:00,0,0.025107674241198908,False
961,Gradient boosting,"weekly, expanding",2008-09-15,846,2008-09-20 16:44:00,0,0.03905401482377316,False
962,Gradient boosting,"weekly, expanding",2008-09-15,846,2008-09-20 17:26:00,0,0.018617323786611985,False
963,Gradient boosting,"weekly, expanding",2008-09-15,846,2008-09-20 17:29:00,0,0.023394881590667868,False
964,Gradient boosting,"weekly, expanding",2008-09-15,846,2008-09-20 18:03:00,0,0.028873290559511686,False
965,Gradient boosting,"weekly, expanding",2008-09-15,846,2008-09-20 18:21:00,0,0.037386478160232314,False
966,Gradient boosting,"weekly, expanding",2008-09-15,846,2008-09-20 18:56:00,0,0.05414123024751867,False
967,Gradient boosting,"weekly, expanding",2008-09-15,846,2008-09-20 19:14:00,0,0.029238615462285837,False
968,Gradient boosting,"weekly, expanding",2008-09-15,846,2008-09-20 19:21:00,0,0.02073057799111116,False
969,Gradient boosting,"weekly, expanding",2008-09-15,846,2008-09-20 23:34:00,0,0.03869714924821434,False
970,Gradient boosting,"weekly, expanding",2008-09-15,846,2008-09-21 00:48:00,0,0.03529929542173487,False
971,Gradient boosting,"weekly, expanding",2008-09-15,846,2008-09-21 01:06:00,0,0.06280869819777217,False
972,Gradient boosting,"weekly, expanding",2008-09-15,846,2008-09-21 02:07:00,0,0.0210751192268964,False
973,Gradient boosting,"weekly, expanding",2008-09-15,846,2008-09-21 03:04:00,0,0.0942617731848062,False
974,Gradient boosting,"weekly, expanding",2008-09-15,846,2008-09-21 03:47:00,0,0.044537918898974745,False
975,Gradient boosting,"weekly, expanding",2008-09-15,846,2008-09-21 04:17:00,0,0.024310422811011485,False
976,Gradient boosting,"weekly, expanding",2008-09-15,846,2008-09-21 04:49:00,0,0.01516200876391703,False
977,Gradient boosting,"weekly, expanding",2008-09-15,846,2008-09-21 07:30:00,0,0.029218719642240102,False
978,Gradient boosting,"weekly, expanding",2008-09-15,846,2008-09-21 07:55:00,0,0.03111064731246937,False
979,Gradient boosting,"weekly, expanding",2008-09-15,846,2008-09-21 08:22:00,0,0.04131973395082595,False
980,Gradient boosting,"weekly, expanding",2008-09-15,846,2008-09-21 08:49:00,0,0.02551874313453833,False
981,Gradient boosting,"weekly, expanding",2008-09-15,846,2008-09-21 09:16:00,0,0.024037977953232995,False
982,Gradient boosting,"weekly, expanding",2008-09-15,846,2008-09-21 09:31:00,0,0.05306664868172609,False
983,Gradient boosting,"weekly, expanding",2008-09-15,846,2008-09-21 10:07:00,0,0.035442704039322544,False
984,Gradient boosting,"weekly, expanding",2008-09-15,846,2008-09-21 10:49:00,0,0.026431206499103656,False
985,Gradient boosting,"weekly, expanding",2008-09-15,846,2008-09-21 11:33:00,0,0.02806200929688366,False
986,Gradient boosting,"weekly, expanding",2008-09-15,846,2008-09-21 12:04:00,0,0.08014543891466519,False
987,Gradient boosting,"weekly, expanding",2008-09-15,846,2008-09-21 14:30:00,0,0.033016205272453,False
988,Gradient boosting,"weekly, expanding",2008-09-15,846,2008-09-21 14:31:00,0,0.03726383144920773,False
989,Gradient boosting,"weekly, expanding",2008-09-15,846,2008-09-21 14:33:00,0,0.04302050349148352,False
990,Gradient boosting,"weekly, expanding",2008-09-15,846,2008-09-21 15:15:00,0,0.026237717609574766,False
991,Gradient boosting,"weekly, expanding",2008-09-15,846,2008-09-21 15:26:00,0,0.04943830294295496,False
992,Gradient boosting,"weekly, expanding",2008-09-15,846,2008-09-21 15:34:00,0,0.03265330110349796,False
993,Gradient boosting,"weekly, expanding",2008-09-15,846,2008-09-21 16:43:00,0,0.02288848471880578,False
994,Gradient boosting,"weekly, expanding",2008-09-15,846,2008-09-21 17:26:00,0,0.03367920579703897,False
995,Gradient boosting,"weekly, expanding",2008-09-15,846,2008-09-21 17:30:00,0,0.026309936506107825,False
996,Gradient boosting,"weekly, expanding",2008-09-15,846,2008-09-21 18:12:00,0,0.028991182158966858,False
997,Gradient boosting,"weekly, expanding",2008-09-15,846,2008-09-21 19:19:00,0,0.03689185593371586,False
998,Gradient boosting,"weekly, expanding",2008-09-15,846,2008-09-21 20:35:00,0,0.021173288389298415,False
999,Gradient boosting,"weekly, expanding",2008-09-15,846,2008-09-21 21:54:00,0,0.03163552126643152,False
1000,Gradient boosting,"weekly, expanding",2008-09-15,846,2008-09-21 22:02:00,0,0.025637056964763212,False
1001,Gradient boosting,"weekly, expanding",2008-09-22,1000,2008-09-22 00:12:00,0,0.01412971333966634,False
1002,Gradient boosting,"weekly, expanding",2008-09-22,1000,2008-09-22 00:28:00,0,0.020300780646820903,False
1003,Gradient boosting,"weekly, expanding",2008-09-22,1000,2008-09-22 00:47:00,0,0.03516141750653814,False
1004,Gradient boosting,"weekly, expanding",2008-09-22,1000,2008-09-22 01:43:00,0,0.015398913072210264,False
1005,Gradient boosting,"weekly, expanding",2008-09-22,1000,2008-09-22 03:51:00,0,0.01432114319275514,False
1006,Gradient boosting,"weekly, expanding",2008-09-22,1000,2008-09-22 06:05:00,0,0.03129357018996895,False
1007,Gradient boosting,"weekly, expanding",2008-09-22,1000,2008-09-22 07:12:00,0,0.01335778367114343,False
1008,Gradient boosting,"weekly, expanding",2008-09-22,1000,2008-09-22 10:43:00,0,0.0442903994412623,False
1009,Gradient boosting,"weekly, expanding",2008-09-22,1000,2008-09-22 11:50:00,0,0.013766201459857838,False
1010,Gradient boosting,"weekly, expanding",2008-09-22,1000,2008-09-22 12:11:00,0,0.01756880032897222,False
1011,Gradient boosting,"weekly, expanding",2008-09-22,1000,2008-09-22 12:45:00,0,0.029515321424321513,False
1012,Gradient boosting,"weekly, expanding",2008-09-22,1000,2008-09-22 13:03:00,0,0.01179617028026346,False
1013,Gradient boosting,"weekly, expanding",2008-09-22,1000,2008-09-22 14:24:00,0,0.02877821295305309,False
1014,Gradient boosting,"weekly, expanding",2008-09-22,1000,2008-09-22 14:27:00,0,0.02137026925141469,False
1015,Gradient boosting,"weekly, expanding",2008-09-22,1000,2008-09-22 14:36:00,0,0.020253820590111986,False
1016,Gradient boosting,"weekly, expanding",2008-09-22,1000,2008-09-22 16:25:00,0,0.01759382913608623,False
1017,Gradient boosting,"weekly, expanding",2008-09-22,1000,2008-09-22 21:30:00,0,0.027383026141444385,False
1018,Gradient boosting,"weekly, expanding",2008-09-22,1000,2008-09-22 21:31:00,0,0.011093162786433632,False
1019,Gradient boosting,"weekly, expanding",2008-09-22,1000,2008-09-22 22:15:00,0,0.06184437663491992,False
1020,Gradient boosting,"weekly, expanding",2008-09-22,1000,2008-09-22 22:17:00,0,0.01729152971830214,False
1021,Gradient boosting,"weekly, expanding",2008-09-22,1000,2008-09-22 23:01:00,0,0.026734912776126083,False
1022,Gradient boosting,"weekly, expanding",2008-09-22,1000,2008-09-22 23:10:00,0,0.018807249616262248,False
1023,Gradient boosting,"weekly, expanding",2008-09-22,1000,2008-09-23 00:57:00,0,0.020337447379828476,False
1024,Gradient boosting,"weekly, expanding",2008-09-22,1000,2008-09-23 06:44:00,0,0.023837239977042544,False
1025,Gradient boosting,"weekly, expanding",2008-09-22,1000,2008-09-23 06:44:00,0,0.018852707920524348,False
1026,Gradient boosting,"weekly, expanding",2008-09-22,1000,2008-09-23 06:52:00,0,0.023434770794408307,False
1027,Gradient boosting,"weekly, expanding",2008-09-22,1000,2008-09-23 07:58:00,0,0.016627825128970458,False
1028,Gradient boosting,"weekly, expanding",2008-09-22,1000,2008-09-23 08:11:00,0,0.017219649725130782,False
1029,Gradient boosting,"weekly, expanding",2008-09-22,1000,2008-09-23 09:43:00,0,0.031593046137941616,False
1030,Gradient boosting,"weekly, expanding",2008-09-22,1000,2008-09-23 11:14:00,1,0.024959249545793788,False
1031,Gradient boosting,"weekly, expanding",2008-09-22,1000,2008-09-23 11:42:00,0,0.019929269076796537,False
1032,Gradient boosting,"weekly, expanding",2008-09-22,1000,2008-09-23 11:43:00,0,0.023477860544416335,False
1033,Gradient boosting,"weekly, expanding",2008-09-22,1000,2008-09-23 12:29:00,0,0.022811401002778012,False
1034,Gradient boosting,"weekly, expanding",2008-09-22,1000,2008-09-23 12:31:00,0,0.025659354028412074,False
1035,Gradient boosting,"weekly, expanding",2008-09-22,1000,2008-09-23 12:46:00,0,0.06241820232792581,False
1036,Gradient boosting,"weekly, expanding",2008-09-22,1000,2008-09-23 13:37:00,0,0.02663369487319762,False
1037,Gradient boosting,"weekly, expanding",2008-09-22,1000,2008-09-23 15:23:00,0,0.043181346540749725,False
1038,Gradient boosting,"weekly, expanding",2008-09-22,1000,2008-09-23 15:33:00,0,0.016371083332390866,False
1039,Gradient boosting,"weekly, expanding",2008-09-22,1000,2008-09-23 15:58:00,0,0.015829820242908528,False
1040,Gradient boosting,"weekly, expanding",2008-09-22,1000,2008-09-23 18:10:00,0,0.03461294143113426,False
1041,Gradient boosting,"weekly, expanding",2008-09-22,1000,2008-09-23 18:36:00,0,0.015407288681237344,False
1042,Gradient boosting,"weekly, expanding",2008-09-22,1000,2008-09-23 18:56:00,0,0.035695831181080585,False
1043,Gradient boosting,"weekly, expanding",2008-09-22,1000,2008-09-23 20:18:00,0,0.01862053168441685,False
1044,Gradient boosting,"weekly, expanding",2008-09-22,1000,2008-09-23 20:59:00,0,0.02866026278496605,False
1045,Gradient boosting,"weekly, expanding",2008-09-22,1000,2008-09-23 21:26:00,0,0.01814502013188225,False
1046,Gradient boosting,"weekly, expanding",2008-09-22,1000,2008-09-23 22:25:00,0,0.03538865828938866,False
1047,Gradient boosting,"weekly, expanding",2008-09-22,1000,2008-09-24 02:19:00,0,0.026496004737836806,False
1048,Gradient boosting,"weekly, expanding",2008-09-22,1000,2008-09-24 02:44:00,0,0.013302514127580744,False
1049,Gradient boosting,"weekly, expanding",2008-09-22,1000,2008-09-24 03:32:00,0,0.018866664779979867,False
1050,Gradient boosting,"weekly, expanding",2008-09-22,1000,2008-09-24 03:40:00,0,0.03359290062756219,False
1051,Gradient boosting,"weekly, expanding",2008-09-22,1000,2008-09-24 05:13:00,0,0.014844646898650272,False
1052,Gradient boosting,"weekly, expanding",2008-09-22,1000,2008-09-24 05:22:00,0,0.025926456506930123,False
1053,Gradient boosting,"weekly, expanding",2008-09-22,1000,2008-09-24 06:13:00,0,0.01711061765620071,False
1054,Gradient boosting,"weekly, expanding",2008-09-22,1000,2008-09-24 06:14:00,0,0.02042357210588172,False
1055,Gradient boosting,"weekly, expanding",2008-09-22,1000,2008-09-24 07:23:00,0,0.013188875935604754,False
1056,Gradient boosting,"weekly, expanding",2008-09-22,1000,2008-09-24 10:10:00,0,0.04112534055371128,False
1057,Gradient boosting,"weekly, expanding",2008-09-22,1000,2008-09-24 10:53:00,0,0.016591545396611555,False
1058,Gradient boosting,"weekly, expanding",2008-09-22,1000,2008-09-24 10:59:00,0,0.024131187651534953,False
1059,Gradient boosting,"weekly, expanding",2008-09-22,1000,2008-09-24 11:47:00,0,0.01713291096356113,False
1060,Gradient boosting,"weekly, expanding",2008-09-22,1000,2008-09-24 12:04:00,0,0.0341229994978461,False
1061,Gradient boosting,"weekly, expanding",2008-09-22,1000,2008-09-24 12:35:00,0,0.021502851268892415,False
1062,Gradient boosting,"weekly, expanding",2008-09-22,1000,2008-09-24 13:01:00,0,0.03011871548360506,False
1063,Gradient boosting,"weekly, expanding",2008-09-22,1000,2008-09-24 15:05:00,1,0.013206033341888593,False
1064,Gradient boosting,"weekly, expanding",2008-09-22,1000,2008-09-24 15:39:00,0,0.05701600375558307,False
1065,Gradient boosting,"weekly, expanding",2008-09-22,1000,2008-09-24 15:42:00,0,0.037991640094674366,False
1066,Gradient boosting,"weekly, expanding",2008-09-22,1000,2008-09-24 15:43:00,0,0.056476195784392474,False
1067,Gradient boosting,"weekly, expanding",2008-09-22,1000,2008-09-24 16:26:00,0,0.045090938775460034,False
1068,Gradient boosting,"weekly, expanding",2008-09-22,1000,2008-09-24 17:54:00,0,0.02223768191452889,False
1069,Gradient boosting,"weekly, expanding",2008-09-22,1000,2008-09-24 18:05:00,0,0.03343449915058298,False
1070,Gradient boosting,"weekly, expanding",2008-09-22,1000,2008-09-25 01:05:00,0,0.020059686341162678,False
1071,Gradient boosting,"weekly, expanding",2008-09-22,1000,2008-09-25 02:03:00,0,0.040437768295221374,False
1072,Gradient boosting,"weekly, expanding",2008-09-22,1000,2008-09-25 06:21:00,0,0.014758097077806384,False
1073,Gradient boosting,"weekly, expanding",2008-09-22,1000,2008-09-25 07:12:00,0,0.016469140543520142,False
1074,Gradient boosting,"weekly, expanding",2008-09-22,1000,2008-09-25 07:58:00,0,0.015991971727323615,False
1075,Gradient boosting,"weekly, expanding",2008-09-22,1000,2008-09-25 08:45:00,0,0.031016762500365315,False
1076,Gradient boosting,"weekly, expanding",2008-09-22,1000,2008-09-25 09:31:00,0,0.024377098499572626,False
1077,Gradient boosting,"weekly, expanding",2008-09-22,1000,2008-09-25 10:23:00,0,0.019347752223506747,False
1078,Gradient boosting,"weekly, expanding",2008-09-22,1000,2008-09-25 11:08:00,0,0.025973055827294533,False
1079,Gradient boosting,"weekly, expanding",2008-09-22,1000,2008-09-25 11:09:00,0,0.022421867326807995,False
1080,Gradient boosting,"weekly, expanding",2008-09-22,1000,2008-09-25 11:55:00,0,0.021630894712598117,False
1081,Gradient boosting,"weekly, expanding",2008-09-22,1000,2008-09-25 13:42:00,0,0.027886661419749072,False
1082,Gradient boosting,"weekly, expanding",2008-09-22,1000,2008-09-25 14:08:00,0,0.013462449484536064,False
1083,Gradient boosting,"weekly, expanding",2008-09-22,1000,2008-09-25 14:28:00,0,0.02526551160054524,False
1084,Gradient boosting,"weekly, expanding",2008-09-22,1000,2008-09-25 15:12:00,0,0.016740531397021467,False
1085,Gradient boosting,"weekly, expanding",2008-09-22,1000,2008-09-25 15:40:00,0,0.030622306695659084,False
1086,Gradient boosting,"weekly, expanding",2008-09-22,1000,2008-09-25 15:55:00,0,0.02403316501571066,False
1087,Gradient boosting,"weekly, expanding",2008-09-22,1000,2008-09-25 16:44:00,0,0.02726611315134583,False
1088,Gradient boosting,"weekly, expanding",2008-09-22,1000,2008-09-25 17:28:00,0,0.0169293648057646,False
1089,Gradient boosting,"weekly, expanding",2008-09-22,1000,2008-09-25 17:29:00,0,0.033697272102888566,False
1090,Gradient boosting,"weekly, expanding",2008-09-22,1000,2008-09-25 19:49:00,0,0.01608126827512109,False
1091,Gradient boosting,"weekly, expanding",2008-09-22,1000,2008-09-25 22:05:00,0,0.011681411146622267,False
1092,Gradient boosting,"weekly, expanding",2008-09-22,1000,2008-09-25 23:04:00,0,0.04734085864389791,False
1093,Gradient boosting,"weekly, expanding",2008-09-22,1000,2008-09-25 23:48:00,0,0.02939965833670017,False
1094,Gradient boosting,"weekly, expanding",2008-09-22,1000,2008-09-26 00:19:00,0,0.03009010292640114,False
1095,Gradient boosting,"weekly, expanding",2008-09-22,1000,2008-09-26 01:21:00,0,0.06370890862797172,False
1096,Gradient boosting,"weekly, expanding",2008-09-22,1000,2008-09-26 02:26:00,0,0.03569778283001744,False
1097,Gradient boosting,"weekly, expanding",2008-09-22,1000,2008-09-26 03:12:00,0,0.024514899999012827,False
1098,Gradient boosting,"weekly, expanding",2008-09-22,1000,2008-09-26 03:29:00,0,0.026537719678914808,False
1099,Gradient boosting,"weekly, expanding",2008-09-22,1000,2008-09-26 04:14:00,0,0.013240716590701335,False
1100,Gradient boosting,"weekly, expanding",2008-09-22,1000,2008-09-26 05:32:00,0,0.02161891539927506,False
1101,Gradient boosting,"weekly, expanding",2008-09-22,1000,2008-09-26 11:08:00,0,0.030220828400886662,False
1102,Gradient boosting,"weekly, expanding",2008-09-22,1000,2008-09-26 13:36:00,0,0.018243392310171545,False
1103,Gradient boosting,"weekly, expanding",2008-09-22,1000,2008-09-26 13:45:00,0,0.025244947271850417,False
1104,Gradient boosting,"weekly, expanding",2008-09-22,1000,2008-09-26 14:20:00,0,0.03049188034075423,False
1105,Gradient boosting,"weekly, expanding",2008-09-22,1000,2008-09-26 14:51:00,0,0.019277155525618053,False
1106,Gradient boosting,"weekly, expanding",2008-09-22,1000,2008-09-26 15:06:00,0,0.0539221725195805,False
1107,Gradient boosting,"weekly, expanding",2008-09-22,1000,2008-09-26 15:36:00,0,0.024773470635047937,False
1108,Gradient boosting,"weekly, expanding",2008-09-22,1000,2008-09-26 15:49:00,0,0.026760260477647207,False
1109,Gradient boosting,"weekly, expanding",2008-09-22,1000,2008-09-26 16:31:00,0,0.02038339905981425,False
1110,Gradient boosting,"weekly, expanding",2008-09-22,1000,2008-09-26 17:59:00,0,0.042085112588322524,False
1111,Gradient boosting,"weekly, expanding",2008-09-22,1000,2008-09-26 18:54:00,0,0.04168583954028288,False
1112,Gradient boosting,"weekly, expanding",2008-09-22,1000,2008-09-26 19:38:00,0,0.05114947807415014,False
1113,Gradient boosting,"weekly, expanding",2008-09-22,1000,2008-09-26 19:45:00,0,0.04277343927330997,False
1114,Gradient boosting,"weekly, expanding",2008-09-22,1000,2008-09-26 19:55:00,0,0.054904355023475876,False
1115,Gradient boosting,"weekly, expanding",2008-09-22,1000,2008-09-26 20:23:00,0,0.03215954098546882,False
1116,Gradient boosting,"weekly, expanding",2008-09-22,1000,2008-09-26 20:31:00,0,0.036624063937757335,False
1117,Gradient boosting,"weekly, expanding",2008-09-22,1000,2008-09-27 00:16:00,0,0.017728916366469345,False
1118,Gradient boosting,"weekly, expanding",2008-09-22,1000,2008-09-27 00:17:00,0,0.030147964641112194,False
1119,Gradient boosting,"weekly, expanding",2008-09-22,1000,2008-09-27 01:29:00,0,0.02818742487520891,False
1120,Gradient boosting,"weekly, expanding",2008-09-22,1000,2008-09-27 03:53:00,0,0.01790874453420455,False
1121,Gradient boosting,"weekly, expanding",2008-09-22,1000,2008-09-27 10:10:00,0,0.047184574109732126,False
1122,Gradient boosting,"weekly, expanding",2008-09-22,1000,2008-09-27 10:13:00,0,0.04482470396414562,False
1123,Gradient boosting,"weekly, expanding",2008-09-22,1000,2008-09-27 11:04:00,0,0.025659684285058455,False
1124,Gradient boosting,"weekly, expanding",2008-09-22,1000,2008-09-27 11:45:00,0,0.017541364012639445,False
1125,Gradient boosting,"weekly, expanding",2008-09-22,1000,2008-09-27 11:54:00,0,0.01970201566789202,False
1126,Gradient boosting,"weekly, expanding",2008-09-22,1000,2008-09-27 12:26:00,0,0.02698483482275984,False
1127,Gradient boosting,"weekly, expanding",2008-09-22,1000,2008-09-27 12:28:00,0,0.02232129945990777,False
1128,Gradient boosting,"weekly, expanding",2008-09-22,1000,2008-09-27 12:36:00,0,0.01603983542051369,False
1129,Gradient boosting,"weekly, expanding",2008-09-22,1000,2008-09-27 13:14:00,0,0.01440174138985245,False
1130,Gradient boosting,"weekly, expanding",2008-09-22,1000,2008-09-27 13:19:00,0,0.024695736461082564,False
1131,Gradient boosting,"weekly, expanding",2008-09-22,1000,2008-09-27 14:01:00,0,0.01682947190925926,False
1132,Gradient boosting,"weekly, expanding",2008-09-22,1000,2008-09-27 14:05:00,0,0.016925607484700723,False
1133,Gradient boosting,"weekly, expanding",2008-09-22,1000,2008-09-27 14:46:00,0,0.052028768053766807,False
1134,Gradient boosting,"weekly, expanding",2008-09-22,1000,2008-09-27 15:09:00,0,0.04747925147937045,False
1135,Gradient boosting,"weekly, expanding",2008-09-22,1000,2008-09-27 15:30:00,0,0.014037015828700029,False
1136,Gradient boosting,"weekly, expanding",2008-09-22,1000,2008-09-27 16:13:00,0,0.033441602352556554,False
1137,Gradient boosting,"weekly, expanding",2008-09-22,1000,2008-09-27 17:26:00,0,0.03606049334799522,False
1138,Gradient boosting,"weekly, expanding",2008-09-22,1000,2008-09-27 18:14:00,0,0.04482844581480357,False
1139,Gradient boosting,"weekly, expanding",2008-09-22,1000,2008-09-27 19:16:00,0,0.030322094378510436,False
1140,Gradient boosting,"weekly, expanding",2008-09-22,1000,2008-09-27 20:46:00,0,0.044872424732187804,False
1141,Gradient boosting,"weekly, expanding",2008-09-22,1000,2008-09-27 21:45:00,0,0.0405648669534626,False
1142,Gradient boosting,"weekly, expanding",2008-09-22,1000,2008-09-28 00:51:00,0,0.02835040165180551,False
1143,Gradient boosting,"weekly, expanding",2008-09-22,1000,2008-09-28 01:22:00,0,0.01638005160157983,False
1144,Gradient boosting,"weekly, expanding",2008-09-22,1000,2008-09-28 03:55:00,0,0.021023761324634578,False
1145,Gradient boosting,"weekly, expanding",2008-09-22,1000,2008-09-28 04:45:00,1,0.04179871646726485,False
1146,Gradient boosting,"weekly, expanding",2008-09-22,1000,2008-09-28 05:31:00,0,0.03246878050471789,False
1147,Gradient boosting,"weekly, expanding",2008-09-22,1000,2008-09-28 06:22:00,0,0.06706710410508923,False
1148,Gradient boosting,"weekly, expanding",2008-09-22,1000,2008-09-28 07:38:00,0,0.02217710996753097,False
1149,Gradient boosting,"weekly, expanding",2008-09-22,1000,2008-09-28 07:52:00,0,0.025431669946619766,False
1150,Gradient boosting,"weekly, expanding",2008-09-22,1000,2008-09-28 08:40:00,0,0.025442451221336128,False
1151,Gradient boosting,"weekly, expanding",2008-09-22,1000,2008-09-28 08:41:00,0,0.015189496607825688,False
1152,Gradient boosting,"weekly, expanding",2008-09-22,1000,2008-09-28 09:50:00,1,0.022466840321987272,False
1153,Gradient boosting,"weekly, expanding",2008-09-22,1000,2008-09-28 17:05:00,0,0.019443862029573915,False
1154,Gradient boosting,"weekly, expanding",2008-09-22,1000,2008-09-28 17:06:00,0,0.06135401898500916,False
1155,Gradient boosting,"weekly, expanding",2008-09-22,1000,2008-09-28 17:49:00,0,0.04301722497516967,False
1156,Gradient boosting,"weekly, expanding",2008-09-22,1000,2008-09-28 17:55:00,0,0.03366420747312006,False
1157,Gradient boosting,"weekly, expanding",2008-09-22,1000,2008-09-28 18:34:00,0,0.08622586905390575,False
1158,Gradient boosting,"weekly, expanding",2008-09-22,1000,2008-09-28 18:43:00,0,0.02187380958157008,False
1159,Gradient boosting,"weekly, expanding",2008-09-22,1000,2008-09-28 19:18:00,0,0.017572056676572027,False
1160,Gradient boosting,"weekly, expanding",2008-09-22,1000,2008-09-28 19:29:00,0,0.02438223323067943,False
1161,Gradient boosting,"weekly, expanding",2008-09-22,1000,2008-09-28 20:02:00,0,0.02298894595086742,False
1162,Gradient boosting,"weekly, expanding",2008-09-22,1000,2008-09-28 20:42:00,0,0.015361820305450151,False
1163,Gradient boosting,"weekly, expanding",2008-09-22,1000,2008-09-28 21:08:00,0,0.0310654176119478,False
1164,Gradient boosting,"weekly, expanding",2008-09-22,1000,2008-09-28 21:27:00,0,0.04836544840502848,False
1165,Gradient boosting,"weekly, expanding",2008-09-22,1000,2008-09-28 22:44:00,0,0.021549636736992835,False
1166,Gradient boosting,"weekly, expanding",2008-09-22,1000,2008-09-28 23:54:00,0,0.021551414374266938,False
1167,Gradient boosting,"weekly, expanding",2008-09-29,1166,2008-09-29 02:06:00,0,0.011226347846504921,False
1168,Gradient boosting,"weekly, expanding",2008-09-29,1166,2008-09-29 03:07:00,0,0.02629799853907159,False
1169,Gradient boosting,"weekly, expanding",2008-09-29,1166,2008-09-29 03:50:00,0,0.01450209286586134,False
1170,Gradient boosting,"weekly, expanding",2008-09-29,1166,2008-09-29 04:18:00,0,0.016930939912112787,False
1171,Gradient boosting,"weekly, expanding",2008-09-29,1166,2008-09-29 04:47:00,0,0.022806704100106767,False
1172,Gradient boosting,"weekly, expanding",2008-09-29,1166,2008-09-29 05:32:00,0,0.07696020723658167,False
1173,Gradient boosting,"weekly, expanding",2008-09-29,1166,2008-09-29 07:53:00,0,0.03172902067381959,False
1174,Gradient boosting,"weekly, expanding",2008-09-29,1166,2008-09-29 09:15:00,0,0.04340704256199254,False
1175,Gradient boosting,"weekly, expanding",2008-09-29,1166,2008-09-29 11:13:00,0,0.028976110748345864,False
1176,Gradient boosting,"weekly, expanding",2008-09-29,1166,2008-09-29 11:53:00,0,0.03335431667353119,False
1177,Gradient boosting,"weekly, expanding",2008-09-29,1166,2008-09-29 12:25:00,0,0.036239388245841386,False
1178,Gradient boosting,"weekly, expanding",2008-09-29,1166,2008-09-29 14:03:00,0,0.01811789728214024,False
1179,Gradient boosting,"weekly, expanding",2008-09-29,1166,2008-09-29 14:04:00,0,0.039568897005014904,False
1180,Gradient boosting,"weekly, expanding",2008-09-29,1166,2008-09-29 14:08:00,0,0.05621109566685982,False
1181,Gradient boosting,"weekly, expanding",2008-09-29,1166,2008-09-29 15:09:00,0,0.023060711858168218,False
1182,Gradient boosting,"weekly, expanding",2008-09-29,1166,2008-09-29 15:16:00,0,0.04471705050936581,False
1183,Gradient boosting,"weekly, expanding",2008-09-29,1166,2008-09-29 16:27:00,0,0.009882450763869288,False
1184,Gradient boosting,"weekly, expanding",2008-09-29,1166,2008-09-29 17:21:00,0,0.03387538988958314,False
1185,Gradient boosting,"weekly, expanding",2008-09-29,1166,2008-09-29 21:26:00,0,0.009667022586120918,False
1186,Gradient boosting,"weekly, expanding",2008-09-29,1166,2008-09-29 21:48:00,1,0.01834353818610296,False
1187,Gradient boosting,"weekly, expanding",2008-09-29,1166,2008-09-29 22:13:00,0,0.012889956253920254,False
1188,Gradient boosting,"weekly, expanding",2008-09-29,1166,2008-09-30 01:33:00,0,0.04003421603730262,False
1189,Gradient boosting,"weekly, expanding",2008-09-29,1166,2008-09-30 01:36:00,0,0.03942239510475364,False
1190,Gradient boosting,"weekly, expanding",2008-09-29,1166,2008-09-30 02:44:00,1,0.04054198455134698,False
1191,Gradient boosting,"weekly, expanding",2008-09-29,1166,2008-09-30 04:01:00,0,0.05872407804035534,False
1192,Gradient boosting,"weekly, expanding",2008-09-29,1166,2008-09-30 04:42:00,0,0.07226156609453069,False
1193,Gradient boosting,"weekly, expanding",2008-09-29,1166,2008-09-30 08:44:00,0,0.23588072462762094,True
1194,Gradient boosting,"weekly, expanding",2008-09-29,1166,2008-09-30 12:31:00,0,0.019626087690653625,False
1195,Gradient boosting,"weekly, expanding",2008-09-29,1166,2008-09-30 13:29:00,0,0.01453042499063839,False
1196,Gradient boosting,"weekly, expanding",2008-09-29,1166,2008-09-30 14:20:00,0,0.028174676771597906,False
1197,Gradient boosting,"weekly, expanding",2008-09-29,1166,2008-09-30 14:36:00,0,0.0334453537700302,False
1198,Gradient boosting,"weekly, expanding",2008-09-29,1166,2008-09-30 15:16:00,0,0.023265434377728697,False
1199,Gradient boosting,"weekly, expanding",2008-09-29,1166,2008-09-30 15:26:00,0,0.015205802784566838,False
1200,Gradient boosting,"weekly, expanding",2008-09-29,1166,2008-09-30 16:13:00,0,0.04591775559284656,False
1201,Gradient boosting,"weekly, expanding",2008-09-29,1166,2008-09-30 16:50:00,0,0.024832306132592557,False
1202,Gradient boosting,"weekly, expanding",2008-09-29,1166,2008-09-30 17:27:00,0,0.014065373035494254,False
1203,Gradient boosting,"weekly, expanding",2008-09-29,1166,2008-09-30 19:17:00,0,0.0438943603793505,False
1204,Gradient boosting,"weekly, expanding",2008-09-29,1166,2008-09-30 19:17:00,0,0.021718026266750685,False
1205,Gradient boosting,"weekly, expanding",2008-09-29,1166,2008-09-30 21:39:00,0,0.04718021833068487,False
1206,Gradient boosting,"weekly, expanding",2008-09-29,1166,2008-09-30 21:42:00,0,0.06892191928540893,False
1207,Gradient boosting,"weekly, expanding",2008-09-29,1166,2008-09-30 23:34:00,0,0.02624767392951881,False
1208,Gradient boosting,"weekly, expanding",2008-09-29,1166,2008-09-30 23:58:00,0,0.030483431892003424,False
1209,Gradient boosting,"weekly, expanding",2008-09-29,1166,2008-10-01 00:20:00,0,0.02174464515203323,False
1210,Gradient boosting,"weekly, expanding",2008-09-29,1166,2008-10-01 01:11:00,0,0.045247928620690256,False
1211,Gradient boosting,"weekly, expanding",2008-09-29,1166,2008-10-01 02:53:00,0,0.024898399114788146,False
1212,Gradient boosting,"weekly, expanding",2008-09-29,1166,2008-10-01 05:56:00,1,0.010289656255180081,False
1213,Gradient boosting,"weekly, expanding",2008-09-29,1166,2008-10-01 07:19:00,0,0.011677410948107618,False
1214,Gradient boosting,"weekly, expanding",2008-09-29,1166,2008-10-01 07:28:00,0,0.01770781198545172,False
1215,Gradient boosting,"weekly, expanding",2008-09-29,1166,2008-10-01 08:15:00,0,0.021198913668230415,False
1216,Gradient boosting,"weekly, expanding",2008-09-29,1166,2008-10-01 09:15:00,0,0.02050436778970495,False
1217,Gradient boosting,"weekly, expanding",2008-09-29,1166,2008-10-01 09:16:00,0,0.011849577113105995,False
1218,Gradient boosting,"weekly, expanding",2008-09-29,1166,2008-10-01 14:22:00,0,0.05658756413427811,False
1219,Gradient boosting,"weekly, expanding",2008-09-29,1166,2008-10-01 15:16:00,0,0.011372252135592321,False
1220,Gradient boosting,"weekly, expanding",2008-09-29,1166,2008-10-01 16:43:00,0,0.028213086765314303,False
1221,Gradient boosting,"weekly, expanding",2008-09-29,1166,2008-10-01 19:57:00,0,0.031237935549347937,False
1222,Gradient boosting,"weekly, expanding",2008-09-29,1166,2008-10-01 21:15:00,0,0.054009087374122605,False
1223,Gradient boosting,"weekly, expanding",2008-09-29,1166,2008-10-01 21:50:00,0,0.05086515917213353,False
1224,Gradient boosting,"weekly, expanding",2008-09-29,1166,2008-10-01 22:47:00,0,0.19246049003858395,True
1225,Gradient boosting,"weekly, expanding",2008-09-29,1166,2008-10-01 23:34:00,0,0.014447166558036321,False
1226,Gradient boosting,"weekly, expanding",2008-09-29,1166,2008-10-02 00:21:00,0,0.10302708465904237,False
1227,Gradient boosting,"weekly, expanding",2008-09-29,1166,2008-10-02 00:22:00,0,0.03093422995379704,False
1228,Gradient boosting,"weekly, expanding",2008-09-29,1166,2008-10-02 03:17:00,1,0.07119757390904054,False
1229,Gradient boosting,"weekly, expanding",2008-09-29,1166,2008-10-02 03:27:00,0,0.03314937858510523,False
1230,Gradient boosting,"weekly, expanding",2008-09-29,1166,2008-10-02 04:11:00,0,0.052691186180957895,False
1231,Gradient boosting,"weekly, expanding",2008-09-29,1166,2008-10-02 04:23:00,0,0.05223487185577536,False
1232,Gradient boosting,"weekly, expanding",2008-09-29,1166,2008-10-02 04:24:00,0,0.02946234608543444,False
1233,Gradient boosting,"weekly, expanding",2008-09-29,1166,2008-10-02 06:49:00,0,0.018493398322523676,False
1234,Gradient boosting,"weekly, expanding",2008-09-29,1166,2008-10-02 07:35:00,0,0.044061382837072643,False
1235,Gradient boosting,"weekly, expanding",2008-09-29,1166,2008-10-02 07:58:00,0,0.015931873712228945,False
1236,Gradient boosting,"weekly, expanding",2008-09-29,1166,2008-10-02 08:24:00,0,0.014366938796096136,False
1237,Gradient boosting,"weekly, expanding",2008-09-29,1166,2008-10-02 08:52:00,0,0.021892117100126778,False
1238,Gradient boosting,"weekly, expanding",2008-09-29,1166,2008-10-02 08:57:00,0,0.016584346845064015,False
1239,Gradient boosting,"weekly, expanding",2008-09-29,1166,2008-10-02 09:10:00,1,0.01927599072263876,False
1240,Gradient boosting,"weekly, expanding",2008-09-29,1166,2008-10-02 09:42:00,0,0.04910542679458282,False
1241,Gradient boosting,"weekly, expanding",2008-09-29,1166,2008-10-02 10:03:00,0,0.1309076950408107,False
1242,Gradient boosting,"weekly, expanding",2008-09-29,1166,2008-10-02 14:07:00,1,0.04782810362311721,False
1243,Gradient boosting,"weekly, expanding",2008-09-29,1166,2008-10-02 14:10:00,1,0.023154010811149553,False
1244,Gradient boosting,"weekly, expanding",2008-09-29,1166,2008-10-02 14:54:00,0,0.01338020843154282,False
1245,Gradient boosting,"weekly, expanding",2008-09-29,1166,2008-10-02 15:10:00,0,0.07599482953818006,False
1246,Gradient boosting,"weekly, expanding",2008-09-29,1166,2008-10-02 15:44:00,0,0.033318058755750245,False
1247,Gradient boosting,"weekly, expanding",2008-09-29,1166,2008-10-02 15:58:00,0,0.030437532768727262,False
1248,Gradient boosting,"weekly, expanding",2008-09-29,1166,2008-10-02 16:32:00,0,0.01947121922915151,False
1249,Gradient boosting,"weekly, expanding",2008-09-29,1166,2008-10-02 16:58:00,0,0.05924267372800555,False
1250,Gradient boosting,"weekly, expanding",2008-09-29,1166,2008-10-02 17:00:00,0,0.06211093448968521,False
1251,Gradient boosting,"weekly, expanding",2008-09-29,1166,2008-10-02 17:19:00,0,0.02456102110957257,False
1252,Gradient boosting,"weekly, expanding",2008-09-29,1166,2008-10-02 19:21:00,0,0.04283803827979767,False
1253,Gradient boosting,"weekly, expanding",2008-09-29,1166,2008-10-02 19:25:00,0,0.027069522083167683,False
1254,Gradient boosting,"weekly, expanding",2008-09-29,1166,2008-10-02 20:54:00,0,0.037142319210091854,False
1255,Gradient boosting,"weekly, expanding",2008-09-29,1166,2008-10-02 21:32:00,1,0.02390131882455458,False
1256,Gradient boosting,"weekly, expanding",2008-09-29,1166,2008-10-02 21:33:00,0,0.03971868944746183,False
1257,Gradient boosting,"weekly, expanding",2008-09-29,1166,2008-10-02 22:23:00,0,0.024886803301917098,False
1258,Gradient boosting,"weekly, expanding",2008-09-29,1166,2008-10-02 22:33:00,0,0.05886935698142842,False
1259,Gradient boosting,"weekly, expanding",2008-09-29,1166,2008-10-02 23:32:00,0,0.020171386908949675,False
1260,Gradient boosting,"weekly, expanding",2008-09-29,1166,2008-10-02 23:32:00,0,0.02959828493374818,False
1261,Gradient boosting,"weekly, expanding",2008-09-29,1166,2008-10-03 00:24:00,0,0.033629621759262686,False
1262,Gradient boosting,"weekly, expanding",2008-09-29,1166,2008-10-03 00:55:00,0,0.024805570762263446,False
1263,Gradient boosting,"weekly, expanding",2008-09-29,1166,2008-10-03 02:41:00,0,0.040012714262871646,False
1264,Gradient boosting,"weekly, expanding",2008-09-29,1166,2008-10-03 03:52:00,0,0.023978878081309083,False
1265,Gradient boosting,"weekly, expanding",2008-09-29,1166,2008-10-03 03:56:00,0,0.016099350560377815,False
1266,Gradient boosting,"weekly, expanding",2008-09-29,1166,2008-10-03 04:49:00,0,0.014718222398069096,False
1267,Gradient boosting,"weekly, expanding",2008-09-29,1166,2008-10-03 05:01:00,0,0.028240011879213354,False
1268,Gradient boosting,"weekly, expanding",2008-09-29,1166,2008-10-03 05:45:00,0,0.07218055972863861,False
1269,Gradient boosting,"weekly, expanding",2008-09-29,1166,2008-10-03 06:15:00,0,0.026700061728167666,False
1270,Gradient boosting,"weekly, expanding",2008-09-29,1166,2008-10-03 08:35:00,0,0.022048922472016688,False
1271,Gradient boosting,"weekly, expanding",2008-09-29,1166,2008-10-03 09:30:00,0,0.010353787451539864,False
1272,Gradient boosting,"weekly, expanding",2008-09-29,1166,2008-10-03 11:40:00,0,0.021309363136422902,False
1273,Gradient boosting,"weekly, expanding",2008-09-29,1166,2008-10-03 12:31:00,0,0.04805460408180608,False
1274,Gradient boosting,"weekly, expanding",2008-09-29,1166,2008-10-03 18:45:00,0,0.030656671422375565,False
1275,Gradient boosting,"weekly, expanding",2008-09-29,1166,2008-10-03 19:23:00,0,0.02028508833173168,False
1276,Gradient boosting,"weekly, expanding",2008-09-29,1166,2008-10-03 19:23:00,0,0.027114781954109712,False
1277,Gradient boosting,"weekly, expanding",2008-09-29,1166,2008-10-03 20:11:00,0,0.019472822711887914,False
1278,Gradient boosting,"weekly, expanding",2008-09-29,1166,2008-10-03 20:26:00,0,0.021999485017279767,False
1279,Gradient boosting,"weekly, expanding",2008-09-29,1166,2008-10-03 20:35:00,0,0.0178022638921265,False
1280,Gradient boosting,"weekly, expanding",2008-09-29,1166,2008-10-03 20:46:00,0,0.020570932558994646,False
1281,Gradient boosting,"weekly, expanding",2008-09-29,1166,2008-10-03 21:15:00,0,0.08410135283334798,False
1282,Gradient boosting,"weekly, expanding",2008-09-29,1166,2008-10-03 21:52:00,0,0.02707605419430759,False
1283,Gradient boosting,"weekly, expanding",2008-09-29,1166,2008-10-03 22:08:00,0,0.03846807577247005,False
1284,Gradient boosting,"weekly, expanding",2008-09-29,1166,2008-10-03 22:53:00,0,0.0557176811029241,False
1285,Gradient boosting,"weekly, expanding",2008-09-29,1166,2008-10-03 23:46:00,0,0.013495172862051168,False
1286,Gradient boosting,"weekly, expanding",2008-09-29,1166,2008-10-04 00:58:00,0,0.026928861881950383,False
1287,Gradient boosting,"weekly, expanding",2008-09-29,1166,2008-10-04 01:49:00,0,0.011311455992914035,False
1288,Gradient boosting,"weekly, expanding",2008-09-29,1166,2008-10-04 02:36:00,0,0.013502074890335938,False
1289,Gradient boosting,"weekly, expanding",2008-09-29,1166,2008-10-04 03:53:00,0,0.013563366885105019,False
1290,Gradient boosting,"weekly, expanding",2008-09-29,1166,2008-10-04 04:12:00,0,0.020459600820543575,False
1291,Gradient boosting,"weekly, expanding",2008-09-29,1166,2008-10-04 04:45:00,0,0.01842554241948046,False
1292,Gradient boosting,"weekly, expanding",2008-09-29,1166,2008-10-04 09:29:00,0,0.02670310742117381,False
1293,Gradient boosting,"weekly, expanding",2008-09-29,1166,2008-10-04 15:16:00,0,0.04242095227222772,False
1294,Gradient boosting,"weekly, expanding",2008-09-29,1166,2008-10-04 16:58:00,0,0.021824931734905104,False
1295,Gradient boosting,"weekly, expanding",2008-09-29,1166,2008-10-04 18:15:00,0,0.06087351345856516,False
1296,Gradient boosting,"weekly, expanding",2008-09-29,1166,2008-10-04 18:25:00,0,0.027399357445168335,False
1297,Gradient boosting,"weekly, expanding",2008-09-29,1166,2008-10-04 18:59:00,0,0.02287654512992291,False
1298,Gradient boosting,"weekly, expanding",2008-09-29,1166,2008-10-04 19:12:00,0,0.015779218498608114,False
1299,Gradient boosting,"weekly, expanding",2008-09-29,1166,2008-10-04 19:47:00,0,0.020585872779993374,False
1300,Gradient boosting,"weekly, expanding",2008-09-29,1166,2008-10-04 19:54:00,0,0.06569744120066752,False
1301,Gradient boosting,"weekly, expanding",2008-09-29,1166,2008-10-04 20:39:00,0,0.055433189379739095,False
1302,Gradient boosting,"weekly, expanding",2008-09-29,1166,2008-10-04 22:06:00,0,0.07517617176030898,False
1303,Gradient boosting,"weekly, expanding",2008-09-29,1166,2008-10-04 23:18:00,1,0.021363663739449364,False
1304,Gradient boosting,"weekly, expanding",2008-09-29,1166,2008-10-05 00:33:00,1,0.08579055246634504,False
1305,Gradient boosting,"weekly, expanding",2008-09-29,1166,2008-10-05 00:33:00,0,0.05011976716297867,False
1306,Gradient boosting,"weekly, expanding",2008-09-29,1166,2008-10-05 01:35:00,0,0.023006811360571228,False
1307,Gradient boosting,"weekly, expanding",2008-09-29,1166,2008-10-05 04:01:00,0,0.028022103907835782,False
1308,Gradient boosting,"weekly, expanding",2008-09-29,1166,2008-10-05 04:20:00,0,0.09790245381732314,False
1309,Gradient boosting,"weekly, expanding",2008-09-29,1166,2008-10-05 04:48:00,0,0.022420817329416174,False
1310,Gradient boosting,"weekly, expanding",2008-09-29,1166,2008-10-05 05:31:00,0,0.05869283659116803,False
1311,Gradient boosting,"weekly, expanding",2008-09-29,1166,2008-10-05 05:53:00,0,0.028913281140539093,False
1312,Gradient boosting,"weekly, expanding",2008-09-29,1166,2008-10-05 06:15:00,0,0.021304050008715502,False
1313,Gradient boosting,"weekly, expanding",2008-09-29,1166,2008-10-05 08:02:00,0,0.03762473528221574,False
1314,Gradient boosting,"weekly, expanding",2008-09-29,1166,2008-10-05 08:40:00,0,0.031200262162277337,False
1315,Gradient boosting,"weekly, expanding",2008-09-29,1166,2008-10-05 09:04:00,0,0.014546601712133381,False
1316,Gradient boosting,"weekly, expanding",2008-09-29,1166,2008-10-05 09:47:00,0,0.05052477820715173,False
1317,Gradient boosting,"weekly, expanding",2008-09-29,1166,2008-10-05 10:00:00,0,0.04544359403530035,False
1318,Gradient boosting,"weekly, expanding",2008-09-29,1166,2008-10-05 10:43:00,0,0.030396909008956835,False
1319,Gradient boosting,"weekly, expanding",2008-09-29,1166,2008-10-05 11:05:00,0,0.028845709398072003,False
1320,Gradient boosting,"weekly, expanding",2008-09-29,1166,2008-10-05 11:30:00,0,0.04295548902882675,False
1321,Gradient boosting,"weekly, expanding",2008-09-29,1166,2008-10-05 12:03:00,0,0.027023361215430666,False
1322,Gradient boosting,"weekly, expanding",2008-09-29,1166,2008-10-05 12:17:00,0,0.06600966639807025,False
1323,Gradient boosting,"weekly, expanding",2008-09-29,1166,2008-10-05 13:49:00,0,0.02903882798407961,False
1324,Gradient boosting,"weekly, expanding",2008-09-29,1166,2008-10-05 14:34:00,0,0.048067681315153564,False
1325,Gradient boosting,"weekly, expanding",2008-09-29,1166,2008-10-05 15:30:00,1,0.044951408594309177,False
1326,Gradient boosting,"weekly, expanding",2008-09-29,1166,2008-10-05 15:35:00,1,0.012722412660441619,False
1327,Gradient boosting,"weekly, expanding",2008-09-29,1166,2008-10-05 16:15:00,0,0.29022001696503574,True
1328,Gradient boosting,"weekly, expanding",2008-09-29,1166,2008-10-05 16:37:00,1,0.020622830788787582,False
1329,Gradient boosting,"weekly, expanding",2008-09-29,1166,2008-10-05 16:49:00,1,0.01904394996318209,False
1330,Gradient boosting,"weekly, expanding",2008-09-29,1166,2008-10-05 18:46:00,1,0.021582109779324978,False
1331,Gradient boosting,"weekly, expanding",2008-09-29,1166,2008-10-05 18:59:00,0,0.02827504370529666,False
1332,Gradient boosting,"weekly, expanding",2008-09-29,1166,2008-10-05 19:45:00,0,0.036479902370696246,False
1333,Gradient boosting,"weekly, expanding",2008-09-29,1166,2008-10-05 20:12:00,0,0.015698866347888633,False
1334,Gradient boosting,"weekly, expanding",2008-09-29,1166,2008-10-05 20:30:00,0,0.23486634540985446,True
1335,Gradient boosting,"weekly, expanding",2008-09-29,1166,2008-10-05 22:13:00,0,0.021289740789239193,False
1336,Gradient boosting,"weekly, expanding",2008-10-06,1335,2008-10-06 00:41:00,0,0.024614857019567817,False
1337,Gradient boosting,"weekly, expanding",2008-10-06,1335,2008-10-06 01:25:00,0,0.06653974625523629,False
1338,Gradient boosting,"weekly, expanding",2008-10-06,1335,2008-10-06 01:27:00,0,0.0325275479366613,False
1339,Gradient boosting,"weekly, expanding",2008-10-06,1335,2008-10-06 01:30:00,0,0.043525784266524516,False
1340,Gradient boosting,"weekly, expanding",2008-10-06,1335,2008-10-06 02:44:00,0,0.029783306546752472,False
1341,Gradient boosting,"weekly, expanding",2008-10-06,1335,2008-10-06 02:49:00,0,0.07040341421646924,False
1342,Gradient boosting,"weekly, expanding",2008-10-06,1335,2008-10-06 03:31:00,0,0.033499493079756915,False
1343,Gradient boosting,"weekly, expanding",2008-10-06,1335,2008-10-06 03:50:00,1,0.034665699949469955,False
1344,Gradient boosting,"weekly, expanding",2008-10-06,1335,2008-10-06 03:57:00,1,0.07178431401540214,False
1345,Gradient boosting,"weekly, expanding",2008-10-06,1335,2008-10-06 04:26:00,0,0.12844995989567554,False
1346,Gradient boosting,"weekly, expanding",2008-10-06,1335,2008-10-06 05:21:00,0,0.08721508481321885,False
1347,Gradient boosting,"weekly, expanding",2008-10-06,1335,2008-10-06 05:24:00,0,0.04732896033205907,False
1348,Gradient boosting,"weekly, expanding",2008-10-06,1335,2008-10-06 06:11:00,0,0.06361909620193891,False
1349,Gradient boosting,"weekly, expanding",2008-10-06,1335,2008-10-06 06:26:00,0,0.056750920120681975,False
1350,Gradient boosting,"weekly, expanding",2008-10-06,1335,2008-10-06 06:49:00,0,0.0163596774252101,False
1351,Gradient boosting,"weekly, expanding",2008-10-06,1335,2008-10-06 07:12:00,0,0.03530053906656967,False
1352,Gradient boosting,"weekly, expanding",2008-10-06,1335,2008-10-06 07:17:00,0,0.022459922430478268,False
1353,Gradient boosting,"weekly, expanding",2008-10-06,1335,2008-10-06 07:35:00,0,0.03486092709122462,False
1354,Gradient boosting,"weekly, expanding",2008-10-06,1335,2008-10-06 07:38:00,0,0.061235169842237314,False
1355,Gradient boosting,"weekly, expanding",2008-10-06,1335,2008-10-06 08:24:00,0,0.026379702411976284,False
1356,Gradient boosting,"weekly, expanding",2008-10-06,1335,2008-10-06 08:57:00,0,0.035256596131070315,False
1357,Gradient boosting,"weekly, expanding",2008-10-06,1335,2008-10-06 09:11:00,0,0.06765203068965689,False
1358,Gradient boosting,"weekly, expanding",2008-10-06,1335,2008-10-06 09:57:00,0,0.053475403654935576,False
1359,Gradient boosting,"weekly, expanding",2008-10-06,1335,2008-10-06 10:07:00,0,0.023343637493826952,False
1360,Gradient boosting,"weekly, expanding",2008-10-06,1335,2008-10-06 11:51:00,0,0.07237770310439283,False
1361,Gradient boosting,"weekly, expanding",2008-10-06,1335,2008-10-06 12:39:00,0,0.0427032338531134,False
1362,Gradient boosting,"weekly, expanding",2008-10-06,1335,2008-10-06 12:42:00,0,0.033151525400669284,False
1363,Gradient boosting,"weekly, expanding",2008-10-06,1335,2008-10-06 13:08:00,0,0.03847486917063068,False
1364,Gradient boosting,"weekly, expanding",2008-10-06,1335,2008-10-06 13:38:00,1,0.13933849850044994,False
1365,Gradient boosting,"weekly, expanding",2008-10-06,1335,2008-10-06 13:55:00,1,0.060067616552482224,False
1366,Gradient boosting,"weekly, expanding",2008-10-06,1335,2008-10-06 15:00:00,1,0.029028522243883213,False
1367,Gradient boosting,"weekly, expanding",2008-10-06,1335,2008-10-06 15:01:00,0,0.04277491307557355,False
1368,Gradient boosting,"weekly, expanding",2008-10-06,1335,2008-10-06 15:52:00,0,0.02782994967347256,False
1369,Gradient boosting,"weekly, expanding",2008-10-06,1335,2008-10-06 16:42:00,0,0.036689053513259524,False
1370,Gradient boosting,"weekly, expanding",2008-10-06,1335,2008-10-06 16:50:00,0,0.06297777733595107,False
1371,Gradient boosting,"weekly, expanding",2008-10-06,1335,2008-10-06 17:26:00,0,0.02912669073897155,False
1372,Gradient boosting,"weekly, expanding",2008-10-06,1335,2008-10-06 17:26:00,0,0.023831935993818342,False
1373,Gradient boosting,"weekly, expanding",2008-10-06,1335,2008-10-06 17:35:00,0,0.024333242130258167,False
1374,Gradient boosting,"weekly, expanding",2008-10-06,1335,2008-10-06 18:54:00,0,0.03381511500384618,False
1375,Gradient boosting,"weekly, expanding",2008-10-06,1335,2008-10-06 18:55:00,0,0.058391825861763745,False
1376,Gradient boosting,"weekly, expanding",2008-10-06,1335,2008-10-06 19:42:00,0,0.025606565051865572,False
1377,Gradient boosting,"weekly, expanding",2008-10-06,1335,2008-10-06 20:02:00,0,0.04004189019652344,False
1378,Gradient boosting,"weekly, expanding",2008-10-06,1335,2008-10-06 20:36:00,0,0.05902574863734078,False
1379,Gradient boosting,"weekly, expanding",2008-10-06,1335,2008-10-06 20:47:00,0,0.032265269204251275,False
1380,Gradient boosting,"weekly, expanding",2008-10-06,1335,2008-10-06 21:46:00,0,0.08316385307082644,False
1381,Gradient boosting,"weekly, expanding",2008-10-06,1335,2008-10-06 21:48:00,0,0.011819147988475505,False
1382,Gradient boosting,"weekly, expanding",2008-10-06,1335,2008-10-06 22:37:00,0,0.017296116982337854,False
1383,Gradient boosting,"weekly, expanding",2008-10-06,1335,2008-10-06 23:03:00,0,0.0420415756476115,False
1384,Gradient boosting,"weekly, expanding",2008-10-06,1335,2008-10-07 01:46:00,0,0.025959579818875336,False
1385,Gradient boosting,"weekly, expanding",2008-10-06,1335,2008-10-07 03:29:00,0,0.017884218210704073,False
1386,Gradient boosting,"weekly, expanding",2008-10-06,1335,2008-10-07 03:39:00,0,0.036365950277141075,False
1387,Gradient boosting,"weekly, expanding",2008-10-06,1335,2008-10-07 07:32:00,0,0.04077968880872043,False
1388,Gradient boosting,"weekly, expanding",2008-10-06,1335,2008-10-07 07:41:00,0,0.021526916893642518,False
1389,Gradient boosting,"weekly, expanding",2008-10-06,1335,2008-10-07 08:25:00,0,0.017200894174016948,False
1390,Gradient boosting,"weekly, expanding",2008-10-06,1335,2008-10-07 08:26:00,0,0.02102189911801814,False
1391,Gradient boosting,"weekly, expanding",2008-10-06,1335,2008-10-07 09:11:00,0,0.02737063885343428,False
1392,Gradient boosting,"weekly, expanding",2008-10-06,1335,2008-10-07 09:20:00,0,0.017963740375987282,False
1393,Gradient boosting,"weekly, expanding",2008-10-06,1335,2008-10-07 09:59:00,0,0.01371978018906093,False
1394,Gradient boosting,"weekly, expanding",2008-10-06,1335,2008-10-07 10:04:00,0,0.04129992892429119,False
1395,Gradient boosting,"weekly, expanding",2008-10-06,1335,2008-10-07 10:10:00,0,0.03276669795438437,False
1396,Gradient boosting,"weekly, expanding",2008-10-06,1335,2008-10-07 10:51:00,0,0.024943101945915275,False
1397,Gradient boosting,"weekly, expanding",2008-10-06,1335,2008-10-07 11:15:00,0,0.02520291334926891,False
1398,Gradient boosting,"weekly, expanding",2008-10-06,1335,2008-10-07 11:16:00,0,0.10130287978732705,False
1399,Gradient boosting,"weekly, expanding",2008-10-06,1335,2008-10-07 11:36:00,0,0.033740123840050124,False
1400,Gradient boosting,"weekly, expanding",2008-10-06,1335,2008-10-07 12:40:00,0,0.019548702554356347,False
1401,Gradient boosting,"weekly, expanding",2008-10-06,1335,2008-10-07 13:10:00,1,0.05496791946647485,False
1402,Gradient boosting,"weekly, expanding",2008-10-06,1335,2008-10-07 13:48:00,0,0.05449089868515547,False
1403,Gradient boosting,"weekly, expanding",2008-10-06,1335,2008-10-07 14:35:00,0,0.033500751551137575,False
1404,Gradient boosting,"weekly, expanding",2008-10-06,1335,2008-10-07 16:32:00,0,0.03411188220131285,False
1405,Gradient boosting,"weekly, expanding",2008-10-06,1335,2008-10-07 17:06:00,0,0.049692072113512085,False
1406,Gradient boosting,"weekly, expanding",2008-10-06,1335,2008-10-07 17:28:00,0,0.02081923561473706,False
1407,Gradient boosting,"weekly, expanding",2008-10-06,1335,2008-10-07 18:39:00,0,0.04111030697028428,False
1408,Gradient boosting,"weekly, expanding",2008-10-06,1335,2008-10-07 19:24:00,0,0.018953478459301558,False
1409,Gradient boosting,"weekly, expanding",2008-10-06,1335,2008-10-07 20:19:00,0,0.05199109784776873,False
1410,Gradient boosting,"weekly, expanding",2008-10-06,1335,2008-10-07 20:39:00,0,0.052601393999245856,False
1411,Gradient boosting,"weekly, expanding",2008-10-06,1335,2008-10-07 20:48:00,0,0.02307974919320802,False
1412,Gradient boosting,"weekly, expanding",2008-10-06,1335,2008-10-08 04:47:00,0,0.023340006869938503,False
1413,Gradient boosting,"weekly, expanding",2008-10-06,1335,2008-10-08 05:35:00,0,0.03502474757090259,False
1414,Gradient boosting,"weekly, expanding",2008-10-06,1335,2008-10-08 05:38:00,0,0.02210112168238693,False
1415,Gradient boosting,"weekly, expanding",2008-10-06,1335,2008-10-08 06:25:00,0,0.0164764441923121,False
1416,Gradient boosting,"weekly, expanding",2008-10-06,1335,2008-10-08 07:10:00,0,0.019277528061797035,False
1417,Gradient boosting,"weekly, expanding",2008-10-06,1335,2008-10-08 07:13:00,0,0.021539441512274334,False
1418,Gradient boosting,"weekly, expanding",2008-10-06,1335,2008-10-08 07:16:00,0,0.07070394413907279,False
1419,Gradient boosting,"weekly, expanding",2008-10-06,1335,2008-10-08 09:01:00,0,0.03154725204416391,False
1420,Gradient boosting,"weekly, expanding",2008-10-06,1335,2008-10-08 09:06:00,0,0.03160842024525958,False
1421,Gradient boosting,"weekly, expanding",2008-10-06,1335,2008-10-08 10:37:00,0,0.030081423938810678,False
1422,Gradient boosting,"weekly, expanding",2008-10-06,1335,2008-10-08 12:11:00,0,0.015024675080053281,False
1423,Gradient boosting,"weekly, expanding",2008-10-06,1335,2008-10-08 13:35:00,0,0.10521297754994761,False
1424,Gradient boosting,"weekly, expanding",2008-10-06,1335,2008-10-08 13:38:00,0,0.028690653057522005,False
1425,Gradient boosting,"weekly, expanding",2008-10-06,1335,2008-10-08 14:48:00,0,0.04877828110221671,False
1426,Gradient boosting,"weekly, expanding",2008-10-06,1335,2008-10-08 15:37:00,0,0.047141423666709946,False
1427,Gradient boosting,"weekly, expanding",2008-10-06,1335,2008-10-08 16:26:00,0,0.030506175991563914,False
1428,Gradient boosting,"weekly, expanding",2008-10-06,1335,2008-10-08 17:14:00,0,0.04245026173264459,False
1429,Gradient boosting,"weekly, expanding",2008-10-06,1335,2008-10-08 17:31:00,0,0.039291927375021234,False
1430,Gradient boosting,"weekly, expanding",2008-10-06,1335,2008-10-08 17:41:00,0,0.025625777867243835,False
1431,Gradient boosting,"weekly, expanding",2008-10-06,1335,2008-10-08 18:22:00,0,0.014522239192272524,False
1432,Gradient boosting,"weekly, expanding",2008-10-06,1335,2008-10-08 20:27:00,0,0.07497547680595604,False
1433,Gradient boosting,"weekly, expanding",2008-10-06,1335,2008-10-08 21:19:00,0,0.020410821581124634,False
1434,Gradient boosting,"weekly, expanding",2008-10-06,1335,2008-10-08 21:45:00,0,0.03703750240289106,False
1435,Gradient boosting,"weekly, expanding",2008-10-06,1335,2008-10-08 22:08:00,0,0.04164678178664272,False
1436,Gradient boosting,"weekly, expanding",2008-10-06,1335,2008-10-08 23:13:00,0,0.08478210840252144,False
1437,Gradient boosting,"weekly, expanding",2008-10-06,1335,2008-10-08 23:50:00,0,0.04028502067889827,False
1438,Gradient boosting,"weekly, expanding",2008-10-06,1335,2008-10-09 00:23:00,0,0.013810313259358914,False
1439,Gradient boosting,"weekly, expanding",2008-10-06,1335,2008-10-09 04:34:00,1,0.030214200901906806,False
1440,Gradient boosting,"weekly, expanding",2008-10-06,1335,2008-10-09 06:06:00,0,0.014980833500628288,False
1441,Gradient boosting,"weekly, expanding",2008-10-06,1335,2008-10-09 07:38:00,0,0.020662979219157288,False
1442,Gradient boosting,"weekly, expanding",2008-10-06,1335,2008-10-09 14:15:00,0,0.019683356523849883,False
1443,Gradient boosting,"weekly, expanding",2008-10-06,1335,2008-10-09 15:04:00,0,0.02139630461924706,False
1444,Gradient boosting,"weekly, expanding",2008-10-06,1335,2008-10-09 15:55:00,1,0.03814549342666664,False
1445,Gradient boosting,"weekly, expanding",2008-10-06,1335,2008-10-09 15:56:00,0,0.04167969590013871,False
1446,Gradient boosting,"weekly, expanding",2008-10-06,1335,2008-10-10 10:05:00,0,0.033735353094807435,False
1447,Gradient boosting,"weekly, expanding",2008-10-06,1335,2008-10-10 10:46:00,0,0.027633846274549272,False
1448,Gradient boosting,"weekly, expanding",2008-10-06,1335,2008-10-10 10:53:00,0,0.030884649642108658,False
1449,Gradient boosting,"weekly, expanding",2008-10-06,1335,2008-10-10 12:30:00,0,0.016191727703829973,False
1450,Gradient boosting,"weekly, expanding",2008-10-06,1335,2008-10-10 15:33:00,0,0.043560435644631294,False
1451,Gradient boosting,"weekly, expanding",2008-10-06,1335,2008-10-10 15:50:00,0,0.05474513020838858,False
1452,Gradient boosting,"weekly, expanding",2008-10-06,1335,2008-10-10 20:02:00,0,0.016541124701479268,False
1453,Gradient boosting,"weekly, expanding",2008-10-06,1335,2008-10-10 21:03:00,0,0.017612598535570286,False
1454,Gradient boosting,"weekly, expanding",2008-10-06,1335,2008-10-10 21:07:00,0,0.023845871107474718,False
1455,Gradient boosting,"weekly, expanding",2008-10-06,1335,2008-10-10 21:16:00,0,0.022843164283329494,False
1456,Gradient boosting,"weekly, expanding",2008-10-06,1335,2008-10-11 02:55:00,0,0.07848443499270312,False
1457,Gradient boosting,"weekly, expanding",2008-10-06,1335,2008-10-11 06:56:00,0,0.05615074801078558,False
1458,Gradient boosting,"weekly, expanding",2008-10-06,1335,2008-10-11 07:38:00,0,0.03139180475994642,False
1459,Gradient boosting,"weekly, expanding",2008-10-06,1335,2008-10-11 07:39:00,0,0.062939519274451,False
1460,Gradient boosting,"weekly, expanding",2008-10-06,1335,2008-10-11 07:42:00,0,0.020256679509094808,False
1461,Gradient boosting,"weekly, expanding",2008-10-06,1335,2008-10-11 08:27:00,0,0.0457831177303168,False
1462,Gradient boosting,"weekly, expanding",2008-10-06,1335,2008-10-11 14:43:00,0,0.04120045320034938,False
1463,Gradient boosting,"weekly, expanding",2008-10-06,1335,2008-10-11 15:33:00,0,0.014992440746299903,False
1464,Gradient boosting,"weekly, expanding",2008-10-06,1335,2008-10-11 16:25:00,0,0.013558083887186783,False
1465,Gradient boosting,"weekly, expanding",2008-10-06,1335,2008-10-11 23:16:00,0,0.030124052618856204,False
1466,Gradient boosting,"weekly, expanding",2008-10-06,1335,2008-10-11 23:58:00,0,0.016358800451010964,False
1467,Gradient boosting,"weekly, expanding",2008-10-06,1335,2008-10-12 00:57:00,0,0.024485455275783923,False
1468,Gradient boosting,"weekly, expanding",2008-10-06,1335,2008-10-12 01:50:00,0,0.05672906618363542,False
1469,Gradient boosting,"weekly, expanding",2008-10-06,1335,2008-10-12 02:59:00,0,0.023021216351821482,False
1470,Gradient boosting,"weekly, expanding",2008-10-06,1335,2008-10-12 03:21:00,0,0.053522536335842544,False
1471,Gradient boosting,"weekly, expanding",2008-10-06,1335,2008-10-12 03:28:00,0,0.059929085417079135,False
1472,Gradient boosting,"weekly, expanding",2008-10-06,1335,2008-10-12 08:19:00,0,0.02001896797656774,False
1473,Gradient boosting,"weekly, expanding",2008-10-06,1335,2008-10-12 18:47:00,0,0.053019307561662433,False
1474,Gradient boosting,"weekly, expanding",2008-10-13,1473,2008-10-13 03:34:00,0,0.019625230599583165,False
1475,Gradient boosting,"weekly, expanding",2008-10-13,1473,2008-10-13 03:53:00,0,0.054314868512808756,False
1476,Gradient boosting,"weekly, expanding",2008-10-13,1473,2008-10-13 11:27:00,0,0.03674310220999529,False
1477,Gradient boosting,"weekly, expanding",2008-10-13,1473,2008-10-13 12:18:00,0,0.019832034878704285,False
1478,Gradient boosting,"weekly, expanding",2008-10-13,1473,2008-10-13 14:06:00,0,0.013320432599846199,False
1479,Gradient boosting,"weekly, expanding",2008-10-13,1473,2008-10-13 14:29:00,0,0.02917220151659567,False
1480,Gradient boosting,"weekly, expanding",2008-10-13,1473,2008-10-13 14:30:00,0,0.10506624707901145,False
1481,Gradient boosting,"weekly, expanding",2008-10-13,1473,2008-10-13 14:55:00,0,0.01341153880371908,False
1482,Gradient boosting,"weekly, expanding",2008-10-13,1473,2008-10-13 15:42:00,0,0.03839803228947096,False
1483,Gradient boosting,"weekly, expanding",2008-10-13,1473,2008-10-13 15:42:00,0,0.019619695207989372,False
1484,Gradient boosting,"weekly, expanding",2008-10-13,1473,2008-10-13 16:13:00,0,0.01798326786149328,False
1485,Gradient boosting,"weekly, expanding",2008-10-13,1473,2008-10-13 19:17:00,0,0.015661891149804433,False
1486,Gradient boosting,"weekly, expanding",2008-10-13,1473,2008-10-13 19:36:00,0,0.043726296109342054,False
1487,Gradient boosting,"weekly, expanding",2008-10-13,1473,2008-10-13 19:40:00,0,0.025949315453572274,False
1488,Gradient boosting,"weekly, expanding",2008-10-13,1473,2008-10-13 20:10:00,0,0.03523420709400361,False
1489,Gradient boosting,"weekly, expanding",2008-10-13,1473,2008-10-13 20:30:00,0,0.015384960283224568,False
1490,Gradient boosting,"weekly, expanding",2008-10-13,1473,2008-10-13 20:53:00,0,0.05250662855515449,False
1491,Gradient boosting,"weekly, expanding",2008-10-13,1473,2008-10-13 21:20:00,0,0.056606232940463276,False
1492,Gradient boosting,"weekly, expanding",2008-10-13,1473,2008-10-13 21:47:00,0,0.013384086089402884,False
1493,Gradient boosting,"weekly, expanding",2008-10-13,1473,2008-10-13 21:57:00,0,0.044934160295280745,False
1494,Gradient boosting,"weekly, expanding",2008-10-13,1473,2008-10-13 22:48:00,0,0.023078002721873152,False
1495,Gradient boosting,"weekly, expanding",2008-10-13,1473,2008-10-13 22:54:00,0,0.013782343370430938,False
1496,Gradient boosting,"weekly, expanding",2008-10-13,1473,2008-10-14 00:35:00,0,0.011303264220444531,False
1497,Gradient boosting,"weekly, expanding",2008-10-13,1473,2008-10-14 03:21:00,0,0.025876075171295348,False
1498,Gradient boosting,"weekly, expanding",2008-10-13,1473,2008-10-14 03:28:00,0,0.03818060002733076,False
1499,Gradient boosting,"weekly, expanding",2008-10-13,1473,2008-10-14 03:35:00,0,0.0475610670660141,False
1500,Gradient boosting,"weekly, expanding",2008-10-13,1473,2008-10-14 13:13:00,0,0.025437566305519885,False
1501,Gradient boosting,"weekly, expanding",2008-10-13,1473,2008-10-14 13:16:00,0,0.020676967662360494,False
1502,Gradient boosting,"weekly, expanding",2008-10-13,1473,2008-10-14 14:07:00,0,0.01678460692745777,False
1503,Gradient boosting,"weekly, expanding",2008-10-13,1473,2008-10-14 14:15:00,0,0.01439772495478184,False
1504,Gradient boosting,"weekly, expanding",2008-10-13,1473,2008-10-14 14:43:00,0,0.0375812119747802,False
1505,Gradient boosting,"weekly, expanding",2008-10-13,1473,2008-10-14 17:36:00,0,0.014359872420443278,False
1506,Gradient boosting,"weekly, expanding",2008-10-13,1473,2008-10-14 19:15:00,0,0.02502139524838554,False
1507,Gradient boosting,"weekly, expanding",2008-10-13,1473,2008-10-14 20:01:00,0,0.12886557488467495,False
1508,Gradient boosting,"weekly, expanding",2008-10-13,1473,2008-10-14 20:30:00,0,0.08354833125155761,False
1509,Gradient boosting,"weekly, expanding",2008-10-13,1473,2008-10-14 20:48:00,0,0.021419663072891025,False
1510,Gradient boosting,"weekly, expanding",2008-10-13,1473,2008-10-14 21:36:00,0,0.060158148055027,False
1511,Gradient boosting,"weekly, expanding",2008-10-13,1473,2008-10-14 23:07:00,0,0.018802663774190334,False
1512,Gradient boosting,"weekly, expanding",2008-10-13,1473,2008-10-15 00:03:00,0,0.03888299208940478,False
1513,Gradient boosting,"weekly, expanding",2008-10-13,1473,2008-10-15 00:27:00,0,0.010831335645066035,False
1514,Gradient boosting,"weekly, expanding",2008-10-13,1473,2008-10-15 00:47:00,0,0.11217208877191946,False
1515,Gradient boosting,"weekly, expanding",2008-10-13,1473,2008-10-15 01:52:00,0,0.028683381125058343,False
1516,Gradient boosting,"weekly, expanding",2008-10-13,1473,2008-10-15 01:52:00,0,0.03747065980275873,False
1517,Gradient boosting,"weekly, expanding",2008-10-13,1473,2008-10-15 01:52:00,0,0.036166210120319967,False
1518,Gradient boosting,"weekly, expanding",2008-10-13,1473,2008-10-15 02:40:00,0,0.02932881151675153,False
1519,Gradient boosting,"weekly, expanding",2008-10-13,1473,2008-10-15 02:40:00,0,0.06288814972764194,False
1520,Gradient boosting,"weekly, expanding",2008-10-13,1473,2008-10-15 02:42:00,1,0.037387690311735826,False
1521,Gradient boosting,"weekly, expanding",2008-10-13,1473,2008-10-15 03:24:00,0,0.03116711829151707,False
1522,Gradient boosting,"weekly, expanding",2008-10-13,1473,2008-10-15 04:08:00,0,0.028255632795683418,False
1523,Gradient boosting,"weekly, expanding",2008-10-13,1473,2008-10-15 05:13:00,0,0.10831509194551406,False
1524,Gradient boosting,"weekly, expanding",2008-10-13,1473,2008-10-15 05:16:00,0,0.04629991203886853,False
1525,Gradient boosting,"weekly, expanding",2008-10-13,1473,2008-10-15 06:49:00,0,0.014192678559448089,False
1526,Gradient boosting,"weekly, expanding",2008-10-13,1473,2008-10-15 07:36:00,0,0.027041197957841864,False
1527,Gradient boosting,"weekly, expanding",2008-10-13,1473,2008-10-15 07:55:00,0,0.02637178072931212,False
1528,Gradient boosting,"weekly, expanding",2008-10-13,1473,2008-10-15 08:21:00,0,0.016774511909664717,False
1529,Gradient boosting,"weekly, expanding",2008-10-13,1473,2008-10-15 09:11:00,0,0.017631480999349546,False
1530,Gradient boosting,"weekly, expanding",2008-10-13,1473,2008-10-15 10:00:00,0,0.03064794845725137,False
1531,Gradient boosting,"weekly, expanding",2008-10-13,1473,2008-10-15 12:53:00,0,0.08213922687423764,False
1532,Gradient boosting,"weekly, expanding",2008-10-13,1473,2008-10-15 13:14:00,0,0.06271767218408829,False
1533,Gradient boosting,"weekly, expanding",2008-10-13,1473,2008-10-15 13:16:00,0,0.04291770142612689,False
1534,Gradient boosting,"weekly, expanding",2008-10-13,1473,2008-10-15 14:08:00,0,0.03046270776499155,False
1535,Gradient boosting,"weekly, expanding",2008-10-13,1473,2008-10-15 15:11:00,0,0.014730487834091638,False
1536,Gradient boosting,"weekly, expanding",2008-10-13,1473,2008-10-15 16:24:00,0,0.023223173272748115,False
1537,Gradient boosting,"weekly, expanding",2008-10-13,1473,2008-10-15 17:19:00,0,0.015453439590542826,False
1538,Gradient boosting,"weekly, expanding",2008-10-13,1473,2008-10-15 18:16:00,0,0.009749906664324584,False
1539,Gradient boosting,"weekly, expanding",2008-10-13,1473,2008-10-15 19:15:00,0,0.017002473257763592,False
1540,Gradient boosting,"weekly, expanding",2008-10-13,1473,2008-10-15 19:24:00,0,0.0647463365530183,False
1541,Gradient boosting,"weekly, expanding",2008-10-13,1473,2008-10-15 21:44:00,0,0.04392008106142621,False
1542,Gradient boosting,"weekly, expanding",2008-10-13,1473,2008-10-15 22:45:00,0,0.03323516827428168,False
1543,Gradient boosting,"weekly, expanding",2008-10-13,1473,2008-10-15 22:54:00,0,0.035922259162782785,False
1544,Gradient boosting,"weekly, expanding",2008-10-13,1473,2008-10-15 23:00:00,0,0.03918311072298651,False
1545,Gradient boosting,"weekly, expanding",2008-10-13,1473,2008-10-15 23:45:00,0,0.026801544937742575,False
1546,Gradient boosting,"weekly, expanding",2008-10-13,1473,2008-10-16 02:16:00,0,0.02612166555127149,False
1547,Gradient boosting,"weekly, expanding",2008-10-13,1473,2008-10-16 02:16:00,0,0.017486455067157736,False
1548,Gradient boosting,"weekly, expanding",2008-10-13,1473,2008-10-16 02:17:00,0,0.05377889565735535,False
1549,Gradient boosting,"weekly, expanding",2008-10-13,1473,2008-10-16 02:22:00,0,0.02443282203831032,False
1550,Gradient boosting,"weekly, expanding",2008-10-13,1473,2008-10-16 02:55:00,0,0.08536167025836708,False
1551,Gradient boosting,"weekly, expanding",2008-10-13,1473,2008-10-16 03:56:00,0,0.022135543748483887,False
1552,Gradient boosting,"weekly, expanding",2008-10-13,1473,2008-10-16 04:02:00,0,0.048022662911445184,False
1553,Gradient boosting,"weekly, expanding",2008-10-13,1473,2008-10-16 04:02:00,0,0.04411546451552137,False
1554,Gradient boosting,"weekly, expanding",2008-10-13,1473,2008-10-16 04:04:00,0,0.02019487102071249,False
1555,Gradient boosting,"weekly, expanding",2008-10-13,1473,2008-10-16 04:47:00,0,0.0438888130056787,False
1556,Gradient boosting,"weekly, expanding",2008-10-13,1473,2008-10-16 04:50:00,0,0.04386232958025139,False
1557,Gradient boosting,"weekly, expanding",2008-10-13,1473,2008-10-16 04:54:00,0,0.030590236937472336,False
1558,Gradient boosting,"weekly, expanding",2008-10-13,1473,2008-10-16 05:08:00,0,0.04801659301580485,False
1559,Gradient boosting,"weekly, expanding",2008-10-13,1473,2008-10-16 05:13:00,0,0.01840147956310018,False
1560,Gradient boosting,"weekly, expanding",2008-10-13,1473,2008-10-16 05:44:00,0,0.030551405058250533,False
1561,Gradient boosting,"weekly, expanding",2008-10-13,1473,2008-10-16 05:58:00,0,0.019545559943264974,False
1562,Gradient boosting,"weekly, expanding",2008-10-13,1473,2008-10-16 15:02:00,0,0.022712725336735934,False
1563,Gradient boosting,"weekly, expanding",2008-10-13,1473,2008-10-16 15:13:00,0,0.03113879946984676,False
1564,Gradient boosting,"weekly, expanding",2008-10-13,1473,2008-10-16 20:49:00,0,0.026243643654992554,False
1565,Gradient boosting,"weekly, expanding",2008-10-13,1473,2008-10-17 05:26:00,0,0.016754027526199238,False
1566,Gradient boosting,"weekly, expanding",2008-10-13,1473,2008-10-17 06:01:00,0,0.01959428032969424,False
1567,Gradient boosting,"weekly, expanding",2008-10-13,1473,2008-10-17 06:07:00,0,0.01944028629663584,False
191,Gradient boosting,"weekly, sliding 4 wk",2008-08-11,190,2008-08-11 03:06:00,0,0.2082870173831378,False
192,Gradient boosting,"weekly, sliding 4 wk",2008-08-11,190,2008-08-11 04:09:00,0,0.15884367689601264,False
193,Gradient boosting,"weekly, sliding 4 wk",2008-08-11,190,2008-08-11 05:15:00,0,0.30383624814323046,False
194,Gradient boosting,"weekly, sliding 4 wk",2008-08-11,190,2008-08-11 11:35:00,0,0.23555113679152193,False
195,Gradient boosting,"weekly, sliding 4 wk",2008-08-11,190,2008-08-11 12:38:00,0,0.23041866008521436,False
196,Gradient boosting,"weekly, sliding 4 wk",2008-08-11,190,2008-08-12 04:23:00,0,0.05208827913335275,False
197,Gradient boosting,"weekly, sliding 4 wk",2008-08-11,190,2008-08-12 06:16:00,0,0.20846770784023883,False
198,Gradient boosting,"weekly, sliding 4 wk",2008-08-11,190,2008-08-12 10:54:00,0,0.09315900858827116,False
199,Gradient boosting,"weekly, sliding 4 wk",2008-08-11,190,2008-08-12 11:29:00,0,0.06111120665742275,False
200,Gradient boosting,"weekly, sliding 4 wk",2008-08-11,190,2008-08-12 12:04:00,0,0.2147931297868889,False
201,Gradient boosting,"weekly, sliding 4 wk",2008-08-11,190,2008-08-13 02:48:00,0,0.20110539105203828,False
202,Gradient boosting,"weekly, sliding 4 wk",2008-08-11,190,2008-08-15 03:26:00,0,0.03593335625303364,False
203,Gradient boosting,"weekly, sliding 4 wk",2008-08-11,190,2008-08-15 04:14:00,0,0.26349684781846827,False
204,Gradient boosting,"weekly, sliding 4 wk",2008-08-11,190,2008-08-15 05:13:00,0,0.18333308692311695,False
205,Gradient boosting,"weekly, sliding 4 wk",2008-08-11,190,2008-08-15 09:38:00,0,0.12451443197693972,False
206,Gradient boosting,"weekly, sliding 4 wk",2008-08-11,190,2008-08-15 10:14:00,0,0.12884643712601218,False
207,Gradient boosting,"weekly, sliding 4 wk",2008-08-11,190,2008-08-15 11:42:00,0,0.1694417096264678,False
208,Gradient boosting,"weekly, sliding 4 wk",2008-08-11,190,2008-08-15 18:19:00,0,0.2655518257383053,False
209,Gradient boosting,"weekly, sliding 4 wk",2008-08-11,190,2008-08-15 19:19:00,0,0.09830341117983418,False
210,Gradient boosting,"weekly, sliding 4 wk",2008-08-11,190,2008-08-15 20:00:00,0,0.1803192607180101,False
211,Gradient boosting,"weekly, sliding 4 wk",2008-08-11,190,2008-08-15 20:03:00,0,0.09518849340045912,False
212,Gradient boosting,"weekly, sliding 4 wk",2008-08-11,190,2008-08-15 23:31:00,0,0.08380475181943575,False
213,Gradient boosting,"weekly, sliding 4 wk",2008-08-11,190,2008-08-16 02:21:00,0,0.5206673168466652,True
214,Gradient boosting,"weekly, sliding 4 wk",2008-08-11,190,2008-08-16 05:47:00,0,0.2016757133763295,False
215,Gradient boosting,"weekly, sliding 4 wk",2008-08-11,190,2008-08-16 06:52:00,0,0.13442300522145273,False
216,Gradient boosting,"weekly, sliding 4 wk",2008-08-11,190,2008-08-16 07:33:00,0,0.216235376834265,False
217,Gradient boosting,"weekly, sliding 4 wk",2008-08-11,190,2008-08-16 08:39:00,0,0.11004970709215642,False
218,Gradient boosting,"weekly, sliding 4 wk",2008-08-11,190,2008-08-16 08:41:00,0,0.055818946858800615,False
219,Gradient boosting,"weekly, sliding 4 wk",2008-08-11,190,2008-08-16 09:44:00,1,0.10452845457417641,False
220,Gradient boosting,"weekly, sliding 4 wk",2008-08-11,190,2008-08-16 13:51:00,0,0.13380675766476485,False
221,Gradient boosting,"weekly, sliding 4 wk",2008-08-11,190,2008-08-16 14:30:00,0,0.059753734546984814,False
222,Gradient boosting,"weekly, sliding 4 wk",2008-08-11,190,2008-08-16 15:16:00,0,0.10289145796990873,False
223,Gradient boosting,"weekly, sliding 4 wk",2008-08-11,190,2008-08-16 15:19:00,1,0.08461317479784596,False
224,Gradient boosting,"weekly, sliding 4 wk",2008-08-11,190,2008-08-16 23:48:00,0,0.29750937601210553,False
225,Gradient boosting,"weekly, sliding 4 wk",2008-08-11,190,2008-08-17 00:52:00,0,0.1518877297451055,False
226,Gradient boosting,"weekly, sliding 4 wk",2008-08-11,190,2008-08-17 01:53:00,0,0.11936375729179877,False
227,Gradient boosting,"weekly, sliding 4 wk",2008-08-11,190,2008-08-17 03:17:00,0,0.09837565561650613,False
228,Gradient boosting,"weekly, sliding 4 wk",2008-08-11,190,2008-08-17 03:18:00,0,0.08590876603148907,False
229,Gradient boosting,"weekly, sliding 4 wk",2008-08-11,190,2008-08-17 03:46:00,0,0.18224905466856164,False
230,Gradient boosting,"weekly, sliding 4 wk",2008-08-11,190,2008-08-17 04:19:00,0,0.07294326625333185,False
231,Gradient boosting,"weekly, sliding 4 wk",2008-08-11,190,2008-08-17 05:21:00,0,0.11263602213500339,False
232,Gradient boosting,"weekly, sliding 4 wk",2008-08-11,190,2008-08-17 12:16:00,1,0.13606537100274374,False
233,Gradient boosting,"weekly, sliding 4 wk",2008-08-11,190,2008-08-17 13:34:00,0,0.14333029152377375,False
234,Gradient boosting,"weekly, sliding 4 wk",2008-08-11,190,2008-08-17 14:21:00,0,0.1203443923611236,False
235,Gradient boosting,"weekly, sliding 4 wk",2008-08-11,190,2008-08-17 15:25:00,0,0.1568820688673904,False
236,Gradient boosting,"weekly, sliding 4 wk",2008-08-11,190,2008-08-17 21:26:00,1,0.06642439011882224,False
237,Gradient boosting,"weekly, sliding 4 wk",2008-08-11,190,2008-08-17 22:03:00,1,0.05865221673363018,False
238,Gradient boosting,"weekly, sliding 4 wk",2008-08-11,190,2008-08-17 22:21:00,0,0.16246073077424544,False
239,Gradient boosting,"weekly, sliding 4 wk",2008-08-11,190,2008-08-17 23:04:00,1,0.13781551138587175,False
240,Gradient boosting,"weekly, sliding 4 wk",2008-08-11,190,2008-08-17 23:20:00,0,0.040300735908458354,False
241,Gradient boosting,"weekly, sliding 4 wk",2008-08-11,190,2008-08-17 23:55:00,1,0.2853100975430761,False
242,Gradient boosting,"weekly, sliding 4 wk",2008-08-18,228,2008-08-18 00:02:00,1,0.1520365259095709,False
243,Gradient boosting,"weekly, sliding 4 wk",2008-08-18,228,2008-08-18 00:20:00,0,0.06331158778784853,False
244,Gradient boosting,"weekly, sliding 4 wk",2008-08-18,228,2008-08-18 01:23:00,1,0.12966361264370924,False
245,Gradient boosting,"weekly, sliding 4 wk",2008-08-18,228,2008-08-18 04:01:00,1,0.06097524827118519,False
246,Gradient boosting,"weekly, sliding 4 wk",2008-08-18,228,2008-08-18 04:12:00,0,0.09561714945301347,False
247,Gradient boosting,"weekly, sliding 4 wk",2008-08-18,228,2008-08-18 04:35:00,0,0.3129131764966347,True
248,Gradient boosting,"weekly, sliding 4 wk",2008-08-18,228,2008-08-18 05:03:00,0,0.04566152683491597,False
249,Gradient boosting,"weekly, sliding 4 wk",2008-08-18,228,2008-08-18 05:25:00,0,0.08097792474643724,False
250,Gradient boosting,"weekly, sliding 4 wk",2008-08-18,228,2008-08-18 06:07:00,0,0.1497913204390895,False
251,Gradient boosting,"weekly, sliding 4 wk",2008-08-18,228,2008-08-18 06:11:00,0,0.04526256678923503,False
252,Gradient boosting,"weekly, sliding 4 wk",2008-08-18,228,2008-08-18 06:26:00,0,0.0716837059356808,False
253,Gradient boosting,"weekly, sliding 4 wk",2008-08-18,228,2008-08-18 07:11:00,0,0.05285698685350253,False
254,Gradient boosting,"weekly, sliding 4 wk",2008-08-18,228,2008-08-18 07:23:00,0,0.06297817865476411,False
255,Gradient boosting,"weekly, sliding 4 wk",2008-08-18,228,2008-08-18 07:29:00,0,0.06210103861599491,False
256,Gradient boosting,"weekly, sliding 4 wk",2008-08-18,228,2008-08-18 08:18:00,0,0.1566028579300863,False
257,Gradient boosting,"weekly, sliding 4 wk",2008-08-18,228,2008-08-18 08:31:00,0,0.12249153280077213,False
258,Gradient boosting,"weekly, sliding 4 wk",2008-08-18,228,2008-08-18 10:13:00,0,0.058485657418886464,False
259,Gradient boosting,"weekly, sliding 4 wk",2008-08-18,228,2008-08-18 11:04:00,0,0.07161631489472806,False
260,Gradient boosting,"weekly, sliding 4 wk",2008-08-18,228,2008-08-18 12:00:00,0,0.09108902067495105,False
261,Gradient boosting,"weekly, sliding 4 wk",2008-08-18,228,2008-08-18 12:06:00,0,0.06303956421689204,False
262,Gradient boosting,"weekly, sliding 4 wk",2008-08-18,228,2008-08-18 12:22:00,0,0.08053960201756453,False
263,Gradient boosting,"weekly, sliding 4 wk",2008-08-18,228,2008-08-18 12:49:00,0,0.15221482845682882,False
264,Gradient boosting,"weekly, sliding 4 wk",2008-08-18,228,2008-08-18 13:07:00,0,0.08489408962850961,False
265,Gradient boosting,"weekly, sliding 4 wk",2008-08-18,228,2008-08-18 14:01:00,0,0.037523620325785566,False
266,Gradient boosting,"weekly, sliding 4 wk",2008-08-18,228,2008-08-18 14:04:00,0,0.05076388572713821,False
267,Gradient boosting,"weekly, sliding 4 wk",2008-08-18,228,2008-08-18 14:45:00,0,0.2635510574592485,False
268,Gradient boosting,"weekly, sliding 4 wk",2008-08-18,228,2008-08-18 15:00:00,0,0.11343881574563827,False
269,Gradient boosting,"weekly, sliding 4 wk",2008-08-18,228,2008-08-18 15:26:00,0,0.096124040572466,False
270,Gradient boosting,"weekly, sliding 4 wk",2008-08-18,228,2008-08-18 15:30:00,0,0.07338950442589091,False
271,Gradient boosting,"weekly, sliding 4 wk",2008-08-18,228,2008-08-18 15:33:00,0,0.08603270981934381,False
272,Gradient boosting,"weekly, sliding 4 wk",2008-08-18,228,2008-08-18 15:41:00,0,0.055286264235010575,False
273,Gradient boosting,"weekly, sliding 4 wk",2008-08-18,228,2008-08-18 16:19:00,0,0.1477075862902647,False
274,Gradient boosting,"weekly, sliding 4 wk",2008-08-18,228,2008-08-18 17:13:00,1,0.1631589772779095,False
275,Gradient boosting,"weekly, sliding 4 wk",2008-08-18,228,2008-08-18 17:16:00,0,0.06834220084935932,False
276,Gradient boosting,"weekly, sliding 4 wk",2008-08-18,228,2008-08-18 17:37:00,0,0.17795622911700787,False
277,Gradient boosting,"weekly, sliding 4 wk",2008-08-18,228,2008-08-18 19:24:00,0,0.10028896772261886,False
278,Gradient boosting,"weekly, sliding 4 wk",2008-08-18,228,2008-08-18 19:54:00,1,0.09876406333581517,False
279,Gradient boosting,"weekly, sliding 4 wk",2008-08-18,228,2008-08-18 23:00:00,0,0.0704289805123913,False
280,Gradient boosting,"weekly, sliding 4 wk",2008-08-18,228,2008-08-18 23:03:00,0,0.042748153405016184,False
281,Gradient boosting,"weekly, sliding 4 wk",2008-08-18,228,2008-08-18 23:47:00,0,0.10149070066254574,False
282,Gradient boosting,"weekly, sliding 4 wk",2008-08-18,228,2008-08-19 01:10:00,0,0.045288504070497435,False
283,Gradient boosting,"weekly, sliding 4 wk",2008-08-18,228,2008-08-19 03:59:00,1,0.07304292597301543,False
284,Gradient boosting,"weekly, sliding 4 wk",2008-08-18,228,2008-08-19 04:58:00,0,0.06369368083465314,False
285,Gradient boosting,"weekly, sliding 4 wk",2008-08-18,228,2008-08-19 05:09:00,0,0.12774340059107933,False
286,Gradient boosting,"weekly, sliding 4 wk",2008-08-18,228,2008-08-19 05:11:00,0,0.04468402638160954,False
287,Gradient boosting,"weekly, sliding 4 wk",2008-08-18,228,2008-08-19 05:11:00,0,0.08315291304173288,False
288,Gradient boosting,"weekly, sliding 4 wk",2008-08-18,228,2008-08-19 05:40:00,0,0.14076913586008116,False
289,Gradient boosting,"weekly, sliding 4 wk",2008-08-18,228,2008-08-19 05:41:00,0,0.1750964250112597,False
290,Gradient boosting,"weekly, sliding 4 wk",2008-08-18,228,2008-08-19 05:53:00,0,0.08176648922993739,False
291,Gradient boosting,"weekly, sliding 4 wk",2008-08-18,228,2008-08-19 05:54:00,0,0.049283920705774226,False
292,Gradient boosting,"weekly, sliding 4 wk",2008-08-18,228,2008-08-19 05:56:00,1,0.08452187685836399,False
293,Gradient boosting,"weekly, sliding 4 wk",2008-08-18,228,2008-08-19 06:24:00,0,0.05218639675382311,False
294,Gradient boosting,"weekly, sliding 4 wk",2008-08-18,228,2008-08-19 07:43:00,0,0.06553229038851192,False
295,Gradient boosting,"weekly, sliding 4 wk",2008-08-18,228,2008-08-19 07:58:00,1,0.08779062248480868,False
296,Gradient boosting,"weekly, sliding 4 wk",2008-08-18,228,2008-08-19 08:01:00,0,0.14455804076937062,False
297,Gradient boosting,"weekly, sliding 4 wk",2008-08-18,228,2008-08-19 08:07:00,0,0.09533215147215916,False
298,Gradient boosting,"weekly, sliding 4 wk",2008-08-18,228,2008-08-19 08:33:00,0,0.03811950794547519,False
299,Gradient boosting,"weekly, sliding 4 wk",2008-08-18,228,2008-08-19 09:04:00,0,0.06415233223709232,False
300,Gradient boosting,"weekly, sliding 4 wk",2008-08-18,228,2008-08-19 09:05:00,0,0.10513147644458204,False
301,Gradient boosting,"weekly, sliding 4 wk",2008-08-18,228,2008-08-19 10:46:00,0,0.15213046471349706,False
302,Gradient boosting,"weekly, sliding 4 wk",2008-08-18,228,2008-08-19 11:11:00,0,0.1165586799625337,False
303,Gradient boosting,"weekly, sliding 4 wk",2008-08-18,228,2008-08-19 11:13:00,0,0.09359903475765714,False
304,Gradient boosting,"weekly, sliding 4 wk",2008-08-18,228,2008-08-19 11:13:00,0,0.10587332504698303,False
305,Gradient boosting,"weekly, sliding 4 wk",2008-08-18,228,2008-08-19 11:28:00,0,0.05340596899945276,False
306,Gradient boosting,"weekly, sliding 4 wk",2008-08-18,228,2008-08-19 11:44:00,0,0.23023911184361087,False
307,Gradient boosting,"weekly, sliding 4 wk",2008-08-18,228,2008-08-19 11:46:00,0,0.043915840246910545,False
308,Gradient boosting,"weekly, sliding 4 wk",2008-08-18,228,2008-08-19 11:57:00,0,0.16779666254368872,False
309,Gradient boosting,"weekly, sliding 4 wk",2008-08-18,228,2008-08-19 11:58:00,0,0.10251293707590926,False
310,Gradient boosting,"weekly, sliding 4 wk",2008-08-18,228,2008-08-19 12:30:00,0,0.30476837385848604,True
311,Gradient boosting,"weekly, sliding 4 wk",2008-08-18,228,2008-08-19 15:33:00,0,0.05208019691208495,False
312,Gradient boosting,"weekly, sliding 4 wk",2008-08-18,228,2008-08-19 18:12:00,0,0.07528614371492172,False
313,Gradient boosting,"weekly, sliding 4 wk",2008-08-18,228,2008-08-19 18:12:00,0,0.04398566118946664,False
314,Gradient boosting,"weekly, sliding 4 wk",2008-08-18,228,2008-08-19 18:30:00,0,0.1714007925431778,False
315,Gradient boosting,"weekly, sliding 4 wk",2008-08-18,228,2008-08-19 18:30:00,0,0.07630320438600269,False
316,Gradient boosting,"weekly, sliding 4 wk",2008-08-18,228,2008-08-19 19:38:00,0,0.09036177150747525,False
317,Gradient boosting,"weekly, sliding 4 wk",2008-08-18,228,2008-08-19 20:53:00,0,0.12947039503798907,False
318,Gradient boosting,"weekly, sliding 4 wk",2008-08-18,228,2008-08-20 00:05:00,0,0.08963550120671052,False
319,Gradient boosting,"weekly, sliding 4 wk",2008-08-18,228,2008-08-20 01:33:00,0,0.04725028438314859,False
320,Gradient boosting,"weekly, sliding 4 wk",2008-08-18,228,2008-08-20 01:42:00,0,0.08389734651457348,False
321,Gradient boosting,"weekly, sliding 4 wk",2008-08-18,228,2008-08-20 02:13:00,0,0.14020710076075119,False
322,Gradient boosting,"weekly, sliding 4 wk",2008-08-18,228,2008-08-20 02:27:00,1,0.19722313705450903,False
323,Gradient boosting,"weekly, sliding 4 wk",2008-08-18,228,2008-08-20 03:00:00,0,0.07407824901237879,False
324,Gradient boosting,"weekly, sliding 4 wk",2008-08-18,228,2008-08-20 03:12:00,1,0.057310091101127794,False
325,Gradient boosting,"weekly, sliding 4 wk",2008-08-18,228,2008-08-20 06:36:00,0,0.10097779217984398,False
326,Gradient boosting,"weekly, sliding 4 wk",2008-08-18,228,2008-08-20 07:12:00,0,0.03515127705519486,False
327,Gradient boosting,"weekly, sliding 4 wk",2008-08-18,228,2008-08-20 08:40:00,1,0.12399605909161408,False
328,Gradient boosting,"weekly, sliding 4 wk",2008-08-18,228,2008-08-20 09:17:00,1,0.0738275536895697,False
329,Gradient boosting,"weekly, sliding 4 wk",2008-08-18,228,2008-08-20 10:26:00,0,0.07661415653913625,False
330,Gradient boosting,"weekly, sliding 4 wk",2008-08-18,228,2008-08-20 16:08:00,0,0.054703189734864655,False
331,Gradient boosting,"weekly, sliding 4 wk",2008-08-18,228,2008-08-20 16:16:00,0,0.12029560654085615,False
332,Gradient boosting,"weekly, sliding 4 wk",2008-08-18,228,2008-08-20 17:09:00,0,0.06855992329931779,False
333,Gradient boosting,"weekly, sliding 4 wk",2008-08-18,228,2008-08-20 17:35:00,0,0.06359417144763746,False
334,Gradient boosting,"weekly, sliding 4 wk",2008-08-18,228,2008-08-20 17:36:00,0,0.06245348284872538,False
335,Gradient boosting,"weekly, sliding 4 wk",2008-08-18,228,2008-08-20 18:29:00,0,0.10196645066643219,False
336,Gradient boosting,"weekly, sliding 4 wk",2008-08-18,228,2008-08-20 18:35:00,0,0.0645493817762838,False
337,Gradient boosting,"weekly, sliding 4 wk",2008-08-18,228,2008-08-20 19:20:00,1,0.10614352544852411,False
338,Gradient boosting,"weekly, sliding 4 wk",2008-08-18,228,2008-08-20 20:19:00,0,0.11073831722517746,False
339,Gradient boosting,"weekly, sliding 4 wk",2008-08-18,228,2008-08-20 21:33:00,0,0.06418397642707104,False
340,Gradient boosting,"weekly, sliding 4 wk",2008-08-18,228,2008-08-20 21:41:00,0,0.033861375565312955,False
341,Gradient boosting,"weekly, sliding 4 wk",2008-08-18,228,2008-08-20 21:58:00,0,0.0793002131922179,False
342,Gradient boosting,"weekly, sliding 4 wk",2008-08-18,228,2008-08-20 22:13:00,0,0.06918091653739533,False
343,Gradient boosting,"weekly, sliding 4 wk",2008-08-18,228,2008-08-20 22:45:00,0,0.073829116066636,False
344,Gradient boosting,"weekly, sliding 4 wk",2008-08-18,228,2008-08-20 23:18:00,0,0.0582925570826222,False
345,Gradient boosting,"weekly, sliding 4 wk",2008-08-18,228,2008-08-20 23:43:00,1,0.29980895963809573,True
346,Gradient boosting,"weekly, sliding 4 wk",2008-08-18,228,2008-08-21 02:11:00,0,0.05767619609459554,False
347,Gradient boosting,"weekly, sliding 4 wk",2008-08-18,228,2008-08-21 02:46:00,0,0.07947361356309557,False
348,Gradient boosting,"weekly, sliding 4 wk",2008-08-18,228,2008-08-21 04:22:00,0,0.15404928343447583,False
349,Gradient boosting,"weekly, sliding 4 wk",2008-08-18,228,2008-08-21 04:29:00,0,0.10496850013193722,False
350,Gradient boosting,"weekly, sliding 4 wk",2008-08-18,228,2008-08-21 05:06:00,0,0.04192444760299137,False
351,Gradient boosting,"weekly, sliding 4 wk",2008-08-18,228,2008-08-21 05:15:00,0,0.0822021810505292,False
352,Gradient boosting,"weekly, sliding 4 wk",2008-08-18,228,2008-08-21 06:10:00,1,0.12755979456064573,False
353,Gradient boosting,"weekly, sliding 4 wk",2008-08-18,228,2008-08-21 11:22:00,0,0.06122893116805569,False
354,Gradient boosting,"weekly, sliding 4 wk",2008-08-18,228,2008-08-21 12:00:00,0,0.10277210494234665,False
355,Gradient boosting,"weekly, sliding 4 wk",2008-08-18,228,2008-08-21 12:31:00,0,0.11505471501591084,False
356,Gradient boosting,"weekly, sliding 4 wk",2008-08-18,228,2008-08-21 12:33:00,0,0.11737076354451813,False
357,Gradient boosting,"weekly, sliding 4 wk",2008-08-18,228,2008-08-21 12:43:00,0,0.07878123361007615,False
358,Gradient boosting,"weekly, sliding 4 wk",2008-08-18,228,2008-08-21 12:52:00,0,0.05789845684008593,False
359,Gradient boosting,"weekly, sliding 4 wk",2008-08-18,228,2008-08-21 13:11:00,0,0.0908209311709806,False
360,Gradient boosting,"weekly, sliding 4 wk",2008-08-18,228,2008-08-21 13:19:00,0,0.044307019747519986,False
361,Gradient boosting,"weekly, sliding 4 wk",2008-08-18,228,2008-08-21 13:29:00,0,0.0769531044123175,False
362,Gradient boosting,"weekly, sliding 4 wk",2008-08-18,228,2008-08-21 13:45:00,0,0.09009391574429301,False
363,Gradient boosting,"weekly, sliding 4 wk",2008-08-18,228,2008-08-21 14:47:00,0,0.0941216091545277,False
364,Gradient boosting,"weekly, sliding 4 wk",2008-08-18,228,2008-08-21 15:05:00,0,0.08099849800155705,False
365,Gradient boosting,"weekly, sliding 4 wk",2008-08-18,228,2008-08-21 15:06:00,0,0.20938037934598952,False
366,Gradient boosting,"weekly, sliding 4 wk",2008-08-18,228,2008-08-21 15:32:00,0,0.1128960048711338,False
367,Gradient boosting,"weekly, sliding 4 wk",2008-08-18,228,2008-08-21 15:48:00,0,0.07517299135070316,False
368,Gradient boosting,"weekly, sliding 4 wk",2008-08-18,228,2008-08-21 15:50:00,0,0.08746811431593837,False
369,Gradient boosting,"weekly, sliding 4 wk",2008-08-18,228,2008-08-21 16:19:00,1,0.08346236313527655,False
370,Gradient boosting,"weekly, sliding 4 wk",2008-08-18,228,2008-08-21 16:36:00,0,0.07075915140953176,False
371,Gradient boosting,"weekly, sliding 4 wk",2008-08-18,228,2008-08-21 17:25:00,0,0.03752171043048051,False
372,Gradient boosting,"weekly, sliding 4 wk",2008-08-18,228,2008-08-21 17:44:00,0,0.04184007122582722,False
373,Gradient boosting,"weekly, sliding 4 wk",2008-08-18,228,2008-08-21 18:04:00,0,0.05949497196305381,False
374,Gradient boosting,"weekly, sliding 4 wk",2008-08-18,228,2008-08-21 18:05:00,1,0.03443654643289117,False
375,Gradient boosting,"weekly, sliding 4 wk",2008-08-18,228,2008-08-21 18:39:00,0,0.2115399865808847,False
376,Gradient boosting,"weekly, sliding 4 wk",2008-08-18,228,2008-08-21 18:53:00,0,0.05761370814151544,False
377,Gradient boosting,"weekly, sliding 4 wk",2008-08-18,228,2008-08-21 19:12:00,0,0.04125025378784023,False
378,Gradient boosting,"weekly, sliding 4 wk",2008-08-18,228,2008-08-21 19:12:00,0,0.11692726275275422,False
379,Gradient boosting,"weekly, sliding 4 wk",2008-08-18,228,2008-08-21 19:46:00,0,0.0729339320246423,False
380,Gradient boosting,"weekly, sliding 4 wk",2008-08-18,228,2008-08-21 20:19:00,0,0.05744569287284842,False
381,Gradient boosting,"weekly, sliding 4 wk",2008-08-18,228,2008-08-21 20:21:00,0,0.16630747899507273,False
382,Gradient boosting,"weekly, sliding 4 wk",2008-08-18,228,2008-08-21 20:37:00,0,0.1626258373120328,False
383,Gradient boosting,"weekly, sliding 4 wk",2008-08-18,228,2008-08-21 21:32:00,0,0.16591894600645454,False
384,Gradient boosting,"weekly, sliding 4 wk",2008-08-18,228,2008-08-21 22:25:00,0,0.08250742006459122,False
385,Gradient boosting,"weekly, sliding 4 wk",2008-08-18,228,2008-08-21 22:41:00,0,0.1558924370484697,False
386,Gradient boosting,"weekly, sliding 4 wk",2008-08-18,228,2008-08-21 23:08:00,0,0.10013490037507931,False
387,Gradient boosting,"weekly, sliding 4 wk",2008-08-18,228,2008-08-21 23:27:00,0,0.09994077229669347,False
388,Gradient boosting,"weekly, sliding 4 wk",2008-08-18,228,2008-08-21 23:53:00,0,0.11214208144819598,False
389,Gradient boosting,"weekly, sliding 4 wk",2008-08-18,228,2008-08-21 23:57:00,0,0.06836714946446998,False
390,Gradient boosting,"weekly, sliding 4 wk",2008-08-18,228,2008-08-22 00:43:00,0,0.14694072430066005,False
391,Gradient boosting,"weekly, sliding 4 wk",2008-08-18,228,2008-08-22 00:44:00,0,0.0713761120078082,False
392,Gradient boosting,"weekly, sliding 4 wk",2008-08-18,228,2008-08-22 00:47:00,0,0.04344364727096682,False
393,Gradient boosting,"weekly, sliding 4 wk",2008-08-18,228,2008-08-22 01:04:00,1,0.07555034503381781,False
394,Gradient boosting,"weekly, sliding 4 wk",2008-08-18,228,2008-08-22 01:26:00,0,0.1392735940999837,False
395,Gradient boosting,"weekly, sliding 4 wk",2008-08-18,228,2008-08-22 01:27:00,0,0.06999678393541485,False
396,Gradient boosting,"weekly, sliding 4 wk",2008-08-18,228,2008-08-22 01:54:00,0,0.11512571741723146,False
397,Gradient boosting,"weekly, sliding 4 wk",2008-08-18,228,2008-08-22 02:01:00,0,0.1044166422728402,False
398,Gradient boosting,"weekly, sliding 4 wk",2008-08-18,228,2008-08-22 02:25:00,0,0.0797635383884332,False
399,Gradient boosting,"weekly, sliding 4 wk",2008-08-18,228,2008-08-22 02:52:00,0,0.07317649123510232,False
400,Gradient boosting,"weekly, sliding 4 wk",2008-08-18,228,2008-08-22 03:18:00,0,0.086675526927661,False
401,Gradient boosting,"weekly, sliding 4 wk",2008-08-18,228,2008-08-22 03:58:00,0,0.0534242898145482,False
402,Gradient boosting,"weekly, sliding 4 wk",2008-08-18,228,2008-08-22 04:40:00,0,0.06997026033970459,False
403,Gradient boosting,"weekly, sliding 4 wk",2008-08-18,228,2008-08-22 04:57:00,0,0.04068142709635546,False
404,Gradient boosting,"weekly, sliding 4 wk",2008-08-18,228,2008-08-22 05:21:00,0,0.0665423434461567,False
405,Gradient boosting,"weekly, sliding 4 wk",2008-08-18,228,2008-08-22 05:31:00,0,0.08001094191819237,False
406,Gradient boosting,"weekly, sliding 4 wk",2008-08-18,228,2008-08-22 05:32:00,0,0.07962770280747475,False
407,Gradient boosting,"weekly, sliding 4 wk",2008-08-18,228,2008-08-22 06:00:00,1,0.0488073294890209,False
408,Gradient boosting,"weekly, sliding 4 wk",2008-08-18,228,2008-08-22 07:04:00,0,0.17960254613182158,False
409,Gradient boosting,"weekly, sliding 4 wk",2008-08-18,228,2008-08-22 07:17:00,0,0.13965221959327495,False
410,Gradient boosting,"weekly, sliding 4 wk",2008-08-18,228,2008-08-22 07:27:00,0,0.07359992487470206,False
411,Gradient boosting,"weekly, sliding 4 wk",2008-08-18,228,2008-08-22 09:29:00,0,0.1262909355470174,False
412,Gradient boosting,"weekly, sliding 4 wk",2008-08-18,228,2008-08-22 09:29:00,0,0.19128012589739962,False
413,Gradient boosting,"weekly, sliding 4 wk",2008-08-18,228,2008-08-22 10:01:00,0,0.1207923661355468,False
414,Gradient boosting,"weekly, sliding 4 wk",2008-08-18,228,2008-08-22 10:18:00,0,0.058552995078238496,False
415,Gradient boosting,"weekly, sliding 4 wk",2008-08-18,228,2008-08-22 10:47:00,0,0.09221586242728784,False
416,Gradient boosting,"weekly, sliding 4 wk",2008-08-18,228,2008-08-22 11:32:00,0,0.2154294573608556,False
417,Gradient boosting,"weekly, sliding 4 wk",2008-08-18,228,2008-08-22 12:13:00,0,0.03709464111701294,False
418,Gradient boosting,"weekly, sliding 4 wk",2008-08-18,228,2008-08-22 12:37:00,0,0.3898532894905142,True
419,Gradient boosting,"weekly, sliding 4 wk",2008-08-18,228,2008-08-22 12:42:00,0,0.1096656475364274,False
420,Gradient boosting,"weekly, sliding 4 wk",2008-08-18,228,2008-08-22 13:22:00,0,0.058978860270961844,False
421,Gradient boosting,"weekly, sliding 4 wk",2008-08-18,228,2008-08-22 14:45:00,0,0.12117551274464171,False
422,Gradient boosting,"weekly, sliding 4 wk",2008-08-18,228,2008-08-22 15:25:00,0,0.09364592849841975,False
423,Gradient boosting,"weekly, sliding 4 wk",2008-08-18,228,2008-08-22 15:39:00,0,0.13987056961421188,False
424,Gradient boosting,"weekly, sliding 4 wk",2008-08-18,228,2008-08-22 15:54:00,0,0.1350258466599748,False
425,Gradient boosting,"weekly, sliding 4 wk",2008-08-18,228,2008-08-22 19:14:00,1,0.0702627990189274,False
426,Gradient boosting,"weekly, sliding 4 wk",2008-08-18,228,2008-08-22 23:46:00,0,0.16780843202484003,False
427,Gradient boosting,"weekly, sliding 4 wk",2008-08-18,228,2008-08-22 23:47:00,0,0.13599332097763742,False
428,Gradient boosting,"weekly, sliding 4 wk",2008-08-18,228,2008-08-22 23:49:00,0,0.3570583595811043,True
429,Gradient boosting,"weekly, sliding 4 wk",2008-08-18,228,2008-08-22 23:56:00,0,0.10960055141085397,False
430,Gradient boosting,"weekly, sliding 4 wk",2008-08-18,228,2008-08-23 02:04:00,0,0.0824542830142936,False
431,Gradient boosting,"weekly, sliding 4 wk",2008-08-18,228,2008-08-23 03:26:00,0,0.05370381313612276,False
432,Gradient boosting,"weekly, sliding 4 wk",2008-08-18,228,2008-08-23 04:50:00,0,0.05850694800865165,False
433,Gradient boosting,"weekly, sliding 4 wk",2008-08-18,228,2008-08-23 04:52:00,0,0.16020015258024997,False
434,Gradient boosting,"weekly, sliding 4 wk",2008-08-18,228,2008-08-23 05:57:00,0,0.07705214919682872,False
435,Gradient boosting,"weekly, sliding 4 wk",2008-08-18,228,2008-08-23 05:57:00,0,0.0860135891480905,False
436,Gradient boosting,"weekly, sliding 4 wk",2008-08-18,228,2008-08-23 05:58:00,0,0.14199299063718923,False
437,Gradient boosting,"weekly, sliding 4 wk",2008-08-18,228,2008-08-23 05:58:00,0,0.06292242354967033,False
438,Gradient boosting,"weekly, sliding 4 wk",2008-08-18,228,2008-08-23 09:24:00,0,0.18436699504904389,False
439,Gradient boosting,"weekly, sliding 4 wk",2008-08-18,228,2008-08-23 12:58:00,0,0.11277271830087883,False
440,Gradient boosting,"weekly, sliding 4 wk",2008-08-18,228,2008-08-23 13:02:00,0,0.06823010414458128,False
441,Gradient boosting,"weekly, sliding 4 wk",2008-08-18,228,2008-08-23 15:10:00,0,0.0935753719296019,False
442,Gradient boosting,"weekly, sliding 4 wk",2008-08-18,228,2008-08-23 15:29:00,1,0.07741509657145369,False
443,Gradient boosting,"weekly, sliding 4 wk",2008-08-18,228,2008-08-24 02:32:00,0,0.06164280920839848,False
444,Gradient boosting,"weekly, sliding 4 wk",2008-08-18,228,2008-08-24 04:00:00,0,0.12042109219097394,False
445,Gradient boosting,"weekly, sliding 4 wk",2008-08-18,228,2008-08-24 07:12:00,0,0.08884086834857151,False
446,Gradient boosting,"weekly, sliding 4 wk",2008-08-18,228,2008-08-24 07:14:00,0,0.15343695066482282,False
447,Gradient boosting,"weekly, sliding 4 wk",2008-08-18,228,2008-08-24 10:09:00,0,0.04539873593834572,False
448,Gradient boosting,"weekly, sliding 4 wk",2008-08-18,228,2008-08-24 10:14:00,0,0.09063767406659141,False
449,Gradient boosting,"weekly, sliding 4 wk",2008-08-18,228,2008-08-24 13:03:00,1,0.14301453816176596,False
450,Gradient boosting,"weekly, sliding 4 wk",2008-08-25,415,2008-08-25 09:29:00,0,0.05843101642403245,False
451,Gradient boosting,"weekly, sliding 4 wk",2008-08-25,415,2008-08-27 00:46:00,0,0.06564330886795056,False
452,Gradient boosting,"weekly, sliding 4 wk",2008-08-25,415,2008-08-27 11:38:00,0,0.0922422782879239,False
453,Gradient boosting,"weekly, sliding 4 wk",2008-08-25,415,2008-08-27 12:22:00,0,0.07639376675249193,False
454,Gradient boosting,"weekly, sliding 4 wk",2008-08-25,415,2008-08-27 13:35:00,0,0.09789133061336672,False
455,Gradient boosting,"weekly, sliding 4 wk",2008-08-25,415,2008-08-27 14:18:00,0,0.10121406560821447,False
456,Gradient boosting,"weekly, sliding 4 wk",2008-08-25,415,2008-08-27 17:14:00,0,0.08155481709871469,False
457,Gradient boosting,"weekly, sliding 4 wk",2008-08-25,415,2008-08-27 22:48:00,0,0.1147152747174178,False
458,Gradient boosting,"weekly, sliding 4 wk",2008-08-25,415,2008-08-27 22:58:00,0,0.09956035505586168,False
459,Gradient boosting,"weekly, sliding 4 wk",2008-08-25,415,2008-08-28 03:03:00,0,0.09515914434173213,False
460,Gradient boosting,"weekly, sliding 4 wk",2008-08-25,415,2008-08-28 03:04:00,0,0.10815459437968367,False
461,Gradient boosting,"weekly, sliding 4 wk",2008-08-25,415,2008-08-28 03:29:00,0,0.06948609920142818,False
462,Gradient boosting,"weekly, sliding 4 wk",2008-08-25,415,2008-08-28 03:38:00,0,0.05967889094916783,False
463,Gradient boosting,"weekly, sliding 4 wk",2008-08-25,415,2008-08-28 03:45:00,0,0.0839530957919042,False
464,Gradient boosting,"weekly, sliding 4 wk",2008-08-25,415,2008-08-28 04:10:00,0,0.07887748780651012,False
465,Gradient boosting,"weekly, sliding 4 wk",2008-08-25,415,2008-08-28 04:20:00,0,0.06766414855867034,False
466,Gradient boosting,"weekly, sliding 4 wk",2008-08-25,415,2008-08-28 04:54:00,0,0.13354926765541425,False
467,Gradient boosting,"weekly, sliding 4 wk",2008-08-25,415,2008-08-28 05:00:00,0,0.0962132594447096,False
468,Gradient boosting,"weekly, sliding 4 wk",2008-08-25,415,2008-08-28 06:15:00,0,0.06184513317047711,False
469,Gradient boosting,"weekly, sliding 4 wk",2008-08-25,415,2008-08-28 06:39:00,0,0.1081636361791477,False
470,Gradient boosting,"weekly, sliding 4 wk",2008-08-25,415,2008-08-28 06:56:00,0,0.11444584392718284,False
471,Gradient boosting,"weekly, sliding 4 wk",2008-08-25,415,2008-08-28 07:40:00,0,0.10128282635553944,False
472,Gradient boosting,"weekly, sliding 4 wk",2008-08-25,415,2008-08-28 07:51:00,0,0.0448462233008423,False
473,Gradient boosting,"weekly, sliding 4 wk",2008-08-25,415,2008-08-28 08:41:00,0,0.055223830551170916,False
474,Gradient boosting,"weekly, sliding 4 wk",2008-08-25,415,2008-08-28 09:46:00,0,0.021598093130497764,False
475,Gradient boosting,"weekly, sliding 4 wk",2008-08-25,415,2008-08-28 09:49:00,0,0.09172388476330853,False
476,Gradient boosting,"weekly, sliding 4 wk",2008-08-25,415,2008-08-28 10:15:00,0,0.07238956218927324,False
477,Gradient boosting,"weekly, sliding 4 wk",2008-08-25,415,2008-08-28 10:28:00,0,0.04360162886608238,False
478,Gradient boosting,"weekly, sliding 4 wk",2008-08-25,415,2008-08-28 10:32:00,0,0.07165742308761378,False
479,Gradient boosting,"weekly, sliding 4 wk",2008-08-25,415,2008-08-28 11:19:00,0,0.18091711258524373,False
480,Gradient boosting,"weekly, sliding 4 wk",2008-08-25,415,2008-08-28 12:44:00,0,0.047997099865206005,False
481,Gradient boosting,"weekly, sliding 4 wk",2008-08-25,415,2008-08-28 14:48:00,0,0.06996066987735632,False
482,Gradient boosting,"weekly, sliding 4 wk",2008-08-25,415,2008-08-28 15:19:00,0,0.22966921388139394,True
483,Gradient boosting,"weekly, sliding 4 wk",2008-08-25,415,2008-08-28 16:01:00,0,0.05324652305147888,False
484,Gradient boosting,"weekly, sliding 4 wk",2008-08-25,415,2008-08-28 16:43:00,0,0.3449551375202844,True
485,Gradient boosting,"weekly, sliding 4 wk",2008-08-25,415,2008-08-28 16:52:00,0,0.07375032959721921,False
486,Gradient boosting,"weekly, sliding 4 wk",2008-08-25,415,2008-08-28 17:21:00,0,0.12965132269117788,False
487,Gradient boosting,"weekly, sliding 4 wk",2008-08-25,415,2008-08-28 17:27:00,0,0.09406558733506577,False
488,Gradient boosting,"weekly, sliding 4 wk",2008-08-25,415,2008-08-28 17:32:00,0,0.03764945159547774,False
489,Gradient boosting,"weekly, sliding 4 wk",2008-08-25,415,2008-08-28 18:05:00,0,0.05933673784572528,False
490,Gradient boosting,"weekly, sliding 4 wk",2008-08-25,415,2008-08-28 18:10:00,0,0.11055669040611446,False
491,Gradient boosting,"weekly, sliding 4 wk",2008-08-25,415,2008-08-28 18:15:00,0,0.04541456972415739,False
492,Gradient boosting,"weekly, sliding 4 wk",2008-08-25,415,2008-08-28 18:25:00,0,0.020032115893639513,False
493,Gradient boosting,"weekly, sliding 4 wk",2008-08-25,415,2008-08-28 18:47:00,0,0.10933993344048808,False
494,Gradient boosting,"weekly, sliding 4 wk",2008-08-25,415,2008-08-28 18:57:00,0,0.03610739352157532,False
495,Gradient boosting,"weekly, sliding 4 wk",2008-08-25,415,2008-08-28 20:20:00,0,0.026792018390000633,False
496,Gradient boosting,"weekly, sliding 4 wk",2008-08-25,415,2008-08-28 20:39:00,1,0.18499407997079959,False
497,Gradient boosting,"weekly, sliding 4 wk",2008-08-25,415,2008-08-28 21:03:00,0,0.06481743133095434,False
498,Gradient boosting,"weekly, sliding 4 wk",2008-08-25,415,2008-08-28 21:52:00,0,0.05011279098762817,False
499,Gradient boosting,"weekly, sliding 4 wk",2008-08-25,415,2008-08-28 22:57:00,0,0.16127195642066894,False
500,Gradient boosting,"weekly, sliding 4 wk",2008-08-25,415,2008-08-28 23:40:00,0,0.17615155134553867,False
501,Gradient boosting,"weekly, sliding 4 wk",2008-08-25,415,2008-08-28 23:42:00,0,0.06621728348289505,False
502,Gradient boosting,"weekly, sliding 4 wk",2008-08-25,415,2008-08-29 00:49:00,0,0.18849006028228274,False
503,Gradient boosting,"weekly, sliding 4 wk",2008-08-25,415,2008-08-29 01:06:00,0,0.10920639178758058,False
504,Gradient boosting,"weekly, sliding 4 wk",2008-08-25,415,2008-08-29 02:38:00,0,0.02874748057860366,False
505,Gradient boosting,"weekly, sliding 4 wk",2008-08-25,415,2008-08-29 02:39:00,0,0.05085157412559114,False
506,Gradient boosting,"weekly, sliding 4 wk",2008-08-25,415,2008-08-29 03:27:00,0,0.2339862621245836,True
507,Gradient boosting,"weekly, sliding 4 wk",2008-08-25,415,2008-08-29 03:33:00,0,0.08994855284879909,False
508,Gradient boosting,"weekly, sliding 4 wk",2008-08-25,415,2008-08-29 03:46:00,0,0.06258584871653083,False
509,Gradient boosting,"weekly, sliding 4 wk",2008-08-25,415,2008-08-29 04:55:00,1,0.14851975608021542,False
510,Gradient boosting,"weekly, sliding 4 wk",2008-08-25,415,2008-08-29 04:56:00,0,0.06984656743160592,False
511,Gradient boosting,"weekly, sliding 4 wk",2008-08-25,415,2008-08-29 05:16:00,0,0.07637844080708403,False
512,Gradient boosting,"weekly, sliding 4 wk",2008-08-25,415,2008-08-29 05:54:00,0,0.16521642186009503,False
513,Gradient boosting,"weekly, sliding 4 wk",2008-08-25,415,2008-08-29 05:54:00,0,0.026708646988470457,False
514,Gradient boosting,"weekly, sliding 4 wk",2008-08-25,415,2008-08-29 05:57:00,0,0.09285929408699256,False
515,Gradient boosting,"weekly, sliding 4 wk",2008-08-25,415,2008-08-29 05:57:00,0,0.07364003635300216,False
516,Gradient boosting,"weekly, sliding 4 wk",2008-08-25,415,2008-08-29 06:35:00,0,0.08944217263532499,False
517,Gradient boosting,"weekly, sliding 4 wk",2008-08-25,415,2008-08-29 06:37:00,0,0.16787541169675987,False
518,Gradient boosting,"weekly, sliding 4 wk",2008-08-25,415,2008-08-29 06:40:00,0,0.111834176244487,False
519,Gradient boosting,"weekly, sliding 4 wk",2008-08-25,415,2008-08-29 06:45:00,1,0.08503179470143353,False
520,Gradient boosting,"weekly, sliding 4 wk",2008-08-25,415,2008-08-29 06:54:00,0,0.09116128486602641,False
521,Gradient boosting,"weekly, sliding 4 wk",2008-08-25,415,2008-08-29 07:18:00,0,0.0631606187016283,False
522,Gradient boosting,"weekly, sliding 4 wk",2008-08-25,415,2008-08-29 07:22:00,0,0.08332789476555018,False
523,Gradient boosting,"weekly, sliding 4 wk",2008-08-25,415,2008-08-29 07:24:00,0,0.20900683913329307,True
524,Gradient boosting,"weekly, sliding 4 wk",2008-08-25,415,2008-08-29 07:33:00,0,0.07938124199805671,False
525,Gradient boosting,"weekly, sliding 4 wk",2008-08-25,415,2008-08-29 07:33:00,0,0.08714466922139806,False
526,Gradient boosting,"weekly, sliding 4 wk",2008-08-25,415,2008-08-29 08:10:00,0,0.041027076517327066,False
527,Gradient boosting,"weekly, sliding 4 wk",2008-08-25,415,2008-08-29 08:20:00,0,0.0694546758755832,False
528,Gradient boosting,"weekly, sliding 4 wk",2008-08-25,415,2008-08-29 08:41:00,0,0.11415656933836431,False
529,Gradient boosting,"weekly, sliding 4 wk",2008-08-25,415,2008-08-29 08:45:00,0,0.07068529835538007,False
530,Gradient boosting,"weekly, sliding 4 wk",2008-08-25,415,2008-08-29 12:21:00,0,0.08266562402393361,False
531,Gradient boosting,"weekly, sliding 4 wk",2008-08-25,415,2008-08-29 12:22:00,0,0.04962145161364293,False
532,Gradient boosting,"weekly, sliding 4 wk",2008-08-25,415,2008-08-29 12:37:00,0,0.06353528893551315,False
533,Gradient boosting,"weekly, sliding 4 wk",2008-08-25,415,2008-08-29 13:04:00,0,0.24426703845625833,True
534,Gradient boosting,"weekly, sliding 4 wk",2008-08-25,415,2008-08-29 13:14:00,0,0.08121476232033155,False
535,Gradient boosting,"weekly, sliding 4 wk",2008-08-25,415,2008-08-29 13:27:00,0,0.08042468223892092,False
536,Gradient boosting,"weekly, sliding 4 wk",2008-08-25,415,2008-08-29 13:49:00,0,0.0476829267440202,False
537,Gradient boosting,"weekly, sliding 4 wk",2008-08-25,415,2008-08-29 14:11:00,0,0.11880152454258391,False
538,Gradient boosting,"weekly, sliding 4 wk",2008-08-25,415,2008-08-29 14:18:00,0,0.10296074732920897,False
539,Gradient boosting,"weekly, sliding 4 wk",2008-08-25,415,2008-08-29 14:30:00,0,0.1358158317581442,False
540,Gradient boosting,"weekly, sliding 4 wk",2008-08-25,415,2008-08-29 15:01:00,0,0.03413786831230485,False
541,Gradient boosting,"weekly, sliding 4 wk",2008-08-25,415,2008-08-29 15:43:00,0,0.20514118829392144,True
542,Gradient boosting,"weekly, sliding 4 wk",2008-08-25,415,2008-08-29 16:26:00,0,0.11623748302956591,False
543,Gradient boosting,"weekly, sliding 4 wk",2008-08-25,415,2008-08-29 20:21:00,0,0.14124086859339005,False
544,Gradient boosting,"weekly, sliding 4 wk",2008-08-25,415,2008-08-29 20:49:00,0,0.045546903563752156,False
545,Gradient boosting,"weekly, sliding 4 wk",2008-08-25,415,2008-08-29 21:25:00,0,0.05617907870653824,False
546,Gradient boosting,"weekly, sliding 4 wk",2008-08-25,415,2008-08-29 21:46:00,0,0.10246987777505386,False
547,Gradient boosting,"weekly, sliding 4 wk",2008-08-25,415,2008-08-29 21:54:00,0,0.041470925244646226,False
548,Gradient boosting,"weekly, sliding 4 wk",2008-08-25,415,2008-08-29 22:11:00,0,0.058357716725303745,False
549,Gradient boosting,"weekly, sliding 4 wk",2008-08-25,415,2008-08-29 22:45:00,0,0.10625543467659299,False
550,Gradient boosting,"weekly, sliding 4 wk",2008-08-25,415,2008-08-29 22:49:00,0,0.06098574659634128,False
551,Gradient boosting,"weekly, sliding 4 wk",2008-08-25,415,2008-08-29 22:56:00,0,0.11523332604160921,False
552,Gradient boosting,"weekly, sliding 4 wk",2008-08-25,415,2008-08-30 00:01:00,0,0.09077813228717191,False
553,Gradient boosting,"weekly, sliding 4 wk",2008-08-25,415,2008-08-30 00:05:00,0,0.12829984911118075,False
554,Gradient boosting,"weekly, sliding 4 wk",2008-08-25,415,2008-08-30 00:57:00,0,0.032195295809529303,False
555,Gradient boosting,"weekly, sliding 4 wk",2008-08-25,415,2008-08-30 01:29:00,0,0.024453365960920497,False
556,Gradient boosting,"weekly, sliding 4 wk",2008-08-25,415,2008-08-30 02:08:00,0,0.14981989976104673,False
557,Gradient boosting,"weekly, sliding 4 wk",2008-08-25,415,2008-08-30 02:22:00,0,0.044960902387956414,False
558,Gradient boosting,"weekly, sliding 4 wk",2008-08-25,415,2008-08-30 02:32:00,0,0.18491803187424907,False
559,Gradient boosting,"weekly, sliding 4 wk",2008-08-25,415,2008-08-30 02:39:00,0,0.20350504446329304,True
560,Gradient boosting,"weekly, sliding 4 wk",2008-08-25,415,2008-08-30 02:50:00,0,0.03747816346658768,False
561,Gradient boosting,"weekly, sliding 4 wk",2008-08-25,415,2008-08-30 03:10:00,0,0.06172982850950437,False
562,Gradient boosting,"weekly, sliding 4 wk",2008-08-25,415,2008-08-30 04:20:00,0,0.18724890536130323,False
563,Gradient boosting,"weekly, sliding 4 wk",2008-08-25,415,2008-08-30 04:24:00,0,0.12878308518785284,False
564,Gradient boosting,"weekly, sliding 4 wk",2008-08-25,415,2008-08-30 04:55:00,0,0.14682187717610032,False
565,Gradient boosting,"weekly, sliding 4 wk",2008-08-25,415,2008-08-30 05:05:00,0,0.09872256240603573,False
566,Gradient boosting,"weekly, sliding 4 wk",2008-08-25,415,2008-08-30 05:05:00,0,0.08863070663317586,False
567,Gradient boosting,"weekly, sliding 4 wk",2008-08-25,415,2008-08-30 05:38:00,0,0.04723560889690817,False
568,Gradient boosting,"weekly, sliding 4 wk",2008-08-25,415,2008-08-30 05:51:00,0,0.11773965617809848,False
569,Gradient boosting,"weekly, sliding 4 wk",2008-08-25,415,2008-08-30 07:50:00,0,0.09800650341113487,False
570,Gradient boosting,"weekly, sliding 4 wk",2008-08-25,415,2008-08-30 07:54:00,0,0.19332371484598063,False
571,Gradient boosting,"weekly, sliding 4 wk",2008-08-25,415,2008-08-30 08:10:00,0,0.14669627242541197,False
572,Gradient boosting,"weekly, sliding 4 wk",2008-08-25,415,2008-08-30 08:29:00,0,0.1389189329354644,False
573,Gradient boosting,"weekly, sliding 4 wk",2008-08-25,415,2008-08-30 08:42:00,0,0.11902585949255523,False
574,Gradient boosting,"weekly, sliding 4 wk",2008-08-25,415,2008-08-30 08:53:00,0,0.1281775460514188,False
575,Gradient boosting,"weekly, sliding 4 wk",2008-08-25,415,2008-08-30 09:13:00,0,0.16880035319277847,False
576,Gradient boosting,"weekly, sliding 4 wk",2008-08-25,415,2008-08-30 09:37:00,0,0.030268162062359667,False
577,Gradient boosting,"weekly, sliding 4 wk",2008-08-25,415,2008-08-30 09:45:00,1,0.057881143649889555,False
578,Gradient boosting,"weekly, sliding 4 wk",2008-08-25,415,2008-08-30 10:15:00,0,0.17529981128972805,False
579,Gradient boosting,"weekly, sliding 4 wk",2008-08-25,415,2008-08-30 10:16:00,0,0.26639931623333946,True
580,Gradient boosting,"weekly, sliding 4 wk",2008-08-25,415,2008-08-30 11:12:00,0,0.12821458456416657,False
581,Gradient boosting,"weekly, sliding 4 wk",2008-08-25,415,2008-08-30 11:14:00,0,0.03127442812157375,False
582,Gradient boosting,"weekly, sliding 4 wk",2008-08-25,415,2008-08-30 11:18:00,0,0.17647921424489324,False
583,Gradient boosting,"weekly, sliding 4 wk",2008-08-25,415,2008-08-30 11:57:00,0,0.05305932590885721,False
584,Gradient boosting,"weekly, sliding 4 wk",2008-08-25,415,2008-08-30 14:10:00,1,0.06709198778212064,False
585,Gradient boosting,"weekly, sliding 4 wk",2008-08-25,415,2008-08-30 14:23:00,0,0.059933231495281375,False
586,Gradient boosting,"weekly, sliding 4 wk",2008-08-25,415,2008-08-30 14:37:00,0,0.12555017242615085,False
587,Gradient boosting,"weekly, sliding 4 wk",2008-08-25,415,2008-08-30 15:06:00,0,0.1397472248319668,False
588,Gradient boosting,"weekly, sliding 4 wk",2008-08-25,415,2008-08-30 15:16:00,0,0.24573650394296523,True
589,Gradient boosting,"weekly, sliding 4 wk",2008-08-25,415,2008-08-30 15:37:00,0,0.16937782724398565,False
590,Gradient boosting,"weekly, sliding 4 wk",2008-08-25,415,2008-08-30 15:50:00,0,0.087955865497644,False
591,Gradient boosting,"weekly, sliding 4 wk",2008-08-25,415,2008-08-30 15:57:00,0,0.1644546640589848,False
592,Gradient boosting,"weekly, sliding 4 wk",2008-08-25,415,2008-08-30 16:24:00,0,0.0937055283236391,False
593,Gradient boosting,"weekly, sliding 4 wk",2008-08-25,415,2008-08-30 17:05:00,0,0.07041482098899902,False
594,Gradient boosting,"weekly, sliding 4 wk",2008-08-25,415,2008-08-30 17:49:00,0,0.07403012241551948,False
595,Gradient boosting,"weekly, sliding 4 wk",2008-08-25,415,2008-08-30 19:21:00,0,0.044724302013189415,False
596,Gradient boosting,"weekly, sliding 4 wk",2008-08-25,415,2008-08-30 19:27:00,0,0.07063677801009274,False
597,Gradient boosting,"weekly, sliding 4 wk",2008-08-25,415,2008-08-30 20:11:00,0,0.06895992660019556,False
598,Gradient boosting,"weekly, sliding 4 wk",2008-08-25,415,2008-08-30 20:53:00,0,0.13157599644247137,False
599,Gradient boosting,"weekly, sliding 4 wk",2008-08-25,415,2008-08-30 21:53:00,0,0.09789436057335921,False
600,Gradient boosting,"weekly, sliding 4 wk",2008-08-25,415,2008-08-30 23:51:00,0,0.06348363989252984,False
601,Gradient boosting,"weekly, sliding 4 wk",2008-08-25,415,2008-08-31 02:57:00,0,0.1110434697741414,False
602,Gradient boosting,"weekly, sliding 4 wk",2008-08-25,415,2008-08-31 04:46:00,1,0.04670992477836559,False
603,Gradient boosting,"weekly, sliding 4 wk",2008-08-25,415,2008-08-31 05:05:00,0,0.14311209568304314,False
604,Gradient boosting,"weekly, sliding 4 wk",2008-08-25,415,2008-08-31 09:11:00,0,0.13204133802346368,False
605,Gradient boosting,"weekly, sliding 4 wk",2008-08-25,415,2008-08-31 10:36:00,0,0.12123522512548314,False
606,Gradient boosting,"weekly, sliding 4 wk",2008-08-25,415,2008-08-31 10:59:00,1,0.07723367696878246,False
607,Gradient boosting,"weekly, sliding 4 wk",2008-08-25,415,2008-08-31 10:59:00,0,0.12275072865264888,False
608,Gradient boosting,"weekly, sliding 4 wk",2008-08-25,415,2008-08-31 11:03:00,0,0.1423594355821117,False
609,Gradient boosting,"weekly, sliding 4 wk",2008-08-25,415,2008-08-31 15:09:00,0,0.09413278978316184,False
610,Gradient boosting,"weekly, sliding 4 wk",2008-08-25,415,2008-08-31 15:13:00,0,0.04709278374351928,False
611,Gradient boosting,"weekly, sliding 4 wk",2008-08-25,415,2008-08-31 16:32:00,0,0.28333437510859905,True
612,Gradient boosting,"weekly, sliding 4 wk",2008-08-25,415,2008-08-31 20:24:00,0,0.06161330615770868,False
613,Gradient boosting,"weekly, sliding 4 wk",2008-08-25,415,2008-08-31 21:04:00,0,0.3744884176773962,True
614,Gradient boosting,"weekly, sliding 4 wk",2008-08-25,415,2008-08-31 21:46:00,0,0.09647815044558646,False
615,Gradient boosting,"weekly, sliding 4 wk",2008-08-25,415,2008-08-31 21:58:00,0,0.1468918194196046,False
616,Gradient boosting,"weekly, sliding 4 wk",2008-08-25,415,2008-08-31 22:32:00,0,0.053846111991407555,False
617,Gradient boosting,"weekly, sliding 4 wk",2008-08-25,415,2008-08-31 22:48:00,0,0.07604958521138129,False
618,Gradient boosting,"weekly, sliding 4 wk",2008-08-25,415,2008-08-31 22:57:00,0,0.37660857056948743,True
619,Gradient boosting,"weekly, sliding 4 wk",2008-09-01,536,2008-09-01 00:01:00,0,0.1270880825202395,False
620,Gradient boosting,"weekly, sliding 4 wk",2008-09-01,536,2008-09-01 00:39:00,0,0.034205820448692165,False
621,Gradient boosting,"weekly, sliding 4 wk",2008-09-01,536,2008-09-01 00:45:00,0,0.015147193718447777,False
622,Gradient boosting,"weekly, sliding 4 wk",2008-09-01,536,2008-09-01 00:53:00,0,0.026747714297486385,False
623,Gradient boosting,"weekly, sliding 4 wk",2008-09-01,536,2008-09-01 05:29:00,0,0.029016515985058673,False
624,Gradient boosting,"weekly, sliding 4 wk",2008-09-01,536,2008-09-01 05:32:00,0,0.030706170087461935,False
625,Gradient boosting,"weekly, sliding 4 wk",2008-09-01,536,2008-09-01 06:12:00,0,0.0248391177398683,False
626,Gradient boosting,"weekly, sliding 4 wk",2008-09-01,536,2008-09-01 06:21:00,0,0.11611925449616455,False
627,Gradient boosting,"weekly, sliding 4 wk",2008-09-01,536,2008-09-01 06:52:00,0,0.02200296110004027,False
628,Gradient boosting,"weekly, sliding 4 wk",2008-09-01,536,2008-09-01 08:18:00,0,0.012055683503780045,False
629,Gradient boosting,"weekly, sliding 4 wk",2008-09-01,536,2008-09-01 09:06:00,0,0.03145910892814519,False
630,Gradient boosting,"weekly, sliding 4 wk",2008-09-01,536,2008-09-01 09:19:00,0,0.04443847172900283,False
631,Gradient boosting,"weekly, sliding 4 wk",2008-09-01,536,2008-09-01 09:54:00,0,0.013756425138989994,False
632,Gradient boosting,"weekly, sliding 4 wk",2008-09-01,536,2008-09-01 10:57:00,0,0.08087315022297077,False
633,Gradient boosting,"weekly, sliding 4 wk",2008-09-01,536,2008-09-01 11:40:00,0,0.03226365098977889,False
634,Gradient boosting,"weekly, sliding 4 wk",2008-09-01,536,2008-09-01 16:20:00,0,0.03134743918479545,False
635,Gradient boosting,"weekly, sliding 4 wk",2008-09-01,536,2008-09-01 19:54:00,1,0.1455293644738425,False
636,Gradient boosting,"weekly, sliding 4 wk",2008-09-01,536,2008-09-01 20:51:00,0,0.0658661140384706,False
637,Gradient boosting,"weekly, sliding 4 wk",2008-09-01,536,2008-09-01 22:05:00,0,0.022594429967321444,False
638,Gradient boosting,"weekly, sliding 4 wk",2008-09-01,536,2008-09-01 23:05:00,0,0.02166808864364754,False
639,Gradient boosting,"weekly, sliding 4 wk",2008-09-01,536,2008-09-01 23:19:00,0,0.03392157387057669,False
640,Gradient boosting,"weekly, sliding 4 wk",2008-09-01,536,2008-09-01 23:24:00,0,0.049438930925212496,False
641,Gradient boosting,"weekly, sliding 4 wk",2008-09-01,536,2008-09-01 23:28:00,0,0.043960612460774824,False
642,Gradient boosting,"weekly, sliding 4 wk",2008-09-01,536,2008-09-01 23:39:00,0,0.07557350978739105,False
643,Gradient boosting,"weekly, sliding 4 wk",2008-09-01,536,2008-09-01 23:45:00,0,0.05394749727450915,False
644,Gradient boosting,"weekly, sliding 4 wk",2008-09-01,536,2008-09-01 23:59:00,0,0.14304675788771626,False
645,Gradient boosting,"weekly, sliding 4 wk",2008-09-01,536,2008-09-02 00:26:00,0,0.02810885264725049,False
646,Gradient boosting,"weekly, sliding 4 wk",2008-09-01,536,2008-09-02 00:31:00,0,0.03563812495036029,False
647,Gradient boosting,"weekly, sliding 4 wk",2008-09-01,536,2008-09-02 00:46:00,0,0.028828416779761612,False
648,Gradient boosting,"weekly, sliding 4 wk",2008-09-01,536,2008-09-02 01:09:00,0,0.027016336645843516,False
649,Gradient boosting,"weekly, sliding 4 wk",2008-09-01,536,2008-09-02 01:10:00,0,0.04812342790047555,False
650,Gradient boosting,"weekly, sliding 4 wk",2008-09-01,536,2008-09-02 01:10:00,0,0.058703257039722075,False
651,Gradient boosting,"weekly, sliding 4 wk",2008-09-01,536,2008-09-02 01:36:00,0,0.02109747782043561,False
652,Gradient boosting,"weekly, sliding 4 wk",2008-09-01,536,2008-09-02 01:50:00,0,0.0453858043631548,False
653,Gradient boosting,"weekly, sliding 4 wk",2008-09-01,536,2008-09-02 02:02:00,0,0.05069128001157295,False
654,Gradient boosting,"weekly, sliding 4 wk",2008-09-01,536,2008-09-02 02:11:00,0,0.02747663673494881,False
655,Gradient boosting,"weekly, sliding 4 wk",2008-09-01,536,2008-09-02 02:50:00,0,0.015311559511091546,False
656,Gradient boosting,"weekly, sliding 4 wk",2008-09-01,536,2008-09-02 02:52:00,0,0.035962497682815946,False
657,Gradient boosting,"weekly, sliding 4 wk",2008-09-01,536,2008-09-02 03:33:00,0,0.038820398037881884,False
658,Gradient boosting,"weekly, sliding 4 wk",2008-09-01,536,2008-09-02 03:35:00,0,0.03373190134531691,False
659,Gradient boosting,"weekly, sliding 4 wk",2008-09-01,536,2008-09-02 03:35:00,0,0.04101899756610213,False
660,Gradient boosting,"weekly, sliding 4 wk",2008-09-01,536,2008-09-02 04:19:00,0,0.04621105838865989,False
661,Gradient boosting,"weekly, sliding 4 wk",2008-09-01,536,2008-09-02 04:22:00,0,0.03496129270096626,False
662,Gradient boosting,"weekly, sliding 4 wk",2008-09-01,536,2008-09-02 05:46:00,0,0.07121327118489261,False
663,Gradient boosting,"weekly, sliding 4 wk",2008-09-01,536,2008-09-02 06:03:00,0,0.06309157587399912,False
664,Gradient boosting,"weekly, sliding 4 wk",2008-09-01,536,2008-09-02 06:19:00,0,0.04167677586778053,False
665,Gradient boosting,"weekly, sliding 4 wk",2008-09-01,536,2008-09-02 06:32:00,0,0.04889270131659935,False
666,Gradient boosting,"weekly, sliding 4 wk",2008-09-01,536,2008-09-02 06:48:00,0,0.029451758416106536,False
667,Gradient boosting,"weekly, sliding 4 wk",2008-09-01,536,2008-09-02 07:22:00,0,0.03881385588205237,False
668,Gradient boosting,"weekly, sliding 4 wk",2008-09-01,536,2008-09-02 07:32:00,0,0.10773795203254422,False
669,Gradient boosting,"weekly, sliding 4 wk",2008-09-01,536,2008-09-02 08:15:00,0,0.07328608128603464,False
670,Gradient boosting,"weekly, sliding 4 wk",2008-09-01,536,2008-09-02 08:54:00,0,0.022025561990371628,False
671,Gradient boosting,"weekly, sliding 4 wk",2008-09-01,536,2008-09-02 09:36:00,0,0.03330588211681075,False
672,Gradient boosting,"weekly, sliding 4 wk",2008-09-01,536,2008-09-02 09:37:00,0,0.031271447888161254,False
673,Gradient boosting,"weekly, sliding 4 wk",2008-09-01,536,2008-09-02 10:13:00,0,0.019926857921282334,False
674,Gradient boosting,"weekly, sliding 4 wk",2008-09-01,536,2008-09-02 10:21:00,0,0.029388923904372997,False
675,Gradient boosting,"weekly, sliding 4 wk",2008-09-01,536,2008-09-02 10:25:00,0,0.06762306249289371,False
676,Gradient boosting,"weekly, sliding 4 wk",2008-09-01,536,2008-09-02 10:33:00,0,0.059751108213427294,False
677,Gradient boosting,"weekly, sliding 4 wk",2008-09-01,536,2008-09-02 11:08:00,0,0.04809004992815711,False
678,Gradient boosting,"weekly, sliding 4 wk",2008-09-01,536,2008-09-02 11:22:00,0,0.02132973249178712,False
679,Gradient boosting,"weekly, sliding 4 wk",2008-09-01,536,2008-09-02 11:47:00,0,0.06583682556503605,False
680,Gradient boosting,"weekly, sliding 4 wk",2008-09-01,536,2008-09-02 11:49:00,0,0.018683718936631875,False
681,Gradient boosting,"weekly, sliding 4 wk",2008-09-01,536,2008-09-02 12:01:00,0,0.04698754131340339,False
682,Gradient boosting,"weekly, sliding 4 wk",2008-09-01,536,2008-09-02 12:17:00,0,0.021855098562500255,False
683,Gradient boosting,"weekly, sliding 4 wk",2008-09-01,536,2008-09-02 12:26:00,0,0.04313777121059409,False
684,Gradient boosting,"weekly, sliding 4 wk",2008-09-01,536,2008-09-02 12:30:00,0,0.03579286314506554,False
685,Gradient boosting,"weekly, sliding 4 wk",2008-09-01,536,2008-09-02 12:44:00,0,0.04085419980955897,False
686,Gradient boosting,"weekly, sliding 4 wk",2008-09-01,536,2008-09-02 13:05:00,0,0.06333248411857935,False
687,Gradient boosting,"weekly, sliding 4 wk",2008-09-01,536,2008-09-02 13:08:00,0,0.06011912697407916,False
688,Gradient boosting,"weekly, sliding 4 wk",2008-09-01,536,2008-09-02 13:27:00,0,0.03833897382666628,False
689,Gradient boosting,"weekly, sliding 4 wk",2008-09-01,536,2008-09-02 13:40:00,0,0.035057979964459994,False
690,Gradient boosting,"weekly, sliding 4 wk",2008-09-01,536,2008-09-02 14:09:00,0,0.11229543752065145,False
691,Gradient boosting,"weekly, sliding 4 wk",2008-09-01,536,2008-09-02 14:21:00,0,0.028703380096113406,False
692,Gradient boosting,"weekly, sliding 4 wk",2008-09-01,536,2008-09-02 14:34:00,0,0.018981557078429998,False
693,Gradient boosting,"weekly, sliding 4 wk",2008-09-01,536,2008-09-02 15:29:00,0,0.02850074042153491,False
694,Gradient boosting,"weekly, sliding 4 wk",2008-09-01,536,2008-09-02 16:10:00,0,0.07601123091980891,False
695,Gradient boosting,"weekly, sliding 4 wk",2008-09-01,536,2008-09-02 16:50:00,0,0.03826664148505939,False
696,Gradient boosting,"weekly, sliding 4 wk",2008-09-01,536,2008-09-02 16:54:00,0,0.05987279792883738,False
697,Gradient boosting,"weekly, sliding 4 wk",2008-09-01,536,2008-09-02 16:58:00,0,0.041316973012601,False
698,Gradient boosting,"weekly, sliding 4 wk",2008-09-01,536,2008-09-02 17:10:00,0,0.015931800348459462,False
699,Gradient boosting,"weekly, sliding 4 wk",2008-09-01,536,2008-09-02 17:18:00,0,0.04029359867454173,False
700,Gradient boosting,"weekly, sliding 4 wk",2008-09-01,536,2008-09-02 18:38:00,0,0.027836353533474138,False
701,Gradient boosting,"weekly, sliding 4 wk",2008-09-01,536,2008-09-02 18:52:00,0,0.023974964647858043,False
702,Gradient boosting,"weekly, sliding 4 wk",2008-09-01,536,2008-09-02 19:18:00,0,0.05292557767481022,False
703,Gradient boosting,"weekly, sliding 4 wk",2008-09-01,536,2008-09-02 20:18:00,0,0.01780130252262817,False
704,Gradient boosting,"weekly, sliding 4 wk",2008-09-01,536,2008-09-02 20:52:00,0,0.06551672036166799,False
705,Gradient boosting,"weekly, sliding 4 wk",2008-09-01,536,2008-09-02 20:58:00,0,0.027464864065748183,False
706,Gradient boosting,"weekly, sliding 4 wk",2008-09-01,536,2008-09-02 20:59:00,0,0.03213507248253641,False
707,Gradient boosting,"weekly, sliding 4 wk",2008-09-01,536,2008-09-03 00:18:00,0,0.07788086449275206,False
708,Gradient boosting,"weekly, sliding 4 wk",2008-09-01,536,2008-09-03 00:45:00,0,0.043611496911846286,False
709,Gradient boosting,"weekly, sliding 4 wk",2008-09-01,536,2008-09-03 00:58:00,0,0.0790988077923902,False
710,Gradient boosting,"weekly, sliding 4 wk",2008-09-01,536,2008-09-03 01:15:00,1,0.06699911720526812,False
711,Gradient boosting,"weekly, sliding 4 wk",2008-09-01,536,2008-09-03 01:32:00,0,0.0949474836567408,False
712,Gradient boosting,"weekly, sliding 4 wk",2008-09-01,536,2008-09-03 04:18:00,0,0.018624342086999177,False
713,Gradient boosting,"weekly, sliding 4 wk",2008-09-01,536,2008-09-03 06:26:00,0,0.0759011970494547,False
714,Gradient boosting,"weekly, sliding 4 wk",2008-09-01,536,2008-09-03 09:38:00,0,0.03345127547289814,False
715,Gradient boosting,"weekly, sliding 4 wk",2008-09-01,536,2008-09-03 14:24:00,0,0.05745707643073419,False
716,Gradient boosting,"weekly, sliding 4 wk",2008-09-01,536,2008-09-03 14:29:00,0,0.04140563438076005,False
717,Gradient boosting,"weekly, sliding 4 wk",2008-09-01,536,2008-09-03 17:22:00,0,0.12243899848777999,False
718,Gradient boosting,"weekly, sliding 4 wk",2008-09-01,536,2008-09-03 18:16:00,0,0.05389208577783367,False
719,Gradient boosting,"weekly, sliding 4 wk",2008-09-01,536,2008-09-03 18:16:00,0,0.06947291060866685,False
720,Gradient boosting,"weekly, sliding 4 wk",2008-09-01,536,2008-09-03 20:00:00,0,0.028372056499631933,False
721,Gradient boosting,"weekly, sliding 4 wk",2008-09-01,536,2008-09-03 20:10:00,0,0.07539361587111679,False
722,Gradient boosting,"weekly, sliding 4 wk",2008-09-01,536,2008-09-04 08:01:00,0,0.09024830540565032,False
723,Gradient boosting,"weekly, sliding 4 wk",2008-09-01,536,2008-09-04 08:22:00,0,0.0396543619524739,False
724,Gradient boosting,"weekly, sliding 4 wk",2008-09-01,536,2008-09-04 08:33:00,0,0.046588896313130346,False
725,Gradient boosting,"weekly, sliding 4 wk",2008-09-01,536,2008-09-04 08:41:00,0,0.029798993499746886,False
726,Gradient boosting,"weekly, sliding 4 wk",2008-09-01,536,2008-09-04 08:53:00,0,0.05012540073534858,False
727,Gradient boosting,"weekly, sliding 4 wk",2008-09-01,536,2008-09-04 11:50:00,0,0.020099037277338763,False
728,Gradient boosting,"weekly, sliding 4 wk",2008-09-01,536,2008-09-04 14:09:00,0,0.02879209013416814,False
729,Gradient boosting,"weekly, sliding 4 wk",2008-09-01,536,2008-09-04 14:11:00,0,0.048557975926797364,False
730,Gradient boosting,"weekly, sliding 4 wk",2008-09-01,536,2008-09-04 14:48:00,0,0.027767402895392198,False
731,Gradient boosting,"weekly, sliding 4 wk",2008-09-01,536,2008-09-04 16:30:00,0,0.019206390467707352,False
732,Gradient boosting,"weekly, sliding 4 wk",2008-09-01,536,2008-09-04 16:41:00,0,0.025291027288681496,False
733,Gradient boosting,"weekly, sliding 4 wk",2008-09-01,536,2008-09-04 16:56:00,0,0.03556959401885864,False
734,Gradient boosting,"weekly, sliding 4 wk",2008-09-01,536,2008-09-04 17:30:00,0,0.041632468788983565,False
735,Gradient boosting,"weekly, sliding 4 wk",2008-09-01,536,2008-09-05 15:30:00,0,0.0301586900238383,False
736,Gradient boosting,"weekly, sliding 4 wk",2008-09-01,536,2008-09-05 21:48:00,0,0.04659885280470209,False
737,Gradient boosting,"weekly, sliding 4 wk",2008-09-01,536,2008-09-07 00:08:00,0,0.05712599793445344,False
738,Gradient boosting,"weekly, sliding 4 wk",2008-09-01,536,2008-09-07 00:12:00,0,0.05089695654912138,False
739,Gradient boosting,"weekly, sliding 4 wk",2008-09-01,536,2008-09-07 00:49:00,0,0.0786723446574847,False
740,Gradient boosting,"weekly, sliding 4 wk",2008-09-01,536,2008-09-07 10:52:00,0,0.027549090203341686,False
741,Gradient boosting,"weekly, sliding 4 wk",2008-09-01,536,2008-09-07 12:04:00,0,0.06265744530286198,False
742,Gradient boosting,"weekly, sliding 4 wk",2008-09-01,536,2008-09-07 12:20:00,0,0.06313587746461295,False
743,Gradient boosting,"weekly, sliding 4 wk",2008-09-01,536,2008-09-07 13:02:00,0,0.03989469861269447,False
744,Gradient boosting,"weekly, sliding 4 wk",2008-09-01,536,2008-09-07 18:02:00,0,0.04535917648126942,False
745,Gradient boosting,"weekly, sliding 4 wk",2008-09-01,536,2008-09-07 18:24:00,0,0.04221905489726492,False
746,Gradient boosting,"weekly, sliding 4 wk",2008-09-01,536,2008-09-07 18:49:00,0,0.06727985198268828,False
747,Gradient boosting,"weekly, sliding 4 wk",2008-09-01,536,2008-09-07 19:29:00,0,0.14215447055549013,False
748,Gradient boosting,"weekly, sliding 4 wk",2008-09-01,536,2008-09-07 19:31:00,0,0.05537848862456272,False
749,Gradient boosting,"weekly, sliding 4 wk",2008-09-01,536,2008-09-07 20:12:00,0,0.03558579981428359,False
750,Gradient boosting,"weekly, sliding 4 wk",2008-09-01,536,2008-09-07 20:50:00,0,0.08081424066379679,False
751,Gradient boosting,"weekly, sliding 4 wk",2008-09-01,536,2008-09-07 23:33:00,0,0.0385515017422935,False
752,Gradient boosting,"weekly, sliding 4 wk",2008-09-08,561,2008-09-08 00:32:00,0,0.01973578309677224,False
753,Gradient boosting,"weekly, sliding 4 wk",2008-09-08,561,2008-09-08 00:40:00,0,0.15842514801937138,True
754,Gradient boosting,"weekly, sliding 4 wk",2008-09-08,561,2008-09-08 01:24:00,0,0.013998044297770995,False
755,Gradient boosting,"weekly, sliding 4 wk",2008-09-08,561,2008-09-08 03:32:00,0,0.028853877342275756,False
756,Gradient boosting,"weekly, sliding 4 wk",2008-09-08,561,2008-09-08 03:48:00,0,0.03192168412059456,False
757,Gradient boosting,"weekly, sliding 4 wk",2008-09-08,561,2008-09-08 04:21:00,0,0.014771799305512473,False
758,Gradient boosting,"weekly, sliding 4 wk",2008-09-08,561,2008-09-08 06:37:00,0,0.014504835897820161,False
759,Gradient boosting,"weekly, sliding 4 wk",2008-09-08,561,2008-09-08 07:14:00,0,0.020343903535832562,False
760,Gradient boosting,"weekly, sliding 4 wk",2008-09-08,561,2008-09-08 07:41:00,0,0.00888315487761262,False
761,Gradient boosting,"weekly, sliding 4 wk",2008-09-08,561,2008-09-08 18:46:00,0,0.0527041140398056,False
762,Gradient boosting,"weekly, sliding 4 wk",2008-09-08,561,2008-09-08 19:14:00,0,0.0366846345705399,False
763,Gradient boosting,"weekly, sliding 4 wk",2008-09-08,561,2008-09-08 19:15:00,0,0.020532794565637526,False
764,Gradient boosting,"weekly, sliding 4 wk",2008-09-08,561,2008-09-08 19:25:00,0,0.03033220247909758,False
765,Gradient boosting,"weekly, sliding 4 wk",2008-09-08,561,2008-09-08 19:33:00,0,0.023849217279446444,False
766,Gradient boosting,"weekly, sliding 4 wk",2008-09-08,561,2008-09-08 20:00:00,0,0.016991233426292204,False
767,Gradient boosting,"weekly, sliding 4 wk",2008-09-08,561,2008-09-08 21:36:00,0,0.03283677095642948,False
768,Gradient boosting,"weekly, sliding 4 wk",2008-09-08,561,2008-09-08 21:53:00,0,0.013249768747029232,False
769,Gradient boosting,"weekly, sliding 4 wk",2008-09-08,561,2008-09-08 22:17:00,0,0.05402894671101681,False
770,Gradient boosting,"weekly, sliding 4 wk",2008-09-08,561,2008-09-09 00:25:00,0,0.014258025887777578,False
771,Gradient boosting,"weekly, sliding 4 wk",2008-09-08,561,2008-09-09 03:53:00,0,0.029662512206499046,False
772,Gradient boosting,"weekly, sliding 4 wk",2008-09-08,561,2008-09-09 08:44:00,0,0.011440616468171677,False
773,Gradient boosting,"weekly, sliding 4 wk",2008-09-08,561,2008-09-10 07:26:00,0,0.029466863697776745,False
774,Gradient boosting,"weekly, sliding 4 wk",2008-09-08,561,2008-09-10 09:21:00,0,0.029200543711096334,False
775,Gradient boosting,"weekly, sliding 4 wk",2008-09-08,561,2008-09-10 20:52:00,0,0.037675922601716316,False
776,Gradient boosting,"weekly, sliding 4 wk",2008-09-08,561,2008-09-10 20:53:00,0,0.024312319521240817,False
777,Gradient boosting,"weekly, sliding 4 wk",2008-09-08,561,2008-09-10 21:56:00,0,0.01998089688360193,False
778,Gradient boosting,"weekly, sliding 4 wk",2008-09-08,561,2008-09-10 23:30:00,0,0.030586332934209454,False
779,Gradient boosting,"weekly, sliding 4 wk",2008-09-08,561,2008-09-10 23:43:00,0,0.022519253150338973,False
780,Gradient boosting,"weekly, sliding 4 wk",2008-09-08,561,2008-09-11 00:17:00,0,0.012674270842679957,False
781,Gradient boosting,"weekly, sliding 4 wk",2008-09-08,561,2008-09-11 05:20:00,0,0.012632904887789195,False
782,Gradient boosting,"weekly, sliding 4 wk",2008-09-08,561,2008-09-11 06:04:00,0,0.014083420461824056,False
783,Gradient boosting,"weekly, sliding 4 wk",2008-09-08,561,2008-09-11 07:43:00,0,0.011740035204180375,False
784,Gradient boosting,"weekly, sliding 4 wk",2008-09-08,561,2008-09-11 08:06:00,0,0.023793820046943377,False
785,Gradient boosting,"weekly, sliding 4 wk",2008-09-08,561,2008-09-11 08:58:00,0,0.033432665666952854,False
786,Gradient boosting,"weekly, sliding 4 wk",2008-09-08,561,2008-09-11 09:24:00,0,0.014258452704452652,False
787,Gradient boosting,"weekly, sliding 4 wk",2008-09-08,561,2008-09-11 12:47:00,0,0.016830764186905215,False
788,Gradient boosting,"weekly, sliding 4 wk",2008-09-08,561,2008-09-11 13:36:00,0,0.01951593645215185,False
789,Gradient boosting,"weekly, sliding 4 wk",2008-09-08,561,2008-09-11 14:20:00,0,0.026528538074710978,False
790,Gradient boosting,"weekly, sliding 4 wk",2008-09-08,561,2008-09-11 14:24:00,0,0.015069912835069806,False
791,Gradient boosting,"weekly, sliding 4 wk",2008-09-08,561,2008-09-11 14:31:00,0,0.019027429919234475,False
792,Gradient boosting,"weekly, sliding 4 wk",2008-09-08,561,2008-09-11 15:05:00,0,0.016255597453148876,False
793,Gradient boosting,"weekly, sliding 4 wk",2008-09-08,561,2008-09-11 15:08:00,0,0.049379793033324765,False
794,Gradient boosting,"weekly, sliding 4 wk",2008-09-08,561,2008-09-11 16:28:00,0,0.022318195922280258,False
795,Gradient boosting,"weekly, sliding 4 wk",2008-09-08,561,2008-09-11 21:13:00,0,0.02106373662372422,False
796,Gradient boosting,"weekly, sliding 4 wk",2008-09-08,561,2008-09-11 22:07:00,1,0.026064466709350233,False
797,Gradient boosting,"weekly, sliding 4 wk",2008-09-08,561,2008-09-11 23:10:00,0,0.04587204075206661,False
798,Gradient boosting,"weekly, sliding 4 wk",2008-09-08,561,2008-09-11 23:48:00,1,0.011526476552944484,False
799,Gradient boosting,"weekly, sliding 4 wk",2008-09-08,561,2008-09-12 05:11:00,0,0.01249194695220608,False
800,Gradient boosting,"weekly, sliding 4 wk",2008-09-08,561,2008-09-12 05:55:00,0,0.020482444367945635,False
801,Gradient boosting,"weekly, sliding 4 wk",2008-09-08,561,2008-09-12 06:38:00,0,0.044647367766088915,False
802,Gradient boosting,"weekly, sliding 4 wk",2008-09-08,561,2008-09-12 06:41:00,0,0.02624522474850923,False
803,Gradient boosting,"weekly, sliding 4 wk",2008-09-08,561,2008-09-12 06:45:00,0,0.015146640356208742,False
804,Gradient boosting,"weekly, sliding 4 wk",2008-09-08,561,2008-09-12 07:21:00,0,0.027624079061823823,False
805,Gradient boosting,"weekly, sliding 4 wk",2008-09-08,561,2008-09-12 07:29:00,0,0.04596302084669366,False
806,Gradient boosting,"weekly, sliding 4 wk",2008-09-08,561,2008-09-12 07:38:00,0,0.02114878059482155,False
807,Gradient boosting,"weekly, sliding 4 wk",2008-09-08,561,2008-09-12 11:57:00,0,0.04880215451655536,False
808,Gradient boosting,"weekly, sliding 4 wk",2008-09-08,561,2008-09-12 13:08:00,0,0.014185457854208465,False
809,Gradient boosting,"weekly, sliding 4 wk",2008-09-08,561,2008-09-12 14:52:00,0,0.015977269593720003,False
810,Gradient boosting,"weekly, sliding 4 wk",2008-09-08,561,2008-09-12 15:40:00,0,0.016179514227378674,False
811,Gradient boosting,"weekly, sliding 4 wk",2008-09-08,561,2008-09-12 16:23:00,0,0.02110138050757584,False
812,Gradient boosting,"weekly, sliding 4 wk",2008-09-08,561,2008-09-12 18:01:00,0,0.01990312627845304,False
813,Gradient boosting,"weekly, sliding 4 wk",2008-09-08,561,2008-09-12 18:52:00,0,0.031201838450032576,False
814,Gradient boosting,"weekly, sliding 4 wk",2008-09-08,561,2008-09-12 19:36:00,0,0.017451997738180524,False
815,Gradient boosting,"weekly, sliding 4 wk",2008-09-08,561,2008-09-12 20:28:00,0,0.022282518936694626,False
816,Gradient boosting,"weekly, sliding 4 wk",2008-09-08,561,2008-09-12 21:12:00,0,0.015313900452004965,False
817,Gradient boosting,"weekly, sliding 4 wk",2008-09-08,561,2008-09-12 22:25:00,0,0.019824857100069492,False
818,Gradient boosting,"weekly, sliding 4 wk",2008-09-08,561,2008-09-12 22:45:00,0,0.030954073366632806,False
819,Gradient boosting,"weekly, sliding 4 wk",2008-09-08,561,2008-09-12 23:28:00,0,0.02375638695166981,False
820,Gradient boosting,"weekly, sliding 4 wk",2008-09-08,561,2008-09-12 23:40:00,0,0.03502180847272904,False
821,Gradient boosting,"weekly, sliding 4 wk",2008-09-08,561,2008-09-13 00:25:00,0,0.010117876914564804,False
822,Gradient boosting,"weekly, sliding 4 wk",2008-09-08,561,2008-09-13 02:57:00,0,0.019535171454083757,False
823,Gradient boosting,"weekly, sliding 4 wk",2008-09-08,561,2008-09-13 03:14:00,0,0.01780919975699416,False
824,Gradient boosting,"weekly, sliding 4 wk",2008-09-08,561,2008-09-13 09:19:00,0,0.046672052189704556,False
825,Gradient boosting,"weekly, sliding 4 wk",2008-09-08,561,2008-09-13 10:55:00,0,0.023192763716331145,False
826,Gradient boosting,"weekly, sliding 4 wk",2008-09-08,561,2008-09-13 11:42:00,0,0.010971323726594746,False
827,Gradient boosting,"weekly, sliding 4 wk",2008-09-08,561,2008-09-13 11:56:00,1,0.02264166349299026,False
828,Gradient boosting,"weekly, sliding 4 wk",2008-09-08,561,2008-09-13 12:48:00,0,0.02466100053302528,False
829,Gradient boosting,"weekly, sliding 4 wk",2008-09-08,561,2008-09-13 14:07:00,0,0.013314914047857488,False
830,Gradient boosting,"weekly, sliding 4 wk",2008-09-08,561,2008-09-13 16:04:00,0,0.013447788231734845,False
831,Gradient boosting,"weekly, sliding 4 wk",2008-09-08,561,2008-09-13 16:04:00,0,0.01743778192510874,False
832,Gradient boosting,"weekly, sliding 4 wk",2008-09-08,561,2008-09-13 20:06:00,1,0.011119743479505109,False
833,Gradient boosting,"weekly, sliding 4 wk",2008-09-08,561,2008-09-14 02:50:00,0,0.02125096604285951,False
834,Gradient boosting,"weekly, sliding 4 wk",2008-09-08,561,2008-09-14 02:59:00,0,0.047704766113337835,False
835,Gradient boosting,"weekly, sliding 4 wk",2008-09-08,561,2008-09-14 15:02:00,0,0.04292639280001216,False
836,Gradient boosting,"weekly, sliding 4 wk",2008-09-08,561,2008-09-14 15:46:00,0,0.06807165346469311,False
837,Gradient boosting,"weekly, sliding 4 wk",2008-09-08,561,2008-09-14 16:34:00,0,0.012182626918108088,False
838,Gradient boosting,"weekly, sliding 4 wk",2008-09-08,561,2008-09-14 17:40:00,0,0.03757723270519666,False
839,Gradient boosting,"weekly, sliding 4 wk",2008-09-08,561,2008-09-14 18:27:00,0,0.06352047257258071,False
840,Gradient boosting,"weekly, sliding 4 wk",2008-09-08,561,2008-09-14 18:27:00,0,0.013267662004777438,False
841,Gradient boosting,"weekly, sliding 4 wk",2008-09-08,561,2008-09-14 19:13:00,0,0.023288977490844836,False
842,Gradient boosting,"weekly, sliding 4 wk",2008-09-08,561,2008-09-14 20:00:00,0,0.05175119480544108,False
843,Gradient boosting,"weekly, sliding 4 wk",2008-09-08,561,2008-09-14 20:43:00,0,0.01664330256694683,False
844,Gradient boosting,"weekly, sliding 4 wk",2008-09-08,561,2008-09-14 20:45:00,0,0.011018039875840038,False
845,Gradient boosting,"weekly, sliding 4 wk",2008-09-08,561,2008-09-14 21:31:00,0,0.025140199362071094,False
846,Gradient boosting,"weekly, sliding 4 wk",2008-09-08,561,2008-09-14 23:00:00,0,0.027949911859831658,False
847,Gradient boosting,"weekly, sliding 4 wk",2008-09-15,605,2008-09-15 02:04:00,0,0.012309819696771288,False
848,Gradient boosting,"weekly, sliding 4 wk",2008-09-15,605,2008-09-15 10:03:00,0,0.013337797443486126,False
849,Gradient boosting,"weekly, sliding 4 wk",2008-09-15,605,2008-09-15 11:40:00,0,0.07645355916849807,False
850,Gradient boosting,"weekly, sliding 4 wk",2008-09-15,605,2008-09-15 12:27:00,0,0.018416561278006234,False
851,Gradient boosting,"weekly, sliding 4 wk",2008-09-15,605,2008-09-15 16:10:00,0,0.015463663257240346,False
852,Gradient boosting,"weekly, sliding 4 wk",2008-09-15,605,2008-09-15 16:59:00,0,0.023443886261781642,False
853,Gradient boosting,"weekly, sliding 4 wk",2008-09-15,605,2008-09-15 19:54:00,0,0.02839674783496157,False
854,Gradient boosting,"weekly, sliding 4 wk",2008-09-15,605,2008-09-15 21:56:00,0,0.06214357996827551,False
855,Gradient boosting,"weekly, sliding 4 wk",2008-09-15,605,2008-09-15 22:13:00,0,0.052455776231614966,False
856,Gradient boosting,"weekly, sliding 4 wk",2008-09-15,605,2008-09-15 22:45:00,0,0.023762786071224697,False
857,Gradient boosting,"weekly, sliding 4 wk",2008-09-15,605,2008-09-15 22:54:00,0,0.02016437053179386,False
858,Gradient boosting,"weekly, sliding 4 wk",2008-09-15,605,2008-09-15 23:37:00,0,0.008664719084711737,False
859,Gradient boosting,"weekly, sliding 4 wk",2008-09-15,605,2008-09-16 07:39:00,0,0.044934518063998986,False
860,Gradient boosting,"weekly, sliding 4 wk",2008-09-15,605,2008-09-16 07:48:00,0,0.028128247255292022,False
861,Gradient boosting,"weekly, sliding 4 wk",2008-09-15,605,2008-09-16 08:50:00,0,0.022528992608578248,False
862,Gradient boosting,"weekly, sliding 4 wk",2008-09-15,605,2008-09-16 08:52:00,0,0.037693468854093914,False
863,Gradient boosting,"weekly, sliding 4 wk",2008-09-15,605,2008-09-16 09:37:00,0,0.04795266376835739,False
864,Gradient boosting,"weekly, sliding 4 wk",2008-09-15,605,2008-09-16 17:07:00,0,0.010979578089557244,False
865,Gradient boosting,"weekly, sliding 4 wk",2008-09-15,605,2008-09-16 18:09:00,0,0.021934005457430388,False
866,Gradient boosting,"weekly, sliding 4 wk",2008-09-15,605,2008-09-16 18:23:00,0,0.011414478873647585,False
867,Gradient boosting,"weekly, sliding 4 wk",2008-09-15,605,2008-09-16 19:34:00,0,0.03245657192421341,False
868,Gradient boosting,"weekly, sliding 4 wk",2008-09-15,605,2008-09-16 19:45:00,0,0.01659277953045583,False
869,Gradient boosting,"weekly, sliding 4 wk",2008-09-15,605,2008-09-16 21:21:00,0,0.017173155990636943,False
870,Gradient boosting,"weekly, sliding 4 wk",2008-09-15,605,2008-09-16 22:45:00,0,0.045655912153483004,False
871,Gradient boosting,"weekly, sliding 4 wk",2008-09-15,605,2008-09-17 02:01:00,0,0.11153651030224238,False
872,Gradient boosting,"weekly, sliding 4 wk",2008-09-15,605,2008-09-17 04:23:00,1,0.04129589079899066,False
873,Gradient boosting,"weekly, sliding 4 wk",2008-09-15,605,2008-09-17 07:14:00,0,0.0239851970592548,False
874,Gradient boosting,"weekly, sliding 4 wk",2008-09-15,605,2008-09-17 07:28:00,0,0.01820885554802184,False
875,Gradient boosting,"weekly, sliding 4 wk",2008-09-15,605,2008-09-17 21:52:00,0,0.016270731567038517,False
876,Gradient boosting,"weekly, sliding 4 wk",2008-09-15,605,2008-09-18 00:57:00,0,0.01352049906935472,False
877,Gradient boosting,"weekly, sliding 4 wk",2008-09-15,605,2008-09-18 01:40:00,0,0.03724150395264481,False
878,Gradient boosting,"weekly, sliding 4 wk",2008-09-15,605,2008-09-18 01:43:00,0,0.010701501604966817,False
879,Gradient boosting,"weekly, sliding 4 wk",2008-09-15,605,2008-09-18 02:01:00,0,0.012946121414135665,False
880,Gradient boosting,"weekly, sliding 4 wk",2008-09-15,605,2008-09-18 03:58:00,0,0.016922649590600854,False
881,Gradient boosting,"weekly, sliding 4 wk",2008-09-15,605,2008-09-18 03:58:00,0,0.01997697887188631,False
882,Gradient boosting,"weekly, sliding 4 wk",2008-09-15,605,2008-09-18 05:44:00,0,0.019078859374863307,False
883,Gradient boosting,"weekly, sliding 4 wk",2008-09-15,605,2008-09-18 05:58:00,0,0.010201475581074426,False
884,Gradient boosting,"weekly, sliding 4 wk",2008-09-15,605,2008-09-18 08:04:00,0,0.013946354207009801,False
885,Gradient boosting,"weekly, sliding 4 wk",2008-09-15,605,2008-09-18 10:48:00,0,0.029367003570968137,False
886,Gradient boosting,"weekly, sliding 4 wk",2008-09-15,605,2008-09-18 13:48:00,0,0.008693653411827259,False
887,Gradient boosting,"weekly, sliding 4 wk",2008-09-15,605,2008-09-18 17:22:00,0,0.03770731321346647,False
888,Gradient boosting,"weekly, sliding 4 wk",2008-09-15,605,2008-09-18 18:12:00,0,0.010003698567063535,False
889,Gradient boosting,"weekly, sliding 4 wk",2008-09-15,605,2008-09-18 18:56:00,0,0.02199424990932422,False
890,Gradient boosting,"weekly, sliding 4 wk",2008-09-15,605,2008-09-18 21:12:00,0,0.02631013189446934,False
891,Gradient boosting,"weekly, sliding 4 wk",2008-09-15,605,2008-09-18 21:56:00,0,0.014104030564253507,False
892,Gradient boosting,"weekly, sliding 4 wk",2008-09-15,605,2008-09-18 23:00:00,0,0.01005284589571209,False
893,Gradient boosting,"weekly, sliding 4 wk",2008-09-15,605,2008-09-18 23:05:00,0,0.017313784949928024,False
894,Gradient boosting,"weekly, sliding 4 wk",2008-09-15,605,2008-09-18 23:44:00,0,0.014457616113134007,False
895,Gradient boosting,"weekly, sliding 4 wk",2008-09-15,605,2008-09-19 00:30:00,0,0.020702520669183263,False
896,Gradient boosting,"weekly, sliding 4 wk",2008-09-15,605,2008-09-19 01:57:00,0,0.05878303695144464,False
897,Gradient boosting,"weekly, sliding 4 wk",2008-09-15,605,2008-09-19 02:44:00,0,0.045377047409541196,False
898,Gradient boosting,"weekly, sliding 4 wk",2008-09-15,605,2008-09-19 04:42:00,0,0.02015816385612577,False
899,Gradient boosting,"weekly, sliding 4 wk",2008-09-15,605,2008-09-19 05:33:00,0,0.015099208135261,False
900,Gradient boosting,"weekly, sliding 4 wk",2008-09-15,605,2008-09-19 05:57:00,0,0.051162364576982346,False
901,Gradient boosting,"weekly, sliding 4 wk",2008-09-15,605,2008-09-19 06:01:00,0,0.008546559702991762,False
902,Gradient boosting,"weekly, sliding 4 wk",2008-09-15,605,2008-09-19 06:44:00,0,0.015355957773339335,False
903,Gradient boosting,"weekly, sliding 4 wk",2008-09-15,605,2008-09-19 07:14:00,0,0.014685755690419449,False
904,Gradient boosting,"weekly, sliding 4 wk",2008-09-15,605,2008-09-19 07:18:00,0,0.018788288628999738,False
905,Gradient boosting,"weekly, sliding 4 wk",2008-09-15,605,2008-09-19 08:08:00,0,0.014586111186338853,False
906,Gradient boosting,"weekly, sliding 4 wk",2008-09-15,605,2008-09-19 08:52:00,0,0.017078279479544215,False
907,Gradient boosting,"weekly, sliding 4 wk",2008-09-15,605,2008-09-19 09:12:00,0,0.01985765023302822,False
908,Gradient boosting,"weekly, sliding 4 wk",2008-09-15,605,2008-09-19 09:47:00,0,0.010365611447306812,False
909,Gradient boosting,"weekly, sliding 4 wk",2008-09-15,605,2008-09-19 10:45:00,0,0.032857839023379035,False
910,Gradient boosting,"weekly, sliding 4 wk",2008-09-15,605,2008-09-19 11:13:00,0,0.013871367533883438,False
911,Gradient boosting,"weekly, sliding 4 wk",2008-09-15,605,2008-09-19 11:54:00,0,0.07147711515031197,False
912,Gradient boosting,"weekly, sliding 4 wk",2008-09-15,605,2008-09-19 13:59:00,0,0.01485874751261581,False
913,Gradient boosting,"weekly, sliding 4 wk",2008-09-15,605,2008-09-19 15:31:00,0,0.0631335110754831,False
914,Gradient boosting,"weekly, sliding 4 wk",2008-09-15,605,2008-09-19 16:40:00,0,0.009495343343763445,False
915,Gradient boosting,"weekly, sliding 4 wk",2008-09-15,605,2008-09-19 16:58:00,1,0.07799961415561177,False
916,Gradient boosting,"weekly, sliding 4 wk",2008-09-15,605,2008-09-19 17:47:00,0,0.011105220401809857,False
917,Gradient boosting,"weekly, sliding 4 wk",2008-09-15,605,2008-09-19 18:11:00,0,0.013096935286723985,False
918,Gradient boosting,"weekly, sliding 4 wk",2008-09-15,605,2008-09-19 18:33:00,0,0.016286350970596306,False
919,Gradient boosting,"weekly, sliding 4 wk",2008-09-15,605,2008-09-19 19:18:00,0,0.010866239107720277,False
920,Gradient boosting,"weekly, sliding 4 wk",2008-09-15,605,2008-09-19 19:29:00,0,0.02264014126602582,False
921,Gradient boosting,"weekly, sliding 4 wk",2008-09-15,605,2008-09-19 20:05:00,0,0.0769668144840502,False
922,Gradient boosting,"weekly, sliding 4 wk",2008-09-15,605,2008-09-19 20:07:00,0,0.026925405319819056,False
923,Gradient boosting,"weekly, sliding 4 wk",2008-09-15,605,2008-09-19 20:10:00,0,0.06501219124842474,False
924,Gradient boosting,"weekly, sliding 4 wk",2008-09-15,605,2008-09-19 20:17:00,0,0.048647031231129234,False
925,Gradient boosting,"weekly, sliding 4 wk",2008-09-15,605,2008-09-19 20:19:00,1,0.040074221932806645,False
926,Gradient boosting,"weekly, sliding 4 wk",2008-09-15,605,2008-09-19 21:08:00,0,0.014598777853086362,False
927,Gradient boosting,"weekly, sliding 4 wk",2008-09-15,605,2008-09-19 21:09:00,1,0.05837050401601672,False
928,Gradient boosting,"weekly, sliding 4 wk",2008-09-15,605,2008-09-19 21:13:00,0,0.01070836015477014,False
929,Gradient boosting,"weekly, sliding 4 wk",2008-09-15,605,2008-09-19 21:14:00,0,0.027225244496505378,False
930,Gradient boosting,"weekly, sliding 4 wk",2008-09-15,605,2008-09-19 21:59:00,1,0.01772912611047281,False
931,Gradient boosting,"weekly, sliding 4 wk",2008-09-15,605,2008-09-19 23:26:00,0,0.016207386418381715,False
932,Gradient boosting,"weekly, sliding 4 wk",2008-09-15,605,2008-09-19 23:33:00,0,0.022124997787319547,False
933,Gradient boosting,"weekly, sliding 4 wk",2008-09-15,605,2008-09-20 00:18:00,0,0.010788395015989074,False
934,Gradient boosting,"weekly, sliding 4 wk",2008-09-15,605,2008-09-20 00:33:00,0,0.014597791070903088,False
935,Gradient boosting,"weekly, sliding 4 wk",2008-09-15,605,2008-09-20 03:58:00,0,0.01902083700417949,False
936,Gradient boosting,"weekly, sliding 4 wk",2008-09-15,605,2008-09-20 04:13:00,0,0.0150453373507148,False
937,Gradient boosting,"weekly, sliding 4 wk",2008-09-15,605,2008-09-20 04:28:00,0,0.01174278656428506,False
938,Gradient boosting,"weekly, sliding 4 wk",2008-09-15,605,2008-09-20 05:22:00,0,0.024276223199290202,False
939,Gradient boosting,"weekly, sliding 4 wk",2008-09-15,605,2008-09-20 05:25:00,0,0.02275240242755217,False
940,Gradient boosting,"weekly, sliding 4 wk",2008-09-15,605,2008-09-20 05:34:00,0,0.018835942715927742,False
941,Gradient boosting,"weekly, sliding 4 wk",2008-09-15,605,2008-09-20 06:08:00,0,0.046245580844980747,False
942,Gradient boosting,"weekly, sliding 4 wk",2008-09-15,605,2008-09-20 07:21:00,0,0.037319263836886815,False
943,Gradient boosting,"weekly, sliding 4 wk",2008-09-15,605,2008-09-20 08:14:00,0,0.011807272218850145,False
944,Gradient boosting,"weekly, sliding 4 wk",2008-09-15,605,2008-09-20 10:51:00,0,0.01611809159469727,False
945,Gradient boosting,"weekly, sliding 4 wk",2008-09-15,605,2008-09-20 11:18:00,0,0.04024250890583575,False
946,Gradient boosting,"weekly, sliding 4 wk",2008-09-15,605,2008-09-20 12:20:00,0,0.01254761687534237,False
947,Gradient boosting,"weekly, sliding 4 wk",2008-09-15,605,2008-09-20 12:26:00,0,0.00989403620649703,False
948,Gradient boosting,"weekly, sliding 4 wk",2008-09-15,605,2008-09-20 12:27:00,0,0.012579060102049063,False
949,Gradient boosting,"weekly, sliding 4 wk",2008-09-15,605,2008-09-20 12:36:00,0,0.016962933733922013,False
950,Gradient boosting,"weekly, sliding 4 wk",2008-09-15,605,2008-09-20 12:57:00,0,0.12991802789288104,False
951,Gradient boosting,"weekly, sliding 4 wk",2008-09-15,605,2008-09-20 14:00:00,0,0.02110070236198213,False
952,Gradient boosting,"weekly, sliding 4 wk",2008-09-15,605,2008-09-20 14:06:00,0,0.03096861032647115,False
953,Gradient boosting,"weekly, sliding 4 wk",2008-09-15,605,2008-09-20 14:42:00,0,0.010241739739644443,False
954,Gradient boosting,"weekly, sliding 4 wk",2008-09-15,605,2008-09-20 14:50:00,0,0.014358895252283206,False
955,Gradient boosting,"weekly, sliding 4 wk",2008-09-15,605,2008-09-20 14:53:00,0,0.02251073491798419,False
956,Gradient boosting,"weekly, sliding 4 wk",2008-09-15,605,2008-09-20 15:02:00,0,0.02438014984327702,False
957,Gradient boosting,"weekly, sliding 4 wk",2008-09-15,605,2008-09-20 15:19:00,0,0.013800466730833781,False
958,Gradient boosting,"weekly, sliding 4 wk",2008-09-15,605,2008-09-20 15:37:00,0,0.0246602480411952,False
959,Gradient boosting,"weekly, sliding 4 wk",2008-09-15,605,2008-09-20 15:46:00,0,0.015439820254993278,False
960,Gradient boosting,"weekly, sliding 4 wk",2008-09-15,605,2008-09-20 16:43:00,0,0.05973952685942698,False
961,Gradient boosting,"weekly, sliding 4 wk",2008-09-15,605,2008-09-20 16:44:00,0,0.015465013944333517,False
962,Gradient boosting,"weekly, sliding 4 wk",2008-09-15,605,2008-09-20 17:26:00,0,0.011721930310393083,False
963,Gradient boosting,"weekly, sliding 4 wk",2008-09-15,605,2008-09-20 17:29:00,0,0.016676553949336412,False
964,Gradient boosting,"weekly, sliding 4 wk",2008-09-15,605,2008-09-20 18:03:00,0,0.02743869820422978,False
965,Gradient boosting,"weekly, sliding 4 wk",2008-09-15,605,2008-09-20 18:21:00,0,0.019419938585458082,False
966,Gradient boosting,"weekly, sliding 4 wk",2008-09-15,605,2008-09-20 18:56:00,0,0.05314063622448063,False
967,Gradient boosting,"weekly, sliding 4 wk",2008-09-15,605,2008-09-20 19:14:00,0,0.012771038674592509,False
968,Gradient boosting,"weekly, sliding 4 wk",2008-09-15,605,2008-09-20 19:21:00,0,0.014840048177962055,False
969,Gradient boosting,"weekly, sliding 4 wk",2008-09-15,605,2008-09-20 23:34:00,0,0.04543614676951819,False
970,Gradient boosting,"weekly, sliding 4 wk",2008-09-15,605,2008-09-21 00:48:00,0,0.024912202295091838,False
971,Gradient boosting,"weekly, sliding 4 wk",2008-09-15,605,2008-09-21 01:06:00,0,0.052885726035013896,False
972,Gradient boosting,"weekly, sliding 4 wk",2008-09-15,605,2008-09-21 02:07:00,0,0.016274924507097763,False
973,Gradient boosting,"weekly, sliding 4 wk",2008-09-15,605,2008-09-21 03:04:00,0,0.042840807183337035,False
974,Gradient boosting,"weekly, sliding 4 wk",2008-09-15,605,2008-09-21 03:47:00,0,0.048141445110474794,False
975,Gradient boosting,"weekly, sliding 4 wk",2008-09-15,605,2008-09-21 04:17:00,0,0.016045123984593707,False
976,Gradient boosting,"weekly, sliding 4 wk",2008-09-15,605,2008-09-21 04:49:00,0,0.009160813221948862,False
977,Gradient boosting,"weekly, sliding 4 wk",2008-09-15,605,2008-09-21 07:30:00,0,0.013826694691489137,False
978,Gradient boosting,"weekly, sliding 4 wk",2008-09-15,605,2008-09-21 07:55:00,0,0.03335638538320098,False
979,Gradient boosting,"weekly, sliding 4 wk",2008-09-15,605,2008-09-21 08:22:00,0,0.024056714991380537,False
980,Gradient boosting,"weekly, sliding 4 wk",2008-09-15,605,2008-09-21 08:49:00,0,0.00889147118199787,False
981,Gradient boosting,"weekly, sliding 4 wk",2008-09-15,605,2008-09-21 09:16:00,0,0.011688330555562496,False
982,Gradient boosting,"weekly, sliding 4 wk",2008-09-15,605,2008-09-21 09:31:00,0,0.010898496916476938,False
983,Gradient boosting,"weekly, sliding 4 wk",2008-09-15,605,2008-09-21 10:07:00,0,0.02932799840131779,False
984,Gradient boosting,"weekly, sliding 4 wk",2008-09-15,605,2008-09-21 10:49:00,0,0.0174372394249053,False
985,Gradient boosting,"weekly, sliding 4 wk",2008-09-15,605,2008-09-21 11:33:00,0,0.01217317247232412,False
986,Gradient boosting,"weekly, sliding 4 wk",2008-09-15,605,2008-09-21 12:04:00,0,0.03657949013066207,False
987,Gradient boosting,"weekly, sliding 4 wk",2008-09-15,605,2008-09-21 14:30:00,0,0.04446007342245892,False
988,Gradient boosting,"weekly, sliding 4 wk",2008-09-15,605,2008-09-21 14:31:00,0,0.023645558915307792,False
989,Gradient boosting,"weekly, sliding 4 wk",2008-09-15,605,2008-09-21 14:33:00,0,0.008792632640929445,False
990,Gradient boosting,"weekly, sliding 4 wk",2008-09-15,605,2008-09-21 15:15:00,0,0.010856805287446872,False
991,Gradient boosting,"weekly, sliding 4 wk",2008-09-15,605,2008-09-21 15:26:00,0,0.04184943019644811,False
992,Gradient boosting,"weekly, sliding 4 wk",2008-09-15,605,2008-09-21 15:34:00,0,0.010130444898838437,False
993,Gradient boosting,"weekly, sliding 4 wk",2008-09-15,605,2008-09-21 16:43:00,0,0.014434262721504595,False
994,Gradient boosting,"weekly, sliding 4 wk",2008-09-15,605,2008-09-21 17:26:00,0,0.026699471523925256,False
995,Gradient boosting,"weekly, sliding 4 wk",2008-09-15,605,2008-09-21 17:30:00,0,0.03643826303652653,False
996,Gradient boosting,"weekly, sliding 4 wk",2008-09-15,605,2008-09-21 18:12:00,0,0.009771723355859407,False
997,Gradient boosting,"weekly, sliding 4 wk",2008-09-15,605,2008-09-21 19:19:00,0,0.019569036371726693,False
998,Gradient boosting,"weekly, sliding 4 wk",2008-09-15,605,2008-09-21 20:35:00,0,0.011383054202432952,False
999,Gradient boosting,"weekly, sliding 4 wk",2008-09-15,605,2008-09-21 21:54:00,0,0.025632747314469236,False
1000,Gradient boosting,"weekly, sliding 4 wk",2008-09-15,605,2008-09-21 22:02:00,0,0.0352689937111016,False
1001,Gradient boosting,"weekly, sliding 4 wk",2008-09-22,551,2008-09-22 00:12:00,0,0.006555343576108102,False
1002,Gradient boosting,"weekly, sliding 4 wk",2008-09-22,551,2008-09-22 00:28:00,0,0.0069416663167092925,False
1003,Gradient boosting,"weekly, sliding 4 wk",2008-09-22,551,2008-09-22 00:47:00,0,0.012358326855422503,False
1004,Gradient boosting,"weekly, sliding 4 wk",2008-09-22,551,2008-09-22 01:43:00,0,0.010366073622154604,False
1005,Gradient boosting,"weekly, sliding 4 wk",2008-09-22,551,2008-09-22 03:51:00,0,0.009632459898103345,False
1006,Gradient boosting,"weekly, sliding 4 wk",2008-09-22,551,2008-09-22 06:05:00,0,0.011739592824474952,False
1007,Gradient boosting,"weekly, sliding 4 wk",2008-09-22,551,2008-09-22 07:12:00,0,0.008039524771662874,False
1008,Gradient boosting,"weekly, sliding 4 wk",2008-09-22,551,2008-09-22 10:43:00,0,0.10138414215118921,True
1009,Gradient boosting,"weekly, sliding 4 wk",2008-09-22,551,2008-09-22 11:50:00,0,0.0071366871335559875,False
1010,Gradient boosting,"weekly, sliding 4 wk",2008-09-22,551,2008-09-22 12:11:00,0,0.009756023809899367,False
1011,Gradient boosting,"weekly, sliding 4 wk",2008-09-22,551,2008-09-22 12:45:00,0,0.006487802896385371,False
1012,Gradient boosting,"weekly, sliding 4 wk",2008-09-22,551,2008-09-22 13:03:00,0,0.008880019849610045,False
1013,Gradient boosting,"weekly, sliding 4 wk",2008-09-22,551,2008-09-22 14:24:00,0,0.010948296387505314,False
1014,Gradient boosting,"weekly, sliding 4 wk",2008-09-22,551,2008-09-22 14:27:00,0,0.007523955530156736,False
1015,Gradient boosting,"weekly, sliding 4 wk",2008-09-22,551,2008-09-22 14:36:00,0,0.0067744131045337445,False
1016,Gradient boosting,"weekly, sliding 4 wk",2008-09-22,551,2008-09-22 16:25:00,0,0.007141630000554755,False
1017,Gradient boosting,"weekly, sliding 4 wk",2008-09-22,551,2008-09-22 21:30:00,0,0.013186144122385859,False
1018,Gradient boosting,"weekly, sliding 4 wk",2008-09-22,551,2008-09-22 21:31:00,0,0.00675253435091366,False
1019,Gradient boosting,"weekly, sliding 4 wk",2008-09-22,551,2008-09-22 22:15:00,0,0.02002111288918044,False
1020,Gradient boosting,"weekly, sliding 4 wk",2008-09-22,551,2008-09-22 22:17:00,0,0.014344343445175434,False
1021,Gradient boosting,"weekly, sliding 4 wk",2008-09-22,551,2008-09-22 23:01:00,0,0.006190857690726214,False
1022,Gradient boosting,"weekly, sliding 4 wk",2008-09-22,551,2008-09-22 23:10:00,0,0.01106637165893659,False
1023,Gradient boosting,"weekly, sliding 4 wk",2008-09-22,551,2008-09-23 00:57:00,0,0.006100678407945747,False
1024,Gradient boosting,"weekly, sliding 4 wk",2008-09-22,551,2008-09-23 06:44:00,0,0.00741970949719288,False
1025,Gradient boosting,"weekly, sliding 4 wk",2008-09-22,551,2008-09-23 06:44:00,0,0.01105472236942651,False
1026,Gradient boosting,"weekly, sliding 4 wk",2008-09-22,551,2008-09-23 06:52:00,0,0.010861093980157431,False
1027,Gradient boosting,"weekly, sliding 4 wk",2008-09-22,551,2008-09-23 07:58:00,0,0.011376488750983777,False
1028,Gradient boosting,"weekly, sliding 4 wk",2008-09-22,551,2008-09-23 08:11:00,0,0.007701595362850207,False
1029,Gradient boosting,"weekly, sliding 4 wk",2008-09-22,551,2008-09-23 09:43:00,0,0.00846091545069365,False
1030,Gradient boosting,"weekly, sliding 4 wk",2008-09-22,551,2008-09-23 11:14:00,1,0.00772953174164528,False
1031,Gradient boosting,"weekly, sliding 4 wk",2008-09-22,551,2008-09-23 11:42:00,0,0.006649318558268722,False
1032,Gradient boosting,"weekly, sliding 4 wk",2008-09-22,551,2008-09-23 11:43:00,0,0.009388894380752471,False
1033,Gradient boosting,"weekly, sliding 4 wk",2008-09-22,551,2008-09-23 12:29:00,0,0.007297395563210131,False
1034,Gradient boosting,"weekly, sliding 4 wk",2008-09-22,551,2008-09-23 12:31:00,0,0.008582902711343461,False
1035,Gradient boosting,"weekly, sliding 4 wk",2008-09-22,551,2008-09-23 12:46:00,0,0.009251493786583156,False
1036,Gradient boosting,"weekly, sliding 4 wk",2008-09-22,551,2008-09-23 13:37:00,0,0.008766447786349302,False
1037,Gradient boosting,"weekly, sliding 4 wk",2008-09-22,551,2008-09-23 15:23:00,0,0.006229804354198602,False
1038,Gradient boosting,"weekly, sliding 4 wk",2008-09-22,551,2008-09-23 15:33:00,0,0.010418818320491898,False
1039,Gradient boosting,"weekly, sliding 4 wk",2008-09-22,551,2008-09-23 15:58:00,0,0.011329863259058319,False
1040,Gradient boosting,"weekly, sliding 4 wk",2008-09-22,551,2008-09-23 18:10:00,0,0.009758727862813184,False
1041,Gradient boosting,"weekly, sliding 4 wk",2008-09-22,551,2008-09-23 18:36:00,0,0.009220557763062643,False
1042,Gradient boosting,"weekly, sliding 4 wk",2008-09-22,551,2008-09-23 18:56:00,0,0.012932420119652056,False
1043,Gradient boosting,"weekly, sliding 4 wk",2008-09-22,551,2008-09-23 20:18:00,0,0.009526961610480594,False
1044,Gradient boosting,"weekly, sliding 4 wk",2008-09-22,551,2008-09-23 20:59:00,0,0.008708410321365323,False
1045,Gradient boosting,"weekly, sliding 4 wk",2008-09-22,551,2008-09-23 21:26:00,0,0.005818651233482885,False
1046,Gradient boosting,"weekly, sliding 4 wk",2008-09-22,551,2008-09-23 22:25:00,0,0.005872872443401994,False
1047,Gradient boosting,"weekly, sliding 4 wk",2008-09-22,551,2008-09-24 02:19:00,0,0.02421950719227666,False
1048,Gradient boosting,"weekly, sliding 4 wk",2008-09-22,551,2008-09-24 02:44:00,0,0.006906864770328837,False
1049,Gradient boosting,"weekly, sliding 4 wk",2008-09-22,551,2008-09-24 03:32:00,0,0.022883603668643997,False
1050,Gradient boosting,"weekly, sliding 4 wk",2008-09-22,551,2008-09-24 03:40:00,0,0.0063878437417396235,False
1051,Gradient boosting,"weekly, sliding 4 wk",2008-09-22,551,2008-09-24 05:13:00,0,0.006868074182335818,False
1052,Gradient boosting,"weekly, sliding 4 wk",2008-09-22,551,2008-09-24 05:22:00,0,0.010444851117608223,False
1053,Gradient boosting,"weekly, sliding 4 wk",2008-09-22,551,2008-09-24 06:13:00,0,0.006313626030602014,False
1054,Gradient boosting,"weekly, sliding 4 wk",2008-09-22,551,2008-09-24 06:14:00,0,0.0082314053785094,False
1055,Gradient boosting,"weekly, sliding 4 wk",2008-09-22,551,2008-09-24 07:23:00,0,0.006401286644211207,False
1056,Gradient boosting,"weekly, sliding 4 wk",2008-09-22,551,2008-09-24 10:10:00,0,0.010435253760016874,False
1057,Gradient boosting,"weekly, sliding 4 wk",2008-09-22,551,2008-09-24 10:53:00,0,0.0064794903361176225,False
1058,Gradient boosting,"weekly, sliding 4 wk",2008-09-22,551,2008-09-24 10:59:00,0,0.007678536322887179,False
1059,Gradient boosting,"weekly, sliding 4 wk",2008-09-22,551,2008-09-24 11:47:00,0,0.015124320972434463,False
1060,Gradient boosting,"weekly, sliding 4 wk",2008-09-22,551,2008-09-24 12:04:00,0,0.006180021226180344,False
1061,Gradient boosting,"weekly, sliding 4 wk",2008-09-22,551,2008-09-24 12:35:00,0,0.011651299484564366,False
1062,Gradient boosting,"weekly, sliding 4 wk",2008-09-22,551,2008-09-24 13:01:00,0,0.007046478999625355,False
1063,Gradient boosting,"weekly, sliding 4 wk",2008-09-22,551,2008-09-24 15:05:00,1,0.011470576034904057,False
1064,Gradient boosting,"weekly, sliding 4 wk",2008-09-22,551,2008-09-24 15:39:00,0,0.0390348803972228,False
1065,Gradient boosting,"weekly, sliding 4 wk",2008-09-22,551,2008-09-24 15:42:00,0,0.00949561294500783,False
1066,Gradient boosting,"weekly, sliding 4 wk",2008-09-22,551,2008-09-24 15:43:00,0,0.008656036042180269,False
1067,Gradient boosting,"weekly, sliding 4 wk",2008-09-22,551,2008-09-24 16:26:00,0,0.011819475754686141,False
1068,Gradient boosting,"weekly, sliding 4 wk",2008-09-22,551,2008-09-24 17:54:00,0,0.01862580892559053,False
1069,Gradient boosting,"weekly, sliding 4 wk",2008-09-22,551,2008-09-24 18:05:00,0,0.014614391290941973,False
1070,Gradient boosting,"weekly, sliding 4 wk",2008-09-22,551,2008-09-25 01:05:00,0,0.007925710338507018,False
1071,Gradient boosting,"weekly, sliding 4 wk",2008-09-22,551,2008-09-25 02:03:00,0,0.013741769720399269,False
1072,Gradient boosting,"weekly, sliding 4 wk",2008-09-22,551,2008-09-25 06:21:00,0,0.007650471665441061,False
1073,Gradient boosting,"weekly, sliding 4 wk",2008-09-22,551,2008-09-25 07:12:00,0,0.007526726455198138,False
1074,Gradient boosting,"weekly, sliding 4 wk",2008-09-22,551,2008-09-25 07:58:00,0,0.013079926429706831,False
1075,Gradient boosting,"weekly, sliding 4 wk",2008-09-22,551,2008-09-25 08:45:00,0,0.009078962432586086,False
1076,Gradient boosting,"weekly, sliding 4 wk",2008-09-22,551,2008-09-25 09:31:00,0,0.007181342326358036,False
1077,Gradient boosting,"weekly, sliding 4 wk",2008-09-22,551,2008-09-25 10:23:00,0,0.010420501127085516,False
1078,Gradient boosting,"weekly, sliding 4 wk",2008-09-22,551,2008-09-25 11:08:00,0,0.010814700387537797,False
1079,Gradient boosting,"weekly, sliding 4 wk",2008-09-22,551,2008-09-25 11:09:00,0,0.006691196704558001,False
1080,Gradient boosting,"weekly, sliding 4 wk",2008-09-22,551,2008-09-25 11:55:00,0,0.031188792209651,False
1081,Gradient boosting,"weekly, sliding 4 wk",2008-09-22,551,2008-09-25 13:42:00,0,0.006446486435553905,False
1082,Gradient boosting,"weekly, sliding 4 wk",2008-09-22,551,2008-09-25 14:08:00,0,0.00835126879188786,False
1083,Gradient boosting,"weekly, sliding 4 wk",2008-09-22,551,2008-09-25 14:28:00,0,0.010374199012426514,False
1084,Gradient boosting,"weekly, sliding 4 wk",2008-09-22,551,2008-09-25 15:12:00,0,0.005975809571954046,False
1085,Gradient boosting,"weekly, sliding 4 wk",2008-09-22,551,2008-09-25 15:40:00,0,0.010402717878210035,False
1086,Gradient boosting,"weekly, sliding 4 wk",2008-09-22,551,2008-09-25 15:55:00,0,0.006692610751603941,False
1087,Gradient boosting,"weekly, sliding 4 wk",2008-09-22,551,2008-09-25 16:44:00,0,0.0067765952896681105,False
1088,Gradient boosting,"weekly, sliding 4 wk",2008-09-22,551,2008-09-25 17:28:00,0,0.008953359882660107,False
1089,Gradient boosting,"weekly, sliding 4 wk",2008-09-22,551,2008-09-25 17:29:00,0,0.007061237391203582,False
1090,Gradient boosting,"weekly, sliding 4 wk",2008-09-22,551,2008-09-25 19:49:00,0,0.010950554894439867,False
1091,Gradient boosting,"weekly, sliding 4 wk",2008-09-22,551,2008-09-25 22:05:00,0,0.00705723886035791,False
1092,Gradient boosting,"weekly, sliding 4 wk",2008-09-22,551,2008-09-25 23:04:00,0,0.006756960335053345,False
1093,Gradient boosting,"weekly, sliding 4 wk",2008-09-22,551,2008-09-25 23:48:00,0,0.01579668616208019,False
1094,Gradient boosting,"weekly, sliding 4 wk",2008-09-22,551,2008-09-26 00:19:00,0,0.00684542256344105,False
1095,Gradient boosting,"weekly, sliding 4 wk",2008-09-22,551,2008-09-26 01:21:00,0,0.13627344522272558,True
1096,Gradient boosting,"weekly, sliding 4 wk",2008-09-22,551,2008-09-26 02:26:00,0,0.006601429399228223,False
1097,Gradient boosting,"weekly, sliding 4 wk",2008-09-22,551,2008-09-26 03:12:00,0,0.006819066190734084,False
1098,Gradient boosting,"weekly, sliding 4 wk",2008-09-22,551,2008-09-26 03:29:00,0,0.052956103631564624,False
1099,Gradient boosting,"weekly, sliding 4 wk",2008-09-22,551,2008-09-26 04:14:00,0,0.006454388851747569,False
1100,Gradient boosting,"weekly, sliding 4 wk",2008-09-22,551,2008-09-26 05:32:00,0,0.005831818768771855,False
1101,Gradient boosting,"weekly, sliding 4 wk",2008-09-22,551,2008-09-26 11:08:00,0,0.005902582139807388,False
1102,Gradient boosting,"weekly, sliding 4 wk",2008-09-22,551,2008-09-26 13:36:00,0,0.008011552115311387,False
1103,Gradient boosting,"weekly, sliding 4 wk",2008-09-22,551,2008-09-26 13:45:00,0,0.008307734663423756,False
1104,Gradient boosting,"weekly, sliding 4 wk",2008-09-22,551,2008-09-26 14:20:00,0,0.010230531692789965,False
1105,Gradient boosting,"weekly, sliding 4 wk",2008-09-22,551,2008-09-26 14:51:00,0,0.008402769910598705,False
1106,Gradient boosting,"weekly, sliding 4 wk",2008-09-22,551,2008-09-26 15:06:00,0,0.04621618886612327,False
1107,Gradient boosting,"weekly, sliding 4 wk",2008-09-22,551,2008-09-26 15:36:00,0,0.006619813717061917,False
1108,Gradient boosting,"weekly, sliding 4 wk",2008-09-22,551,2008-09-26 15:49:00,0,0.006307354058742042,False
1109,Gradient boosting,"weekly, sliding 4 wk",2008-09-22,551,2008-09-26 16:31:00,0,0.007589325295940951,False
1110,Gradient boosting,"weekly, sliding 4 wk",2008-09-22,551,2008-09-26 17:59:00,0,0.00973272652620161,False
1111,Gradient boosting,"weekly, sliding 4 wk",2008-09-22,551,2008-09-26 18:54:00,0,0.007639759637515694,False
1112,Gradient boosting,"weekly, sliding 4 wk",2008-09-22,551,2008-09-26 19:38:00,0,0.014141301573970338,False
1113,Gradient boosting,"weekly, sliding 4 wk",2008-09-22,551,2008-09-26 19:45:00,0,0.005818651233482885,False
1114,Gradient boosting,"weekly, sliding 4 wk",2008-09-22,551,2008-09-26 19:55:00,0,0.007021320630234548,False
1115,Gradient boosting,"weekly, sliding 4 wk",2008-09-22,551,2008-09-26 20:23:00,0,0.006152394735456085,False
1116,Gradient boosting,"weekly, sliding 4 wk",2008-09-22,551,2008-09-26 20:31:00,0,0.0070801990112456525,False
1117,Gradient boosting,"weekly, sliding 4 wk",2008-09-22,551,2008-09-27 00:16:00,0,0.008592876884794416,False
1118,Gradient boosting,"weekly, sliding 4 wk",2008-09-22,551,2008-09-27 00:17:00,0,0.015897093593947746,False
1119,Gradient boosting,"weekly, sliding 4 wk",2008-09-22,551,2008-09-27 01:29:00,0,0.012647372700019243,False
1120,Gradient boosting,"weekly, sliding 4 wk",2008-09-22,551,2008-09-27 03:53:00,0,0.006044338692048463,False
1121,Gradient boosting,"weekly, sliding 4 wk",2008-09-22,551,2008-09-27 10:10:00,0,0.007193292630691095,False
1122,Gradient boosting,"weekly, sliding 4 wk",2008-09-22,551,2008-09-27 10:13:00,0,0.12309267941070269,True
1123,Gradient boosting,"weekly, sliding 4 wk",2008-09-22,551,2008-09-27 11:04:00,0,0.006661953490358529,False
1124,Gradient boosting,"weekly, sliding 4 wk",2008-09-22,551,2008-09-27 11:45:00,0,0.009493735024324055,False
1125,Gradient boosting,"weekly, sliding 4 wk",2008-09-22,551,2008-09-27 11:54:00,0,0.011331056251577137,False
1126,Gradient boosting,"weekly, sliding 4 wk",2008-09-22,551,2008-09-27 12:26:00,0,0.007327295649057005,False
1127,Gradient boosting,"weekly, sliding 4 wk",2008-09-22,551,2008-09-27 12:28:00,0,0.006599613913612955,False
1128,Gradient boosting,"weekly, sliding 4 wk",2008-09-22,551,2008-09-27 12:36:00,0,0.007590477588160168,False
1129,Gradient boosting,"weekly, sliding 4 wk",2008-09-22,551,2008-09-27 13:14:00,0,0.005448428163397055,False
1130,Gradient boosting,"weekly, sliding 4 wk",2008-09-22,551,2008-09-27 13:19:00,0,0.006015068573862757,False
1131,Gradient boosting,"weekly, sliding 4 wk",2008-09-22,551,2008-09-27 14:01:00,0,0.00686356209909296,False
1132,Gradient boosting,"weekly, sliding 4 wk",2008-09-22,551,2008-09-27 14:05:00,0,0.008538102669713818,False
1133,Gradient boosting,"weekly, sliding 4 wk",2008-09-22,551,2008-09-27 14:46:00,0,0.006690685145314484,False
1134,Gradient boosting,"weekly, sliding 4 wk",2008-09-22,551,2008-09-27 15:09:00,0,0.020284234091393242,False
1135,Gradient boosting,"weekly, sliding 4 wk",2008-09-22,551,2008-09-27 15:30:00,0,0.01626609043520814,False
1136,Gradient boosting,"weekly, sliding 4 wk",2008-09-22,551,2008-09-27 16:13:00,0,0.006887766054039579,False
1137,Gradient boosting,"weekly, sliding 4 wk",2008-09-22,551,2008-09-27 17:26:00,0,0.00868125766081534,False
1138,Gradient boosting,"weekly, sliding 4 wk",2008-09-22,551,2008-09-27 18:14:00,0,0.010565699456415525,False
1139,Gradient boosting,"weekly, sliding 4 wk",2008-09-22,551,2008-09-27 19:16:00,0,0.006869573182912362,False
1140,Gradient boosting,"weekly, sliding 4 wk",2008-09-22,551,2008-09-27 20:46:00,0,0.01646086843112384,False
1141,Gradient boosting,"weekly, sliding 4 wk",2008-09-22,551,2008-09-27 21:45:00,0,0.006586575428537478,False
1142,Gradient boosting,"weekly, sliding 4 wk",2008-09-22,551,2008-09-28 00:51:00,0,0.012903331473391962,False
1143,Gradient boosting,"weekly, sliding 4 wk",2008-09-22,551,2008-09-28 01:22:00,0,0.0073327786940134134,False
1144,Gradient boosting,"weekly, sliding 4 wk",2008-09-22,551,2008-09-28 03:55:00,0,0.00868074178016328,False
1145,Gradient boosting,"weekly, sliding 4 wk",2008-09-22,551,2008-09-28 04:45:00,1,0.008293717876412499,False
1146,Gradient boosting,"weekly, sliding 4 wk",2008-09-22,551,2008-09-28 05:31:00,0,0.00798724012824067,False
1147,Gradient boosting,"weekly, sliding 4 wk",2008-09-22,551,2008-09-28 06:22:00,0,0.009106779729806887,False
1148,Gradient boosting,"weekly, sliding 4 wk",2008-09-22,551,2008-09-28 07:38:00,0,0.011035861453260265,False
1149,Gradient boosting,"weekly, sliding 4 wk",2008-09-22,551,2008-09-28 07:52:00,0,0.006472476154712285,False
1150,Gradient boosting,"weekly, sliding 4 wk",2008-09-22,551,2008-09-28 08:40:00,0,0.0064378596535281055,False
1151,Gradient boosting,"weekly, sliding 4 wk",2008-09-22,551,2008-09-28 08:41:00,0,0.007755658740828783,False
1152,Gradient boosting,"weekly, sliding 4 wk",2008-09-22,551,2008-09-28 09:50:00,1,0.006827580467083833,False
1153,Gradient boosting,"weekly, sliding 4 wk",2008-09-22,551,2008-09-28 17:05:00,0,0.009394328893119403,False
1154,Gradient boosting,"weekly, sliding 4 wk",2008-09-22,551,2008-09-28 17:06:00,0,0.008964773925798,False
1155,Gradient boosting,"weekly, sliding 4 wk",2008-09-22,551,2008-09-28 17:49:00,0,0.054175559848411256,False
1156,Gradient boosting,"weekly, sliding 4 wk",2008-09-22,551,2008-09-28 17:55:00,0,0.00888223999645173,False
1157,Gradient boosting,"weekly, sliding 4 wk",2008-09-22,551,2008-09-28 18:34:00,0,0.020280027945164977,False
1158,Gradient boosting,"weekly, sliding 4 wk",2008-09-22,551,2008-09-28 18:43:00,0,0.0062975647271906925,False
1159,Gradient boosting,"weekly, sliding 4 wk",2008-09-22,551,2008-09-28 19:18:00,0,0.006677237140723005,False
1160,Gradient boosting,"weekly, sliding 4 wk",2008-09-22,551,2008-09-28 19:29:00,0,0.008024096822259552,False
1161,Gradient boosting,"weekly, sliding 4 wk",2008-09-22,551,2008-09-28 20:02:00,0,0.00838707984039523,False
1162,Gradient boosting,"weekly, sliding 4 wk",2008-09-22,551,2008-09-28 20:42:00,0,0.006831362328440059,False
1163,Gradient boosting,"weekly, sliding 4 wk",2008-09-22,551,2008-09-28 21:08:00,0,0.015634937364567284,False
1164,Gradient boosting,"weekly, sliding 4 wk",2008-09-22,551,2008-09-28 21:27:00,0,0.012896658185820494,False
1165,Gradient boosting,"weekly, sliding 4 wk",2008-09-22,551,2008-09-28 22:44:00,0,0.008996797373595237,False
1166,Gradient boosting,"weekly, sliding 4 wk",2008-09-22,551,2008-09-28 23:54:00,0,0.011143100935388653,False
1167,Gradient boosting,"weekly, sliding 4 wk",2008-09-29,548,2008-09-29 02:06:00,0,0.011709852101517895,False
1168,Gradient boosting,"weekly, sliding 4 wk",2008-09-29,548,2008-09-29 03:07:00,0,0.007857680911740097,False
1169,Gradient boosting,"weekly, sliding 4 wk",2008-09-29,548,2008-09-29 03:50:00,0,0.005895258131448602,False
1170,Gradient boosting,"weekly, sliding 4 wk",2008-09-29,548,2008-09-29 04:18:00,0,0.010182678694479134,False
1171,Gradient boosting,"weekly, sliding 4 wk",2008-09-29,548,2008-09-29 04:47:00,0,0.011704462128365256,False
1172,Gradient boosting,"weekly, sliding 4 wk",2008-09-29,548,2008-09-29 05:32:00,0,0.02776714150221739,False
1173,Gradient boosting,"weekly, sliding 4 wk",2008-09-29,548,2008-09-29 07:53:00,0,0.012435523486936807,False
1174,Gradient boosting,"weekly, sliding 4 wk",2008-09-29,548,2008-09-29 09:15:00,0,0.01223062367697201,False
1175,Gradient boosting,"weekly, sliding 4 wk",2008-09-29,548,2008-09-29 11:13:00,0,0.08986603803019481,True
1176,Gradient boosting,"weekly, sliding 4 wk",2008-09-29,548,2008-09-29 11:53:00,0,0.027076693675227383,False
1177,Gradient boosting,"weekly, sliding 4 wk",2008-09-29,548,2008-09-29 12:25:00,0,0.02858380648827527,False
1178,Gradient boosting,"weekly, sliding 4 wk",2008-09-29,548,2008-09-29 14:03:00,0,0.014667081414813802,False
1179,Gradient boosting,"weekly, sliding 4 wk",2008-09-29,548,2008-09-29 14:04:00,0,0.02833599087578563,False
1180,Gradient boosting,"weekly, sliding 4 wk",2008-09-29,548,2008-09-29 14:08:00,0,0.02052228857935658,False
1181,Gradient boosting,"weekly, sliding 4 wk",2008-09-29,548,2008-09-29 15:09:00,0,0.006535701134251635,False
1182,Gradient boosting,"weekly, sliding 4 wk",2008-09-29,548,2008-09-29 15:16:00,0,0.00831228731733641,False
1183,Gradient boosting,"weekly, sliding 4 wk",2008-09-29,548,2008-09-29 16:27:00,0,0.011939120836211422,False
1184,Gradient boosting,"weekly, sliding 4 wk",2008-09-29,548,2008-09-29 17:21:00,0,0.012918771132708673,False
1185,Gradient boosting,"weekly, sliding 4 wk",2008-09-29,548,2008-09-29 21:26:00,0,0.009995097385984772,False
1186,Gradient boosting,"weekly, sliding 4 wk",2008-09-29,548,2008-09-29 21:48:00,1,0.006632180841681589,False
1187,Gradient boosting,"weekly, sliding 4 wk",2008-09-29,548,2008-09-29 22:13:00,0,0.009106835910476237,False
1188,Gradient boosting,"weekly, sliding 4 wk",2008-09-29,548,2008-09-30 01:33:00,0,0.009938258221880318,False
1189,Gradient boosting,"weekly, sliding 4 wk",2008-09-29,548,2008-09-30 01:36:00,0,0.02308497289914581,False
1190,Gradient boosting,"weekly, sliding 4 wk",2008-09-29,548,2008-09-30 02:44:00,1,0.007179542583485519,False
1191,Gradient boosting,"weekly, sliding 4 wk",2008-09-29,548,2008-09-30 04:01:00,0,0.01675133337353786,False
1192,Gradient boosting,"weekly, sliding 4 wk",2008-09-29,548,2008-09-30 04:42:00,0,0.06981430297983311,True
1193,Gradient boosting,"weekly, sliding 4 wk",2008-09-29,548,2008-09-30 08:44:00,0,0.007380495861398363,False
1194,Gradient boosting,"weekly, sliding 4 wk",2008-09-29,548,2008-09-30 12:31:00,0,0.009013620909830423,False
1195,Gradient boosting,"weekly, sliding 4 wk",2008-09-29,548,2008-09-30 13:29:00,0,0.005708665375502749,False
1196,Gradient boosting,"weekly, sliding 4 wk",2008-09-29,548,2008-09-30 14:20:00,0,0.006116236930057232,False
1197,Gradient boosting,"weekly, sliding 4 wk",2008-09-29,548,2008-09-30 14:36:00,0,0.010452823294590657,False
1198,Gradient boosting,"weekly, sliding 4 wk",2008-09-29,548,2008-09-30 15:16:00,0,0.0063399742406333535,False
1199,Gradient boosting,"weekly, sliding 4 wk",2008-09-29,548,2008-09-30 15:26:00,0,0.01093896925201299,False
1200,Gradient boosting,"weekly, sliding 4 wk",2008-09-29,548,2008-09-30 16:13:00,0,0.009975439585787975,False
1201,Gradient boosting,"weekly, sliding 4 wk",2008-09-29,548,2008-09-30 16:50:00,0,0.0076600604027130415,False
1202,Gradient boosting,"weekly, sliding 4 wk",2008-09-29,548,2008-09-30 17:27:00,0,0.01078562212143728,False
1203,Gradient boosting,"weekly, sliding 4 wk",2008-09-29,548,2008-09-30 19:17:00,0,0.009489421808200432,False
1204,Gradient boosting,"weekly, sliding 4 wk",2008-09-29,548,2008-09-30 19:17:00,0,0.007001597981752798,False
1205,Gradient boosting,"weekly, sliding 4 wk",2008-09-29,548,2008-09-30 21:39:00,0,0.01561296608695684,False
1206,Gradient boosting,"weekly, sliding 4 wk",2008-09-29,548,2008-09-30 21:42:00,0,0.01335668932784525,False
1207,Gradient boosting,"weekly, sliding 4 wk",2008-09-29,548,2008-09-30 23:34:00,0,0.007753834278919231,False
1208,Gradient boosting,"weekly, sliding 4 wk",2008-09-29,548,2008-09-30 23:58:00,0,0.01705946525548721,False
1209,Gradient boosting,"weekly, sliding 4 wk",2008-09-29,548,2008-10-01 00:20:00,0,0.006603840269350641,False
1210,Gradient boosting,"weekly, sliding 4 wk",2008-09-29,548,2008-10-01 01:11:00,0,0.007996893316373254,False
1211,Gradient boosting,"weekly, sliding 4 wk",2008-09-29,548,2008-10-01 02:53:00,0,0.008221301954446456,False
1212,Gradient boosting,"weekly, sliding 4 wk",2008-09-29,548,2008-10-01 05:56:00,1,0.015215376635895662,False
1213,Gradient boosting,"weekly, sliding 4 wk",2008-09-29,548,2008-10-01 07:19:00,0,0.009545742658264732,False
1214,Gradient boosting,"weekly, sliding 4 wk",2008-09-29,548,2008-10-01 07:28:00,0,0.005581300784664537,False
1215,Gradient boosting,"weekly, sliding 4 wk",2008-09-29,548,2008-10-01 08:15:00,0,0.007815825525508295,False
1216,Gradient boosting,"weekly, sliding 4 wk",2008-09-29,548,2008-10-01 09:15:00,0,0.011009241235468578,False
1217,Gradient boosting,"weekly, sliding 4 wk",2008-09-29,548,2008-10-01 09:16:00,0,0.006287078689907171,False
1218,Gradient boosting,"weekly, sliding 4 wk",2008-09-29,548,2008-10-01 14:22:00,0,0.018857843283634483,False
1219,Gradient boosting,"weekly, sliding 4 wk",2008-09-29,548,2008-10-01 15:16:00,0,0.006991621855829992,False
1220,Gradient boosting,"weekly, sliding 4 wk",2008-09-29,548,2008-10-01 16:43:00,0,0.00838996125044679,False
1221,Gradient boosting,"weekly, sliding 4 wk",2008-09-29,548,2008-10-01 19:57:00,0,0.010736406678154075,False
1222,Gradient boosting,"weekly, sliding 4 wk",2008-09-29,548,2008-10-01 21:15:00,0,0.011700153285987112,False
1223,Gradient boosting,"weekly, sliding 4 wk",2008-09-29,548,2008-10-01 21:50:00,0,0.007609886327600032,False
1224,Gradient boosting,"weekly, sliding 4 wk",2008-09-29,548,2008-10-01 22:47:00,0,0.014632264856510922,False
1225,Gradient boosting,"weekly, sliding 4 wk",2008-09-29,548,2008-10-01 23:34:00,0,0.010748212044762798,False
1226,Gradient boosting,"weekly, sliding 4 wk",2008-09-29,548,2008-10-02 00:21:00,0,0.0075919159206809805,False
1227,Gradient boosting,"weekly, sliding 4 wk",2008-09-29,548,2008-10-02 00:22:00,0,0.0077425102143907085,False
1228,Gradient boosting,"weekly, sliding 4 wk",2008-09-29,548,2008-10-02 03:17:00,1,0.01300800819546839,False
1229,Gradient boosting,"weekly, sliding 4 wk",2008-09-29,548,2008-10-02 03:27:00,0,0.015975310785106243,False
1230,Gradient boosting,"weekly, sliding 4 wk",2008-09-29,548,2008-10-02 04:11:00,0,0.006092171500903693,False
1231,Gradient boosting,"weekly, sliding 4 wk",2008-09-29,548,2008-10-02 04:23:00,0,0.02733948079846755,False
1232,Gradient boosting,"weekly, sliding 4 wk",2008-09-29,548,2008-10-02 04:24:00,0,0.007573699855480344,False
1233,Gradient boosting,"weekly, sliding 4 wk",2008-09-29,548,2008-10-02 06:49:00,0,0.01739643179930087,False
1234,Gradient boosting,"weekly, sliding 4 wk",2008-09-29,548,2008-10-02 07:35:00,0,0.008310055096638229,False
1235,Gradient boosting,"weekly, sliding 4 wk",2008-09-29,548,2008-10-02 07:58:00,0,0.057605583394075316,True
1236,Gradient boosting,"weekly, sliding 4 wk",2008-09-29,548,2008-10-02 08:24:00,0,0.009206120125806933,False
1237,Gradient boosting,"weekly, sliding 4 wk",2008-09-29,548,2008-10-02 08:52:00,0,0.008471105611883526,False
1238,Gradient boosting,"weekly, sliding 4 wk",2008-09-29,548,2008-10-02 08:57:00,0,0.009783810972742082,False
1239,Gradient boosting,"weekly, sliding 4 wk",2008-09-29,548,2008-10-02 09:10:00,1,0.006622167851899487,False
1240,Gradient boosting,"weekly, sliding 4 wk",2008-09-29,548,2008-10-02 09:42:00,0,0.009949994027460577,False
1241,Gradient boosting,"weekly, sliding 4 wk",2008-09-29,548,2008-10-02 10:03:00,0,0.01936420873501418,False
1242,Gradient boosting,"weekly, sliding 4 wk",2008-09-29,548,2008-10-02 14:07:00,1,0.01639305494081339,False
1243,Gradient boosting,"weekly, sliding 4 wk",2008-09-29,548,2008-10-02 14:10:00,1,0.008973895931715952,False
1244,Gradient boosting,"weekly, sliding 4 wk",2008-09-29,548,2008-10-02 14:54:00,0,0.008388732599511362,False
1245,Gradient boosting,"weekly, sliding 4 wk",2008-09-29,548,2008-10-02 15:10:00,0,0.07295413324854699,True
1246,Gradient boosting,"weekly, sliding 4 wk",2008-09-29,548,2008-10-02 15:44:00,0,0.019164929110247142,False
1247,Gradient boosting,"weekly, sliding 4 wk",2008-09-29,548,2008-10-02 15:58:00,0,0.011310631670505911,False
1248,Gradient boosting,"weekly, sliding 4 wk",2008-09-29,548,2008-10-02 16:32:00,0,0.009732547451335324,False
1249,Gradient boosting,"weekly, sliding 4 wk",2008-09-29,548,2008-10-02 16:58:00,0,0.014071378330606241,False
1250,Gradient boosting,"weekly, sliding 4 wk",2008-09-29,548,2008-10-02 17:00:00,0,0.013865901990084873,False
1251,Gradient boosting,"weekly, sliding 4 wk",2008-09-29,548,2008-10-02 17:19:00,0,0.02123053885329314,False
1252,Gradient boosting,"weekly, sliding 4 wk",2008-09-29,548,2008-10-02 19:21:00,0,0.012728906311644026,False
1253,Gradient boosting,"weekly, sliding 4 wk",2008-09-29,548,2008-10-02 19:25:00,0,0.015060200064248477,False
1254,Gradient boosting,"weekly, sliding 4 wk",2008-09-29,548,2008-10-02 20:54:00,0,0.016957882241948233,False
1255,Gradient boosting,"weekly, sliding 4 wk",2008-09-29,548,2008-10-02 21:32:00,1,0.029283823445481676,False
1256,Gradient boosting,"weekly, sliding 4 wk",2008-09-29,548,2008-10-02 21:33:00,0,0.01501586244662842,False
1257,Gradient boosting,"weekly, sliding 4 wk",2008-09-29,548,2008-10-02 22:23:00,0,0.011166415557862555,False
1258,Gradient boosting,"weekly, sliding 4 wk",2008-09-29,548,2008-10-02 22:33:00,0,0.023046220148142872,False
1259,Gradient boosting,"weekly, sliding 4 wk",2008-09-29,548,2008-10-02 23:32:00,0,0.009852450784358608,False
1260,Gradient boosting,"weekly, sliding 4 wk",2008-09-29,548,2008-10-02 23:32:00,0,0.02885711489074568,False
1261,Gradient boosting,"weekly, sliding 4 wk",2008-09-29,548,2008-10-03 00:24:00,0,0.012818636025418875,False
1262,Gradient boosting,"weekly, sliding 4 wk",2008-09-29,548,2008-10-03 00:55:00,0,0.05452759729743476,True
1263,Gradient boosting,"weekly, sliding 4 wk",2008-09-29,548,2008-10-03 02:41:00,0,0.008696401322447797,False
1264,Gradient boosting,"weekly, sliding 4 wk",2008-09-29,548,2008-10-03 03:52:00,0,0.00987020183815067,False
1265,Gradient boosting,"weekly, sliding 4 wk",2008-09-29,548,2008-10-03 03:56:00,0,0.012823291693948169,False
1266,Gradient boosting,"weekly, sliding 4 wk",2008-09-29,548,2008-10-03 04:49:00,0,0.006138919402771496,False
1267,Gradient boosting,"weekly, sliding 4 wk",2008-09-29,548,2008-10-03 05:01:00,0,0.007754437136149753,False
1268,Gradient boosting,"weekly, sliding 4 wk",2008-09-29,548,2008-10-03 05:45:00,0,0.01547049530048578,False
1269,Gradient boosting,"weekly, sliding 4 wk",2008-09-29,548,2008-10-03 06:15:00,0,0.008894522543625326,False
1270,Gradient boosting,"weekly, sliding 4 wk",2008-09-29,548,2008-10-03 08:35:00,0,0.007310956865253882,False
1271,Gradient boosting,"weekly, sliding 4 wk",2008-09-29,548,2008-10-03 09:30:00,0,0.008396499014884314,False
1272,Gradient boosting,"weekly, sliding 4 wk",2008-09-29,548,2008-10-03 11:40:00,0,0.03670601418024279,False
1273,Gradient boosting,"weekly, sliding 4 wk",2008-09-29,548,2008-10-03 12:31:00,0,0.024590377828931767,False
1274,Gradient boosting,"weekly, sliding 4 wk",2008-09-29,548,2008-10-03 18:45:00,0,0.009402534153504536,False
1275,Gradient boosting,"weekly, sliding 4 wk",2008-09-29,548,2008-10-03 19:23:00,0,0.007835014890620596,False
1276,Gradient boosting,"weekly, sliding 4 wk",2008-09-29,548,2008-10-03 19:23:00,0,0.00807162748713941,False
1277,Gradient boosting,"weekly, sliding 4 wk",2008-09-29,548,2008-10-03 20:11:00,0,0.00847560964927141,False
1278,Gradient boosting,"weekly, sliding 4 wk",2008-09-29,548,2008-10-03 20:26:00,0,0.00748530897859766,False
1279,Gradient boosting,"weekly, sliding 4 wk",2008-09-29,548,2008-10-03 20:35:00,0,0.007009782174881697,False
1280,Gradient boosting,"weekly, sliding 4 wk",2008-09-29,548,2008-10-03 20:46:00,0,0.007739917393619455,False
1281,Gradient boosting,"weekly, sliding 4 wk",2008-09-29,548,2008-10-03 21:15:00,0,0.010063176879228362,False
1282,Gradient boosting,"weekly, sliding 4 wk",2008-09-29,548,2008-10-03 21:52:00,0,0.007061581935800294,False
1283,Gradient boosting,"weekly, sliding 4 wk",2008-09-29,548,2008-10-03 22:08:00,0,0.010062148298294403,False
1284,Gradient boosting,"weekly, sliding 4 wk",2008-09-29,548,2008-10-03 22:53:00,0,0.009687129829407776,False
1285,Gradient boosting,"weekly, sliding 4 wk",2008-09-29,548,2008-10-03 23:46:00,0,0.006207724141876011,False
1286,Gradient boosting,"weekly, sliding 4 wk",2008-09-29,548,2008-10-04 00:58:00,0,0.03300529730313182,False
1287,Gradient boosting,"weekly, sliding 4 wk",2008-09-29,548,2008-10-04 01:49:00,0,0.009446962432620252,False
1288,Gradient boosting,"weekly, sliding 4 wk",2008-09-29,548,2008-10-04 02:36:00,0,0.00923585257410884,False
1289,Gradient boosting,"weekly, sliding 4 wk",2008-09-29,548,2008-10-04 03:53:00,0,0.008640641254785978,False
1290,Gradient boosting,"weekly, sliding 4 wk",2008-09-29,548,2008-10-04 04:12:00,0,0.010105526048007026,False
1291,Gradient boosting,"weekly, sliding 4 wk",2008-09-29,548,2008-10-04 04:45:00,0,0.00851940311889162,False
1292,Gradient boosting,"weekly, sliding 4 wk",2008-09-29,548,2008-10-04 09:29:00,0,0.011149377177852205,False
1293,Gradient boosting,"weekly, sliding 4 wk",2008-09-29,548,2008-10-04 15:16:00,0,0.024523755060544713,False
1294,Gradient boosting,"weekly, sliding 4 wk",2008-09-29,548,2008-10-04 16:58:00,0,0.008191048066081412,False
1295,Gradient boosting,"weekly, sliding 4 wk",2008-09-29,548,2008-10-04 18:15:00,0,0.012333663671271297,False
1296,Gradient boosting,"weekly, sliding 4 wk",2008-09-29,548,2008-10-04 18:25:00,0,0.00915135640321666,False
1297,Gradient boosting,"weekly, sliding 4 wk",2008-09-29,548,2008-10-04 18:59:00,0,0.010655533051462648,False
1298,Gradient boosting,"weekly, sliding 4 wk",2008-09-29,548,2008-10-04 19:12:00,0,0.006884117578763954,False
1299,Gradient boosting,"weekly, sliding 4 wk",2008-09-29,548,2008-10-04 19:47:00,0,0.007163293382693561,False
1300,Gradient boosting,"weekly, sliding 4 wk",2008-09-29,548,2008-10-04 19:54:00,0,0.009806722800058315,False
1301,Gradient boosting,"weekly, sliding 4 wk",2008-09-29,548,2008-10-04 20:39:00,0,0.010787488921973017,False
1302,Gradient boosting,"weekly, sliding 4 wk",2008-09-29,548,2008-10-04 22:06:00,0,0.0060395624664637045,False
1303,Gradient boosting,"weekly, sliding 4 wk",2008-09-29,548,2008-10-04 23:18:00,1,0.012672326693350056,False
1304,Gradient boosting,"weekly, sliding 4 wk",2008-09-29,548,2008-10-05 00:33:00,1,0.008775676484582981,False
1305,Gradient boosting,"weekly, sliding 4 wk",2008-09-29,548,2008-10-05 00:33:00,0,0.029897251640821552,False
1306,Gradient boosting,"weekly, sliding 4 wk",2008-09-29,548,2008-10-05 01:35:00,0,0.018164188182844723,False
1307,Gradient boosting,"weekly, sliding 4 wk",2008-09-29,548,2008-10-05 04:01:00,0,0.005681240972827167,False
1308,Gradient boosting,"weekly, sliding 4 wk",2008-09-29,548,2008-10-05 04:20:00,0,0.01130449548287055,False
1309,Gradient boosting,"weekly, sliding 4 wk",2008-09-29,548,2008-10-05 04:48:00,0,0.008162633488167226,False
1310,Gradient boosting,"weekly, sliding 4 wk",2008-09-29,548,2008-10-05 05:31:00,0,0.009187061142084427,False
1311,Gradient boosting,"weekly, sliding 4 wk",2008-09-29,548,2008-10-05 05:53:00,0,0.015139400268924455,False
1312,Gradient boosting,"weekly, sliding 4 wk",2008-09-29,548,2008-10-05 06:15:00,0,0.01372274525353803,False
1313,Gradient boosting,"weekly, sliding 4 wk",2008-09-29,548,2008-10-05 08:02:00,0,0.00822459768543501,False
1314,Gradient boosting,"weekly, sliding 4 wk",2008-09-29,548,2008-10-05 08:40:00,0,0.007967248530283084,False
1315,Gradient boosting,"weekly, sliding 4 wk",2008-09-29,548,2008-10-05 09:04:00,0,0.006887907154960751,False
1316,Gradient boosting,"weekly, sliding 4 wk",2008-09-29,548,2008-10-05 09:47:00,0,0.018451422420696625,False
1317,Gradient boosting,"weekly, sliding 4 wk",2008-09-29,548,2008-10-05 10:00:00,0,0.020241873994735534,False
1318,Gradient boosting,"weekly, sliding 4 wk",2008-09-29,548,2008-10-05 10:43:00,0,0.009225333402937226,False
1319,Gradient boosting,"weekly, sliding 4 wk",2008-09-29,548,2008-10-05 11:05:00,0,0.005876745600955743,False
1320,Gradient boosting,"weekly, sliding 4 wk",2008-09-29,548,2008-10-05 11:30:00,0,0.01112817385695716,False
1321,Gradient boosting,"weekly, sliding 4 wk",2008-09-29,548,2008-10-05 12:03:00,0,0.0065990941518327345,False
1322,Gradient boosting,"weekly, sliding 4 wk",2008-09-29,548,2008-10-05 12:17:00,0,0.010099252203261027,False
1323,Gradient boosting,"weekly, sliding 4 wk",2008-09-29,548,2008-10-05 13:49:00,0,0.012145166552224087,False
1324,Gradient boosting,"weekly, sliding 4 wk",2008-09-29,548,2008-10-05 14:34:00,0,0.016020585096357516,False
1325,Gradient boosting,"weekly, sliding 4 wk",2008-09-29,548,2008-10-05 15:30:00,1,0.016738647082586922,False
1326,Gradient boosting,"weekly, sliding 4 wk",2008-09-29,548,2008-10-05 15:35:00,1,0.013506472242486965,False
1327,Gradient boosting,"weekly, sliding 4 wk",2008-09-29,548,2008-10-05 16:15:00,0,0.0118920684735181,False
1328,Gradient boosting,"weekly, sliding 4 wk",2008-09-29,548,2008-10-05 16:37:00,1,0.00831693092524537,False
1329,Gradient boosting,"weekly, sliding 4 wk",2008-09-29,548,2008-10-05 16:49:00,1,0.03452622546355115,False
1330,Gradient boosting,"weekly, sliding 4 wk",2008-09-29,548,2008-10-05 18:46:00,1,0.011090098781683091,False
1331,Gradient boosting,"weekly, sliding 4 wk",2008-09-29,548,2008-10-05 18:59:00,0,0.023415419293495953,False
1332,Gradient boosting,"weekly, sliding 4 wk",2008-09-29,548,2008-10-05 19:45:00,0,0.008936151906936024,False
1333,Gradient boosting,"weekly, sliding 4 wk",2008-09-29,548,2008-10-05 20:12:00,0,0.005726470461107296,False
1334,Gradient boosting,"weekly, sliding 4 wk",2008-09-29,548,2008-10-05 20:30:00,0,0.013355617844654217,False
1335,Gradient boosting,"weekly, sliding 4 wk",2008-09-29,548,2008-10-05 22:13:00,0,0.007050704248979366,False
1336,Gradient boosting,"weekly, sliding 4 wk",2008-10-06,584,2008-10-06 00:41:00,0,0.011258664576306436,False
1337,Gradient boosting,"weekly, sliding 4 wk",2008-10-06,584,2008-10-06 01:25:00,0,0.025441434071797695,False
1338,Gradient boosting,"weekly, sliding 4 wk",2008-10-06,584,2008-10-06 01:27:00,0,0.014415050932808557,False
1339,Gradient boosting,"weekly, sliding 4 wk",2008-10-06,584,2008-10-06 01:30:00,0,0.049742271139519866,False
1340,Gradient boosting,"weekly, sliding 4 wk",2008-10-06,584,2008-10-06 02:44:00,0,0.030027809286968306,False
1341,Gradient boosting,"weekly, sliding 4 wk",2008-10-06,584,2008-10-06 02:49:00,0,0.03659867023182373,False
1342,Gradient boosting,"weekly, sliding 4 wk",2008-10-06,584,2008-10-06 03:31:00,0,0.019934435189625333,False
1343,Gradient boosting,"weekly, sliding 4 wk",2008-10-06,584,2008-10-06 03:50:00,1,0.041423244856952854,False
1344,Gradient boosting,"weekly, sliding 4 wk",2008-10-06,584,2008-10-06 03:57:00,1,0.10254508338529891,True
1345,Gradient boosting,"weekly, sliding 4 wk",2008-10-06,584,2008-10-06 04:26:00,0,0.014810330715864944,False
1346,Gradient boosting,"weekly, sliding 4 wk",2008-10-06,584,2008-10-06 05:21:00,0,0.019182780055549083,False
1347,Gradient boosting,"weekly, sliding 4 wk",2008-10-06,584,2008-10-06 05:24:00,0,0.042139104959358985,False
1348,Gradient boosting,"weekly, sliding 4 wk",2008-10-06,584,2008-10-06 06:11:00,0,0.020216200698841766,False
1349,Gradient boosting,"weekly, sliding 4 wk",2008-10-06,584,2008-10-06 06:26:00,0,0.016102151039849442,False
1350,Gradient boosting,"weekly, sliding 4 wk",2008-10-06,584,2008-10-06 06:49:00,0,0.02143787975520139,False
1351,Gradient boosting,"weekly, sliding 4 wk",2008-10-06,584,2008-10-06 07:12:00,0,0.06351755447438308,False
1352,Gradient boosting,"weekly, sliding 4 wk",2008-10-06,584,2008-10-06 07:17:00,0,0.015467825249827705,False
1353,Gradient boosting,"weekly, sliding 4 wk",2008-10-06,584,2008-10-06 07:35:00,0,0.02272977721160736,False
1354,Gradient boosting,"weekly, sliding 4 wk",2008-10-06,584,2008-10-06 07:38:00,0,0.013322060574343642,False
1355,Gradient boosting,"weekly, sliding 4 wk",2008-10-06,584,2008-10-06 08:24:00,0,0.012502930077583232,False
1356,Gradient boosting,"weekly, sliding 4 wk",2008-10-06,584,2008-10-06 08:57:00,0,0.02230893017023552,False
1357,Gradient boosting,"weekly, sliding 4 wk",2008-10-06,584,2008-10-06 09:11:00,0,0.010074894800398623,False
1358,Gradient boosting,"weekly, sliding 4 wk",2008-10-06,584,2008-10-06 09:57:00,0,0.011936981271264946,False
1359,Gradient boosting,"weekly, sliding 4 wk",2008-10-06,584,2008-10-06 10:07:00,0,0.027072019020095237,False
1360,Gradient boosting,"weekly, sliding 4 wk",2008-10-06,584,2008-10-06 11:51:00,0,0.08794228025419128,True
1361,Gradient boosting,"weekly, sliding 4 wk",2008-10-06,584,2008-10-06 12:39:00,0,0.029523419218245143,False
1362,Gradient boosting,"weekly, sliding 4 wk",2008-10-06,584,2008-10-06 12:42:00,0,0.03507632803711974,False
1363,Gradient boosting,"weekly, sliding 4 wk",2008-10-06,584,2008-10-06 13:08:00,0,0.011061239219357422,False
1364,Gradient boosting,"weekly, sliding 4 wk",2008-10-06,584,2008-10-06 13:38:00,1,0.020985594951904683,False
1365,Gradient boosting,"weekly, sliding 4 wk",2008-10-06,584,2008-10-06 13:55:00,1,0.25018176181377677,True
1366,Gradient boosting,"weekly, sliding 4 wk",2008-10-06,584,2008-10-06 15:00:00,1,0.01833458585338162,False
1367,Gradient boosting,"weekly, sliding 4 wk",2008-10-06,584,2008-10-06 15:01:00,0,0.17176957530582965,True
1368,Gradient boosting,"weekly, sliding 4 wk",2008-10-06,584,2008-10-06 15:52:00,0,0.07121452296346782,False
1369,Gradient boosting,"weekly, sliding 4 wk",2008-10-06,584,2008-10-06 16:42:00,0,0.02072859787659707,False
1370,Gradient boosting,"weekly, sliding 4 wk",2008-10-06,584,2008-10-06 16:50:00,0,0.0630688374893278,False
1371,Gradient boosting,"weekly, sliding 4 wk",2008-10-06,584,2008-10-06 17:26:00,0,0.03420464170084192,False
1372,Gradient boosting,"weekly, sliding 4 wk",2008-10-06,584,2008-10-06 17:26:00,0,0.03666715394599222,False
1373,Gradient boosting,"weekly, sliding 4 wk",2008-10-06,584,2008-10-06 17:35:00,0,0.01901735399095806,False
1374,Gradient boosting,"weekly, sliding 4 wk",2008-10-06,584,2008-10-06 18:54:00,0,0.024023113377009308,False
1375,Gradient boosting,"weekly, sliding 4 wk",2008-10-06,584,2008-10-06 18:55:00,0,0.030207068891093227,False
1376,Gradient boosting,"weekly, sliding 4 wk",2008-10-06,584,2008-10-06 19:42:00,0,0.07108343382475167,False
1377,Gradient boosting,"weekly, sliding 4 wk",2008-10-06,584,2008-10-06 20:02:00,0,0.03033438421242804,False
1378,Gradient boosting,"weekly, sliding 4 wk",2008-10-06,584,2008-10-06 20:36:00,0,0.06734020157606986,False
1379,Gradient boosting,"weekly, sliding 4 wk",2008-10-06,584,2008-10-06 20:47:00,0,0.020631697042870316,False
1380,Gradient boosting,"weekly, sliding 4 wk",2008-10-06,584,2008-10-06 21:46:00,0,0.016858422796930828,False
1381,Gradient boosting,"weekly, sliding 4 wk",2008-10-06,584,2008-10-06 21:48:00,0,0.010921502039684283,False
1382,Gradient boosting,"weekly, sliding 4 wk",2008-10-06,584,2008-10-06 22:37:00,0,0.03779533020928886,False
1383,Gradient boosting,"weekly, sliding 4 wk",2008-10-06,584,2008-10-06 23:03:00,0,0.016033918996900993,False
1384,Gradient boosting,"weekly, sliding 4 wk",2008-10-06,584,2008-10-07 01:46:00,0,0.021780326168153608,False
1385,Gradient boosting,"weekly, sliding 4 wk",2008-10-06,584,2008-10-07 03:29:00,0,0.013762071199524393,False
1386,Gradient boosting,"weekly, sliding 4 wk",2008-10-06,584,2008-10-07 03:39:00,0,0.03260319812567451,False
1387,Gradient boosting,"weekly, sliding 4 wk",2008-10-06,584,2008-10-07 07:32:00,0,0.014249797343314679,False
1388,Gradient boosting,"weekly, sliding 4 wk",2008-10-06,584,2008-10-07 07:41:00,0,0.011357773426091825,False
1389,Gradient boosting,"weekly, sliding 4 wk",2008-10-06,584,2008-10-07 08:25:00,0,0.019597595019357598,False
1390,Gradient boosting,"weekly, sliding 4 wk",2008-10-06,584,2008-10-07 08:26:00,0,0.012361960795323482,False
1391,Gradient boosting,"weekly, sliding 4 wk",2008-10-06,584,2008-10-07 09:11:00,0,0.017307377979833526,False
1392,Gradient boosting,"weekly, sliding 4 wk",2008-10-06,584,2008-10-07 09:20:00,0,0.0192726535191826,False
1393,Gradient boosting,"weekly, sliding 4 wk",2008-10-06,584,2008-10-07 09:59:00,0,0.012957031808291827,False
1394,Gradient boosting,"weekly, sliding 4 wk",2008-10-06,584,2008-10-07 10:04:00,0,0.031337561619814706,False
1395,Gradient boosting,"weekly, sliding 4 wk",2008-10-06,584,2008-10-07 10:10:00,0,0.012757862885198328,False
1396,Gradient boosting,"weekly, sliding 4 wk",2008-10-06,584,2008-10-07 10:51:00,0,0.043232560353391784,False
1397,Gradient boosting,"weekly, sliding 4 wk",2008-10-06,584,2008-10-07 11:15:00,0,0.02246640053230266,False
1398,Gradient boosting,"weekly, sliding 4 wk",2008-10-06,584,2008-10-07 11:16:00,0,0.025957684418557583,False
1399,Gradient boosting,"weekly, sliding 4 wk",2008-10-06,584,2008-10-07 11:36:00,0,0.025874023588961133,False
1400,Gradient boosting,"weekly, sliding 4 wk",2008-10-06,584,2008-10-07 12:40:00,0,0.028845772813399888,False
1401,Gradient boosting,"weekly, sliding 4 wk",2008-10-06,584,2008-10-07 13:10:00,1,0.08409461149137364,True
1402,Gradient boosting,"weekly, sliding 4 wk",2008-10-06,584,2008-10-07 13:48:00,0,0.016028217565569963,False
1403,Gradient boosting,"weekly, sliding 4 wk",2008-10-06,584,2008-10-07 14:35:00,0,0.02729092408303815,False
1404,Gradient boosting,"weekly, sliding 4 wk",2008-10-06,584,2008-10-07 16:32:00,0,0.043227350533829034,False
1405,Gradient boosting,"weekly, sliding 4 wk",2008-10-06,584,2008-10-07 17:06:00,0,0.018881540643436508,False
1406,Gradient boosting,"weekly, sliding 4 wk",2008-10-06,584,2008-10-07 17:28:00,0,0.022906597096096184,False
1407,Gradient boosting,"weekly, sliding 4 wk",2008-10-06,584,2008-10-07 18:39:00,0,0.014896982045717494,False
1408,Gradient boosting,"weekly, sliding 4 wk",2008-10-06,584,2008-10-07 19:24:00,0,0.01347352933409429,False
1409,Gradient boosting,"weekly, sliding 4 wk",2008-10-06,584,2008-10-07 20:19:00,0,0.055345684730775974,False
1410,Gradient boosting,"weekly, sliding 4 wk",2008-10-06,584,2008-10-07 20:39:00,0,0.020596807389274087,False
1411,Gradient boosting,"weekly, sliding 4 wk",2008-10-06,584,2008-10-07 20:48:00,0,0.02928208132511468,False
1412,Gradient boosting,"weekly, sliding 4 wk",2008-10-06,584,2008-10-08 04:47:00,0,0.01992452768826358,False
1413,Gradient boosting,"weekly, sliding 4 wk",2008-10-06,584,2008-10-08 05:35:00,0,0.03646312516112475,False
1414,Gradient boosting,"weekly, sliding 4 wk",2008-10-06,584,2008-10-08 05:38:00,0,0.02094625534336215,False
1415,Gradient boosting,"weekly, sliding 4 wk",2008-10-06,584,2008-10-08 06:25:00,0,0.018223036018925116,False
1416,Gradient boosting,"weekly, sliding 4 wk",2008-10-06,584,2008-10-08 07:10:00,0,0.018152465417542042,False
1417,Gradient boosting,"weekly, sliding 4 wk",2008-10-06,584,2008-10-08 07:13:00,0,0.01389501061559731,False
1418,Gradient boosting,"weekly, sliding 4 wk",2008-10-06,584,2008-10-08 07:16:00,0,0.031084571695051296,False
1419,Gradient boosting,"weekly, sliding 4 wk",2008-10-06,584,2008-10-08 09:01:00,0,0.015525361425840236,False
1420,Gradient boosting,"weekly, sliding 4 wk",2008-10-06,584,2008-10-08 09:06:00,0,0.046012353824639175,False
1421,Gradient boosting,"weekly, sliding 4 wk",2008-10-06,584,2008-10-08 10:37:00,0,0.015196437930024127,False
1422,Gradient boosting,"weekly, sliding 4 wk",2008-10-06,584,2008-10-08 12:11:00,0,0.012873640087641173,False
1423,Gradient boosting,"weekly, sliding 4 wk",2008-10-06,584,2008-10-08 13:35:00,0,0.06400340069348193,False
1424,Gradient boosting,"weekly, sliding 4 wk",2008-10-06,584,2008-10-08 13:38:00,0,0.03561197824528756,False
1425,Gradient boosting,"weekly, sliding 4 wk",2008-10-06,584,2008-10-08 14:48:00,0,0.015178792732086206,False
1426,Gradient boosting,"weekly, sliding 4 wk",2008-10-06,584,2008-10-08 15:37:00,0,0.054030773859343136,False
1427,Gradient boosting,"weekly, sliding 4 wk",2008-10-06,584,2008-10-08 16:26:00,0,0.015118008396275397,False
1428,Gradient boosting,"weekly, sliding 4 wk",2008-10-06,584,2008-10-08 17:14:00,0,0.03408316578326364,False
1429,Gradient boosting,"weekly, sliding 4 wk",2008-10-06,584,2008-10-08 17:31:00,0,0.022372437383047488,False
1430,Gradient boosting,"weekly, sliding 4 wk",2008-10-06,584,2008-10-08 17:41:00,0,0.011448203003908478,False
1431,Gradient boosting,"weekly, sliding 4 wk",2008-10-06,584,2008-10-08 18:22:00,0,0.011154830215126399,False
1432,Gradient boosting,"weekly, sliding 4 wk",2008-10-06,584,2008-10-08 20:27:00,0,0.027193085974031868,False
1433,Gradient boosting,"weekly, sliding 4 wk",2008-10-06,584,2008-10-08 21:19:00,0,0.014815106551699273,False
1434,Gradient boosting,"weekly, sliding 4 wk",2008-10-06,584,2008-10-08 21:45:00,0,0.021433593866404185,False
1435,Gradient boosting,"weekly, sliding 4 wk",2008-10-06,584,2008-10-08 22:08:00,0,0.027524160162705365,False
1436,Gradient boosting,"weekly, sliding 4 wk",2008-10-06,584,2008-10-08 23:13:00,0,0.024062251474333902,False
1437,Gradient boosting,"weekly, sliding 4 wk",2008-10-06,584,2008-10-08 23:50:00,0,0.0722356201578368,False
1438,Gradient boosting,"weekly, sliding 4 wk",2008-10-06,584,2008-10-09 00:23:00,0,0.011394444773967994,False
1439,Gradient boosting,"weekly, sliding 4 wk",2008-10-06,584,2008-10-09 04:34:00,1,0.0639496458081872,False
1440,Gradient boosting,"weekly, sliding 4 wk",2008-10-06,584,2008-10-09 06:06:00,0,0.009217312868726176,False
1441,Gradient boosting,"weekly, sliding 4 wk",2008-10-06,584,2008-10-09 07:38:00,0,0.028122372406066323,False
1442,Gradient boosting,"weekly, sliding 4 wk",2008-10-06,584,2008-10-09 14:15:00,0,0.0241436012021758,False
1443,Gradient boosting,"weekly, sliding 4 wk",2008-10-06,584,2008-10-09 15:04:00,0,0.014654700108989416,False
1444,Gradient boosting,"weekly, sliding 4 wk",2008-10-06,584,2008-10-09 15:55:00,1,0.014152340963275294,False
1445,Gradient boosting,"weekly, sliding 4 wk",2008-10-06,584,2008-10-09 15:56:00,0,0.016305180484255787,False
1446,Gradient boosting,"weekly, sliding 4 wk",2008-10-06,584,2008-10-10 10:05:00,0,0.026190706087004297,False
1447,Gradient boosting,"weekly, sliding 4 wk",2008-10-06,584,2008-10-10 10:46:00,0,0.05792661524805836,False
1448,Gradient boosting,"weekly, sliding 4 wk",2008-10-06,584,2008-10-10 10:53:00,0,0.05062031224904184,False
1449,Gradient boosting,"weekly, sliding 4 wk",2008-10-06,584,2008-10-10 12:30:00,0,0.056941103828215725,False
1450,Gradient boosting,"weekly, sliding 4 wk",2008-10-06,584,2008-10-10 15:33:00,0,0.02478822265125644,False
1451,Gradient boosting,"weekly, sliding 4 wk",2008-10-06,584,2008-10-10 15:50:00,0,0.04452810229677992,False
1452,Gradient boosting,"weekly, sliding 4 wk",2008-10-06,584,2008-10-10 20:02:00,0,0.00883138976783066,False
1453,Gradient boosting,"weekly, sliding 4 wk",2008-10-06,584,2008-10-10 21:03:00,0,0.01905005830271984,False
1454,Gradient boosting,"weekly, sliding 4 wk",2008-10-06,584,2008-10-10 21:07:00,0,0.02096717462115253,False
1455,Gradient boosting,"weekly, sliding 4 wk",2008-10-06,584,2008-10-10 21:16:00,0,0.018459348343471415,False
1456,Gradient boosting,"weekly, sliding 4 wk",2008-10-06,584,2008-10-11 02:55:00,0,0.023880481752653844,False
1457,Gradient boosting,"weekly, sliding 4 wk",2008-10-06,584,2008-10-11 06:56:00,0,0.028264170542858253,False
1458,Gradient boosting,"weekly, sliding 4 wk",2008-10-06,584,2008-10-11 07:38:00,0,0.02185269327930051,False
1459,Gradient boosting,"weekly, sliding 4 wk",2008-10-06,584,2008-10-11 07:39:00,0,0.0364698731715291,False
1460,Gradient boosting,"weekly, sliding 4 wk",2008-10-06,584,2008-10-11 07:42:00,0,0.030952353761996038,False
1461,Gradient boosting,"weekly, sliding 4 wk",2008-10-06,584,2008-10-11 08:27:00,0,0.027707109145535938,False
1462,Gradient boosting,"weekly, sliding 4 wk",2008-10-06,584,2008-10-11 14:43:00,0,0.014974025639681865,False
1463,Gradient boosting,"weekly, sliding 4 wk",2008-10-06,584,2008-10-11 15:33:00,0,0.012220656339918179,False
1464,Gradient boosting,"weekly, sliding 4 wk",2008-10-06,584,2008-10-11 16:25:00,0,0.01266812698486332,False
1465,Gradient boosting,"weekly, sliding 4 wk",2008-10-06,584,2008-10-11 23:16:00,0,0.020390131486354515,False
1466,Gradient boosting,"weekly, sliding 4 wk",2008-10-06,584,2008-10-11 23:58:00,0,0.012075463155198285,False
1467,Gradient boosting,"weekly, sliding 4 wk",2008-10-06,584,2008-10-12 00:57:00,0,0.01584436236858406,False
1468,Gradient boosting,"weekly, sliding 4 wk",2008-10-06,584,2008-10-12 01:50:00,0,0.012518467567930605,False
1469,Gradient boosting,"weekly, sliding 4 wk",2008-10-06,584,2008-10-12 02:59:00,0,0.02790629899652012,False
1470,Gradient boosting,"weekly, sliding 4 wk",2008-10-06,584,2008-10-12 03:21:00,0,0.02922758386814293,False
1471,Gradient boosting,"weekly, sliding 4 wk",2008-10-06,584,2008-10-12 03:28:00,0,0.03312648549346019,False
1472,Gradient boosting,"weekly, sliding 4 wk",2008-10-06,584,2008-10-12 08:19:00,0,0.036096600713812384,False
1473,Gradient boosting,"weekly, sliding 4 wk",2008-10-06,584,2008-10-12 18:47:00,0,0.04840965038617473,False
1474,Gradient boosting,"weekly, sliding 4 wk",2008-10-13,627,2008-10-13 03:34:00,0,0.00857809583640701,False
1475,Gradient boosting,"weekly, sliding 4 wk",2008-10-13,627,2008-10-13 03:53:00,0,0.02746977472670656,False
1476,Gradient boosting,"weekly, sliding 4 wk",2008-10-13,627,2008-10-13 11:27:00,0,0.01467810255902019,False
1477,Gradient boosting,"weekly, sliding 4 wk",2008-10-13,627,2008-10-13 12:18:00,0,0.009631386756369008,False
1478,Gradient boosting,"weekly, sliding 4 wk",2008-10-13,627,2008-10-13 14:06:00,0,0.054372203296281216,False
1479,Gradient boosting,"weekly, sliding 4 wk",2008-10-13,627,2008-10-13 14:29:00,0,0.010603878566554424,False
1480,Gradient boosting,"weekly, sliding 4 wk",2008-10-13,627,2008-10-13 14:30:00,0,0.023285814775170485,False
1481,Gradient boosting,"weekly, sliding 4 wk",2008-10-13,627,2008-10-13 14:55:00,0,0.010991660018430237,False
1482,Gradient boosting,"weekly, sliding 4 wk",2008-10-13,627,2008-10-13 15:42:00,0,0.011830690816749102,False
1483,Gradient boosting,"weekly, sliding 4 wk",2008-10-13,627,2008-10-13 15:42:00,0,0.03617849133439046,False
1484,Gradient boosting,"weekly, sliding 4 wk",2008-10-13,627,2008-10-13 16:13:00,0,0.0107487650926041,False
1485,Gradient boosting,"weekly, sliding 4 wk",2008-10-13,627,2008-10-13 19:17:00,0,0.013772937756070082,False
1486,Gradient boosting,"weekly, sliding 4 wk",2008-10-13,627,2008-10-13 19:36:00,0,0.016239543244710948,False
1487,Gradient boosting,"weekly, sliding 4 wk",2008-10-13,627,2008-10-13 19:40:00,0,0.028482324317529947,False
1488,Gradient boosting,"weekly, sliding 4 wk",2008-10-13,627,2008-10-13 20:10:00,0,0.03724076879177489,False
1489,Gradient boosting,"weekly, sliding 4 wk",2008-10-13,627,2008-10-13 20:30:00,0,0.013783242004915555,False
1490,Gradient boosting,"weekly, sliding 4 wk",2008-10-13,627,2008-10-13 20:53:00,0,0.036333291129160956,False
1491,Gradient boosting,"weekly, sliding 4 wk",2008-10-13,627,2008-10-13 21:20:00,0,0.02250129314201024,False
1492,Gradient boosting,"weekly, sliding 4 wk",2008-10-13,627,2008-10-13 21:47:00,0,0.011360263770694988,False
1493,Gradient boosting,"weekly, sliding 4 wk",2008-10-13,627,2008-10-13 21:57:00,0,0.03948682606309707,False
1494,Gradient boosting,"weekly, sliding 4 wk",2008-10-13,627,2008-10-13 22:48:00,0,0.029245574705765606,False
1495,Gradient boosting,"weekly, sliding 4 wk",2008-10-13,627,2008-10-13 22:54:00,0,0.01174148305957831,False
1496,Gradient boosting,"weekly, sliding 4 wk",2008-10-13,627,2008-10-14 00:35:00,0,0.026247273884860246,False
1497,Gradient boosting,"weekly, sliding 4 wk",2008-10-13,627,2008-10-14 03:21:00,0,0.05014155219859486,False
1498,Gradient boosting,"weekly, sliding 4 wk",2008-10-13,627,2008-10-14 03:28:00,0,0.0162175021763871,False
1499,Gradient boosting,"weekly, sliding 4 wk",2008-10-13,627,2008-10-14 03:35:00,0,0.016558099219705236,False
1500,Gradient boosting,"weekly, sliding 4 wk",2008-10-13,627,2008-10-14 13:13:00,0,0.07092722552885951,False
1501,Gradient boosting,"weekly, sliding 4 wk",2008-10-13,627,2008-10-14 13:16:00,0,0.060822240997761345,False
1502,Gradient boosting,"weekly, sliding 4 wk",2008-10-13,627,2008-10-14 14:07:00,0,0.019500942920299958,False
1503,Gradient boosting,"weekly, sliding 4 wk",2008-10-13,627,2008-10-14 14:15:00,0,0.03348609562030139,False
1504,Gradient boosting,"weekly, sliding 4 wk",2008-10-13,627,2008-10-14 14:43:00,0,0.03548844671420197,False
1505,Gradient boosting,"weekly, sliding 4 wk",2008-10-13,627,2008-10-14 17:36:00,0,0.010574254108543088,False
1506,Gradient boosting,"weekly, sliding 4 wk",2008-10-13,627,2008-10-14 19:15:00,0,0.01641286158806764,False
1507,Gradient boosting,"weekly, sliding 4 wk",2008-10-13,627,2008-10-14 20:01:00,0,0.10317609666406122,True
1508,Gradient boosting,"weekly, sliding 4 wk",2008-10-13,627,2008-10-14 20:30:00,0,0.0603216333783483,False
1509,Gradient boosting,"weekly, sliding 4 wk",2008-10-13,627,2008-10-14 20:48:00,0,0.008911604360852136,False
1510,Gradient boosting,"weekly, sliding 4 wk",2008-10-13,627,2008-10-14 21:36:00,0,0.023535180145301666,False
1511,Gradient boosting,"weekly, sliding 4 wk",2008-10-13,627,2008-10-14 23:07:00,0,0.026139886801721437,False
1512,Gradient boosting,"weekly, sliding 4 wk",2008-10-13,627,2008-10-15 00:03:00,0,0.05111436768772579,False
1513,Gradient boosting,"weekly, sliding 4 wk",2008-10-13,627,2008-10-15 00:27:00,0,0.010090597453837705,False
1514,Gradient boosting,"weekly, sliding 4 wk",2008-10-13,627,2008-10-15 00:47:00,0,0.06106944225341085,False
1515,Gradient boosting,"weekly, sliding 4 wk",2008-10-13,627,2008-10-15 01:52:00,0,0.01518107422988636,False
1516,Gradient boosting,"weekly, sliding 4 wk",2008-10-13,627,2008-10-15 01:52:00,0,0.02426640802577317,False
1517,Gradient boosting,"weekly, sliding 4 wk",2008-10-13,627,2008-10-15 01:52:00,0,0.029663541694121717,False
1518,Gradient boosting,"weekly, sliding 4 wk",2008-10-13,627,2008-10-15 02:40:00,0,0.03388312515534019,False
1519,Gradient boosting,"weekly, sliding 4 wk",2008-10-13,627,2008-10-15 02:40:00,0,0.03796953095256913,False
1520,Gradient boosting,"weekly, sliding 4 wk",2008-10-13,627,2008-10-15 02:42:00,1,0.042453498808301286,False
1521,Gradient boosting,"weekly, sliding 4 wk",2008-10-13,627,2008-10-15 03:24:00,0,0.048408108068288706,False
1522,Gradient boosting,"weekly, sliding 4 wk",2008-10-13,627,2008-10-15 04:08:00,0,0.1037821469143524,True
1523,Gradient boosting,"weekly, sliding 4 wk",2008-10-13,627,2008-10-15 05:13:00,0,0.039839968966490634,False
1524,Gradient boosting,"weekly, sliding 4 wk",2008-10-13,627,2008-10-15 05:16:00,0,0.013539603941380419,False
1525,Gradient boosting,"weekly, sliding 4 wk",2008-10-13,627,2008-10-15 06:49:00,0,0.01203442405399284,False
1526,Gradient boosting,"weekly, sliding 4 wk",2008-10-13,627,2008-10-15 07:36:00,0,0.02247061453245851,False
1527,Gradient boosting,"weekly, sliding 4 wk",2008-10-13,627,2008-10-15 07:55:00,0,0.012461430697533504,False
1528,Gradient boosting,"weekly, sliding 4 wk",2008-10-13,627,2008-10-15 08:21:00,0,0.03325534505295916,False
1529,Gradient boosting,"weekly, sliding 4 wk",2008-10-13,627,2008-10-15 09:11:00,0,0.019733777182583744,False
1530,Gradient boosting,"weekly, sliding 4 wk",2008-10-13,627,2008-10-15 10:00:00,0,0.010011518571984075,False
1531,Gradient boosting,"weekly, sliding 4 wk",2008-10-13,627,2008-10-15 12:53:00,0,0.04161379648522576,False
1532,Gradient boosting,"weekly, sliding 4 wk",2008-10-13,627,2008-10-15 13:14:00,0,0.06779521373128107,False
1533,Gradient boosting,"weekly, sliding 4 wk",2008-10-13,627,2008-10-15 13:16:00,0,0.020383079908648308,False
1534,Gradient boosting,"weekly, sliding 4 wk",2008-10-13,627,2008-10-15 14:08:00,0,0.011781744859574714,False
1535,Gradient boosting,"weekly, sliding 4 wk",2008-10-13,627,2008-10-15 15:11:00,0,0.02188522943825397,False
1536,Gradient boosting,"weekly, sliding 4 wk",2008-10-13,627,2008-10-15 16:24:00,0,0.013932730653515612,False
1537,Gradient boosting,"weekly, sliding 4 wk",2008-10-13,627,2008-10-15 17:19:00,0,0.03396619364430243,False
1538,Gradient boosting,"weekly, sliding 4 wk",2008-10-13,627,2008-10-15 18:16:00,0,0.026193483674847674,False
1539,Gradient boosting,"weekly, sliding 4 wk",2008-10-13,627,2008-10-15 19:15:00,0,0.01893507394280191,False
1540,Gradient boosting,"weekly, sliding 4 wk",2008-10-13,627,2008-10-15 19:24:00,0,0.017018908339817763,False
1541,Gradient boosting,"weekly, sliding 4 wk",2008-10-13,627,2008-10-15 21:44:00,0,0.015206281564974146,False
1542,Gradient boosting,"weekly, sliding 4 wk",2008-10-13,627,2008-10-15 22:45:00,0,0.03800514377927184,False
1543,Gradient boosting,"weekly, sliding 4 wk",2008-10-13,627,2008-10-15 22:54:00,0,0.02934132104863814,False
1544,Gradient boosting,"weekly, sliding 4 wk",2008-10-13,627,2008-10-15 23:00:00,0,0.032537194878017546,False
1545,Gradient boosting,"weekly, sliding 4 wk",2008-10-13,627,2008-10-15 23:45:00,0,0.020360736700730853,False
1546,Gradient boosting,"weekly, sliding 4 wk",2008-10-13,627,2008-10-16 02:16:00,0,0.03710706300322534,False
1547,Gradient boosting,"weekly, sliding 4 wk",2008-10-13,627,2008-10-16 02:16:00,0,0.012090524243638706,False
1548,Gradient boosting,"weekly, sliding 4 wk",2008-10-13,627,2008-10-16 02:17:00,0,0.01471935094284992,False
1549,Gradient boosting,"weekly, sliding 4 wk",2008-10-13,627,2008-10-16 02:22:00,0,0.012793576863098807,False
1550,Gradient boosting,"weekly, sliding 4 wk",2008-10-13,627,2008-10-16 02:55:00,0,0.03972801284505315,False
1551,Gradient boosting,"weekly, sliding 4 wk",2008-10-13,627,2008-10-16 03:56:00,0,0.01807920684854103,False
1552,Gradient boosting,"weekly, sliding 4 wk",2008-10-13,627,2008-10-16 04:02:00,0,0.042360463289406784,False
1553,Gradient boosting,"weekly, sliding 4 wk",2008-10-13,627,2008-10-16 04:02:00,0,0.04363427805207117,False
1554,Gradient boosting,"weekly, sliding 4 wk",2008-10-13,627,2008-10-16 04:04:00,0,0.01731214087175592,False
1555,Gradient boosting,"weekly, sliding 4 wk",2008-10-13,627,2008-10-16 04:47:00,0,0.027177959111782213,False
1556,Gradient boosting,"weekly, sliding 4 wk",2008-10-13,627,2008-10-16 04:50:00,0,0.03308805644370452,False
1557,Gradient boosting,"weekly, sliding 4 wk",2008-10-13,627,2008-10-16 04:54:00,0,0.024627901703346482,False
1558,Gradient boosting,"weekly, sliding 4 wk",2008-10-13,627,2008-10-16 05:08:00,0,0.08055659115060759,True
1559,Gradient boosting,"weekly, sliding 4 wk",2008-10-13,627,2008-10-16 05:13:00,0,0.011336409441965409,False
1560,Gradient boosting,"weekly, sliding 4 wk",2008-10-13,627,2008-10-16 05:44:00,0,0.04437313648517192,False
1561,Gradient boosting,"weekly, sliding 4 wk",2008-10-13,627,2008-10-16 05:58:00,0,0.012218210366298103,False
1562,Gradient boosting,"weekly, sliding 4 wk",2008-10-13,627,2008-10-16 15:02:00,0,0.02218440087964528,False
1563,Gradient boosting,"weekly, sliding 4 wk",2008-10-13,627,2008-10-16 15:13:00,0,0.037721640227348335,False
1564,Gradient boosting,"weekly, sliding 4 wk",2008-10-13,627,2008-10-16 20:49:00,0,0.05757259230635878,False
1565,Gradient boosting,"weekly, sliding 4 wk",2008-10-13,627,2008-10-17 05:26:00,0,0.017638266800478,False
1566,Gradient boosting,"weekly, sliding 4 wk",2008-10-13,627,2008-10-17 06:01:00,0,0.03049447819674091,False
1567,Gradient boosting,"weekly, sliding 4 wk",2008-10-13,627,2008-10-17 06:07:00,0,0.04116730873870194,False
