run_id,timestamp,result,risk,flagged,rank,sensor,value,contribution,direction
1097,2008-09-26 03:12:00,pass,0.0163,False,1,s059,-3.2155,-0.60844,toward pass
1097,2008-09-26 03:12:00,pass,0.0163,False,2,s102,0.0458,-0.18656,toward pass
1097,2008-09-26 03:12:00,pass,0.0163,False,3,s523,0.0578,0.15791,toward fail
1097,2008-09-26 03:12:00,pass,0.0163,False,4,s460,29.3669,0.12205,toward fail
1097,2008-09-26 03:12:00,pass,0.0163,False,5,s345,,-0.10469,toward pass
1098,2008-09-26 03:29:00,pass,0.0297,False,1,s102,0.1055,-0.20839,toward pass
1098,2008-09-26 03:29:00,pass,0.0297,False,2,s523,0.0572,0.15791,toward fail
1098,2008-09-26 03:29:00,pass,0.0297,False,3,s477,6.4921,-0.10829,toward pass
1098,2008-09-26 03:29:00,pass,0.0297,False,4,s038,86.259,0.10662,toward fail
1098,2008-09-26 03:29:00,pass,0.0297,False,5,s497,14.9475,-0.10065,toward pass
1099,2008-09-26 04:14:00,pass,0.0107,False,1,s059,-3.6155,-0.56125,toward pass
1099,2008-09-26 04:14:00,pass,0.0107,False,2,s063,18.8973,0.16648,toward fail
1099,2008-09-26 04:14:00,pass,0.0107,False,3,s519,0.0,-0.11346,toward pass
1099,2008-09-26 04:14:00,pass,0.0107,False,4,s345,,-0.10966,toward pass
1099,2008-09-26 04:14:00,pass,0.0107,False,5,s102,0.0475,-0.10451,toward pass
1100,2008-09-26 05:32:00,pass,0.0099,False,1,s059,-4.1018,-0.56068,toward pass
1100,2008-09-26 05:32:00,pass,0.0099,False,2,s102,0.0443,-0.14681,toward pass
1100,2008-09-26 05:32:00,pass,0.0099,False,3,s460,21.2741,-0.12552,toward pass
1100,2008-09-26 05:32:00,pass,0.0099,False,4,s345,,-0.11447,toward pass
1100,2008-09-26 05:32:00,pass,0.0099,False,5,s475,3.9184,-0.08842,toward pass
1101,2008-09-26 11:08:00,pass,0.0138,False,1,s059,0.1982,-0.62237,toward pass
1101,2008-09-26 11:08:00,pass,0.0138,False,2,s460,18.7968,-0.18385,toward pass
1101,2008-09-26 11:08:00,pass,0.0138,False,3,s519,,-0.12831,toward pass
1101,2008-09-26 11:08:00,pass,0.0138,False,4,s102,0.0013,0.11794,toward fail
1101,2008-09-26 11:08:00,pass,0.0138,False,5,s345,,-0.1024,toward pass
1102,2008-09-26 13:36:00,pass,0.0146,False,1,s059,-5.9682,-0.76178,toward pass
1102,2008-09-26 13:36:00,pass,0.0146,False,2,s041,2.544,0.23056,toward fail
1102,2008-09-26 13:36:00,pass,0.0146,False,3,s102,0.0683,-0.14237,toward pass
1102,2008-09-26 13:36:00,pass,0.0146,False,4,s460,21.5722,-0.13583,toward pass
1102,2008-09-26 13:36:00,pass,0.0146,False,5,s475,3.3894,-0.09034,toward pass
1103,2008-09-26 13:45:00,pass,0.0149,False,1,s059,-1.4409,-0.6709,toward pass
1103,2008-09-26 13:45:00,pass,0.0149,False,2,s460,10.306,-0.22069,toward pass
1103,2008-09-26 13:45:00,pass,0.0149,False,3,s519,11.1269,0.14718,toward fail
1103,2008-09-26 13:45:00,pass,0.0149,False,4,s587,0.028,0.11341,toward fail
1103,2008-09-26 13:45:00,pass,0.0149,False,5,s345,,-0.10958,toward pass
1104,2008-09-26 14:20:00,pass,0.0334,False,1,s059,-2.6709,-0.71316,toward pass
1104,2008-09-26 14:20:00,pass,0.0334,False,2,s475,4.945,0.22117,toward fail
1104,2008-09-26 14:20:00,pass,0.0334,False,3,s519,5.3643,0.16472,toward fail
1104,2008-09-26 14:20:00,pass,0.0334,False,4,s460,21.8189,-0.14933,toward pass
1104,2008-09-26 14:20:00,pass,0.0334,False,5,s587,0.028,0.12525,toward fail
1105,2008-09-26 14:51:00,pass,0.011,False,1,s059,0.0327,-0.58071,toward pass
1105,2008-09-26 14:51:00,pass,0.011,False,2,s102,0.0283,-0.16662,toward pass
1105,2008-09-26 14:51:00,pass,0.011,False,3,s523,0.0576,0.15791,toward fail
1105,2008-09-26 14:51:00,pass,0.011,False,4,s519,3.4785,-0.10823,toward pass
1105,2008-09-26 14:51:00,pass,0.011,False,5,s345,,-0.09287,toward pass
1106,2008-09-26 15:06:00,pass,0.0515,False,1,s021,-5078.75,0.16091,toward fail
1106,2008-09-26 15:06:00,pass,0.0515,False,2,s102,0.0306,-0.1558,toward pass
1106,2008-09-26 15:06:00,pass,0.0515,False,3,s477,4.1438,-0.11678,toward pass
1106,2008-09-26 15:06:00,pass,0.0515,False,4,s475,4.9364,0.11193,toward fail
1106,2008-09-26 15:06:00,pass,0.0515,False,5,s469,6.7647,0.10414,toward fail
1107,2008-09-26 15:36:00,pass,0.0306,False,1,s059,-3.3455,-0.56682,toward pass
1107,2008-09-26 15:36:00,pass,0.0306,False,2,s475,4.8855,0.23316,toward fail
1107,2008-09-26 15:36:00,pass,0.0306,False,3,s523,0.0258,0.13503,toward fail
1107,2008-09-26 15:36:00,pass,0.0306,False,4,s460,25.0471,0.12086,toward fail
1107,2008-09-26 15:36:00,pass,0.0306,False,5,s102,-0.0084,0.10829,toward fail
1108,2008-09-26 15:49:00,pass,0.0213,False,1,s059,-2.4373,-0.65786,toward pass
1108,2008-09-26 15:49:00,pass,0.0213,False,2,s475,5.2611,0.34503,toward fail
1108,2008-09-26 15:49:00,pass,0.0213,False,3,s102,0.0594,-0.15119,toward pass
1108,2008-09-26 15:49:00,pass,0.0213,False,4,s519,,-0.13571,toward pass
1108,2008-09-26 15:49:00,pass,0.0213,False,5,s477,3.6829,-0.11347,toward pass
1109,2008-09-26 16:31:00,pass,0.0135,False,1,s059,-6.0455,-0.59481,toward pass
1109,2008-09-26 16:31:00,pass,0.0135,False,2,s063,18.1764,0.19176,toward fail
1109,2008-09-26 16:31:00,pass,0.0135,False,3,s460,14.108,-0.17012,toward pass
1109,2008-09-26 16:31:00,pass,0.0135,False,4,s345,,-0.09323,toward pass
1109,2008-09-26 16:31:00,pass,0.0135,False,5,s475,3.5366,-0.09009,toward pass
1110,2008-09-26 17:59:00,pass,0.0366,False,1,s059,-3.2255,-0.61128,toward pass
1110,2008-09-26 17:59:00,pass,0.0366,False,2,s475,5.3583,0.31766,toward fail
1110,2008-09-26 17:59:00,pass,0.0366,False,3,s063,19.5273,0.16446,toward fail
1110,2008-09-26 17:59:00,pass,0.0366,False,4,s523,0.0577,0.15791,toward fail
1110,2008-09-26 17:59:00,pass,0.0366,False,5,s102,0.0393,-0.14644,toward pass
1111,2008-09-26 18:54:00,pass,0.0227,False,1,s059,-9.1,-0.74412,toward pass
1111,2008-09-26 18:54:00,pass,0.0227,False,2,s519,2.9501,-0.14548,toward pass
1111,2008-09-26 18:54:00,pass,0.0227,False,3,s102,-0.059,0.13687,toward fail
1111,2008-09-26 18:54:00,pass,0.0227,False,4,s247,0.0136,-0.11353,toward pass
1111,2008-09-26 18:54:00,pass,0.0227,False,5,s477,6.1557,-0.08323,toward pass
1112,2008-09-26 19:38:00,pass,0.0282,False,1,s102,0.0546,-0.1886,toward pass
1112,2008-09-26 19:38:00,pass,0.0282,False,2,s519,6.4633,0.14365,toward fail
1112,2008-09-26 19:38:00,pass,0.0282,False,3,s163,0.158,0.13166,toward fail
1112,2008-09-26 19:38:00,pass,0.0282,False,4,s477,5.0108,-0.12589,toward pass
1112,2008-09-26 19:38:00,pass,0.0282,False,5,s172,0.2403,-0.11312,toward pass
1113,2008-09-26 19:45:00,pass,0.023,False,1,s059,-0.9536,-0.5849,toward pass
1113,2008-09-26 19:45:00,pass,0.023,False,2,s460,15.6077,-0.17005,toward pass
1113,2008-09-26 19:45:00,pass,0.023,False,3,s021,-5390.0,0.16813,toward fail
1113,2008-09-26 19:45:00,pass,0.023,False,4,s345,5.7108,0.13042,toward fail
1113,2008-09-26 19:45:00,pass,0.023,False,5,s102,-0.0182,0.11794,toward fail
1114,2008-09-26 19:55:00,pass,0.0304,False,1,s059,-2.5027,-0.62273,toward pass
1114,2008-09-26 19:55:00,pass,0.0304,False,2,s021,-5160.5,0.17457,toward fail
1114,2008-09-26 19:55:00,pass,0.0304,False,3,s477,4.6539,-0.13692,toward pass
1114,2008-09-26 19:55:00,pass,0.0304,False,4,s102,0.0342,-0.12952,toward pass
1114,2008-09-26 19:55:00,pass,0.0304,False,5,s345,6.8013,0.12681,toward fail
1115,2008-09-26 20:23:00,pass,0.0163,False,1,s059,-3.8791,-0.64203,toward pass
1115,2008-09-26 20:23:00,pass,0.0163,False,2,s460,11.3154,-0.17222,toward pass
1115,2008-09-26 20:23:00,pass,0.0163,False,3,s523,0.0309,0.15791,toward fail
1115,2008-09-26 20:23:00,pass,0.0163,False,4,s102,0.1078,-0.14712,toward pass
1115,2008-09-26 20:23:00,pass,0.0163,False,5,s477,5.1665,-0.11349,toward pass
1116,2008-09-26 20:31:00,pass,0.0226,False,1,s059,-6.6409,-0.69544,toward pass
1116,2008-09-26 20:31:00,pass,0.0226,False,2,s102,0.0112,-0.17841,toward pass
1116,2008-09-26 20:31:00,pass,0.0226,False,3,s523,0.0488,0.15791,toward fail
1116,2008-09-26 20:31:00,pass,0.0226,False,4,s460,32.3429,0.12205,toward fail
1116,2008-09-26 20:31:00,pass,0.0226,False,5,s519,,-0.10569,toward pass
1117,2008-09-27 00:16:00,pass,0.0246,False,1,s059,-5.6945,-0.57749,toward pass
1117,2008-09-27 00:16:00,pass,0.0246,False,2,s475,5.0667,0.251,toward fail
1117,2008-09-27 00:16:00,pass,0.0246,False,3,s519,,-0.14548,toward pass
1117,2008-09-27 00:16:00,pass,0.0246,False,4,s523,0.0538,0.13503,toward fail
1117,2008-09-27 00:16:00,pass,0.0246,False,5,s102,-0.0063,0.12342,toward fail
1118,2008-09-27 00:17:00,pass,0.0515,False,1,s063,17.5891,0.19343,toward fail
1118,2008-09-27 00:17:00,pass,0.0515,False,2,s102,-0.0999,0.17052,toward fail
1118,2008-09-27 00:17:00,pass,0.0515,False,3,s460,29.4109,0.1361,toward fail
1118,2008-09-27 00:17:00,pass,0.0515,False,4,s519,,-0.11559,toward pass
1118,2008-09-27 00:17:00,pass,0.0515,False,5,s031,4.6791,-0.09703,toward pass
1119,2008-09-27 01:29:00,pass,0.0127,False,1,s059,-2.5345,-0.74221,toward pass
1119,2008-09-27 01:29:00,pass,0.0127,False,2,s519,,-0.1271,toward pass
1119,2008-09-27 01:29:00,pass,0.0127,False,3,s460,24.2244,0.10663,toward fail
1119,2008-09-27 01:29:00,pass,0.0127,False,4,s102,-0.0147,0.09982,toward fail
1119,2008-09-27 01:29:00,pass,0.0127,False,5,s171,0.0427,-0.09258,toward pass
1120,2008-09-27 03:53:00,pass,0.0128,False,1,s059,-0.5955,-0.42352,toward pass
1120,2008-09-27 03:53:00,pass,0.0128,False,2,s523,0.0524,0.15791,toward fail
1120,2008-09-27 03:53:00,pass,0.0128,False,3,s460,20.2996,-0.15002,toward pass
1120,2008-09-27 03:53:00,pass,0.0128,False,4,s345,,-0.13556,toward pass
1120,2008-09-27 03:53:00,pass,0.0128,False,5,s519,,-0.1231,toward pass
1121,2008-09-27 10:10:00,pass,0.0179,False,1,s059,-4.7818,-0.82966,toward pass
1121,2008-09-27 10:10:00,pass,0.0179,False,2,s102,0.0278,-0.1722,toward pass
1121,2008-09-27 10:10:00,pass,0.0179,False,3,s460,24.9168,0.11967,toward fail
1121,2008-09-27 10:10:00,pass,0.0179,False,4,s345,,-0.11553,toward pass
1121,2008-09-27 10:10:00,pass,0.0179,False,5,s519,5.7892,0.10918,toward fail
1122,2008-09-27 10:13:00,pass,0.0428,False,1,s477,6.7438,0.16363,toward fail
1122,2008-09-27 10:13:00,pass,0.0428,False,2,s460,60.9034,0.15241,toward fail
1122,2008-09-27 10:13:00,pass,0.0428,False,3,s163,0.236,0.13166,toward fail
1122,2008-09-27 10:13:00,pass,0.0428,False,4,s469,5.5191,0.10414,toward fail
1122,2008-09-27 10:13:00,pass,0.0428,False,5,s587,0.0503,0.09661,toward fail
1123,2008-09-27 11:04:00,pass,0.0134,False,1,s059,-0.4109,-0.43247,toward pass
1123,2008-09-27 11:04:00,pass,0.0134,False,2,s102,0.0527,-0.11967,toward pass
1123,2008-09-27 11:04:00,pass,0.0134,False,3,s519,,-0.10846,toward pass
1123,2008-09-27 11:04:00,pass,0.0134,False,4,s000,2935.99,0.10663,toward fail
1123,2008-09-27 11:04:00,pass,0.0134,False,5,s345,,-0.10384,toward pass
1124,2008-09-27 11:45:00,pass,0.0113,False,1,s059,-2.9573,-0.54255,toward pass
1124,2008-09-27 11:45:00,pass,0.0113,False,2,s519,,-0.11823,toward pass
1124,2008-09-27 11:45:00,pass,0.0113,False,3,s102,0.0035,0.10559,toward fail
1124,2008-09-27 11:45:00,pass,0.0113,False,4,s460,34.7506,0.08661,toward fail
1124,2008-09-27 11:45:00,pass,0.0113,False,5,s477,5.1967,-0.08373,toward pass
1125,2008-09-27 11:54:00,pass,0.022,False,1,s059,-0.2136,-0.56626,toward pass
1125,2008-09-27 11:54:00,pass,0.022,False,2,s460,11.0988,-0.13448,toward pass
1125,2008-09-27 11:54:00,pass,0.022,False,3,s587,0.0327,0.12729,toward fail
1125,2008-09-27 11:54:00,pass,0.022,False,4,s102,-0.0566,0.12091,toward fail
1125,2008-09-27 11:54:00,pass,0.022,False,5,s519,,-0.11838,toward pass
1126,2008-09-27 12:26:00,pass,0.0307,False,1,s059,-1.6045,-0.56011,toward pass
1126,2008-09-27 12:26:00,pass,0.0307,False,2,s475,5.1768,0.29912,toward fail
1126,2008-09-27 12:26:00,pass,0.0307,False,3,s460,16.4619,-0.2052,toward pass
1126,2008-09-27 12:26:00,pass,0.0307,False,4,s523,0.0597,0.15791,toward fail
1126,2008-09-27 12:26:00,pass,0.0307,False,5,s102,-0.0364,0.1186,toward fail
1127,2008-09-27 12:28:00,pass,0.0114,False,1,s059,-0.0236,-0.55938,toward pass
1127,2008-09-27 12:28:00,pass,0.0114,False,2,s345,,-0.13808,toward pass
1127,2008-09-27 12:28:00,pass,0.0114,False,3,s519,,-0.11772,toward pass
1127,2008-09-27 12:28:00,pass,0.0114,False,4,s102,-0.0217,0.09982,toward fail
1127,2008-09-27 12:28:00,pass,0.0114,False,5,s171,0.0805,-0.09258,toward pass
1128,2008-09-27 12:36:00,pass,0.0139,False,1,s059,-0.0882,-0.45626,toward pass
1128,2008-09-27 12:36:00,pass,0.0139,False,2,s460,15.8092,-0.24915,toward pass
1128,2008-09-27 12:36:00,pass,0.0139,False,3,s523,0.0472,0.15791,toward fail
1128,2008-09-27 12:36:00,pass,0.0139,False,4,s519,,-0.11838,toward pass
1128,2008-09-27 12:36:00,pass,0.0139,False,5,s345,,-0.10236,toward pass
1129,2008-09-27 13:14:00,pass,0.0085,False,1,s059,-0.5973,-0.47619,toward pass
1129,2008-09-27 13:14:00,pass,0.0085,False,2,s477,3.816,-0.12066,toward pass
1129,2008-09-27 13:14:00,pass,0.0085,False,3,s460,19.7112,-0.11802,toward pass
1129,2008-09-27 13:14:00,pass,0.0085,False,4,s519,3.3442,-0.10271,toward pass
1129,2008-09-27 13:14:00,pass,0.0085,False,5,s102,0.038,-0.09986,toward pass
1130,2008-09-27 13:19:00,pass,0.0171,False,1,s059,-0.4682,-0.68834,toward pass
1130,2008-09-27 13:19:00,pass,0.0171,False,2,s460,32.1475,0.13338,toward fail
1130,2008-09-27 13:19:00,pass,0.0171,False,3,s587,0.0171,0.12972,toward fail
1130,2008-09-27 13:19:00,pass,0.0171,False,4,s102,-0.0587,0.11489,toward fail
1130,2008-09-27 13:19:00,pass,0.0171,False,5,s000,3078.17,-0.09071,toward pass
1131,2008-09-27 14:01:00,pass,0.0267,False,1,s059,-4.7991,-0.51419,toward pass
1131,2008-09-27 14:01:00,pass,0.0267,False,2,s475,5.1829,0.35089,toward fail
1131,2008-09-27 14:01:00,pass,0.0267,False,3,s519,,-0.12871,toward pass
1131,2008-09-27 14:01:00,pass,0.0267,False,4,s102,-0.0176,0.12342,toward fail
1131,2008-09-27 14:01:00,pass,0.0267,False,5,s460,34.4884,0.08399,toward fail
1132,2008-09-27 14:05:00,pass,0.0137,False,1,s059,-0.0073,-0.60956,toward pass
1132,2008-09-27 14:05:00,pass,0.0137,False,2,s477,6.7336,0.14049,toward fail
1132,2008-09-27 14:05:00,pass,0.0137,False,3,s460,13.5783,-0.13952,toward pass
1132,2008-09-27 14:05:00,pass,0.0137,False,4,s227,0.011,-0.13881,toward pass
1132,2008-09-27 14:05:00,pass,0.0137,False,5,s000,2939.59,0.0973,toward fail
1133,2008-09-27 14:46:00,pass,0.035,False,1,s059,-2.5436,-0.73457,toward pass
1133,2008-09-27 14:46:00,pass,0.035,False,2,s475,5.0345,0.2103,toward fail
1133,2008-09-27 14:46:00,pass,0.035,False,3,s519,6.4961,0.17975,toward fail
1133,2008-09-27 14:46:00,pass,0.035,False,4,s000,2938.9,0.14087,toward fail
1133,2008-09-27 14:46:00,pass,0.035,False,5,s102,-0.0253,0.13734,toward fail
1134,2008-09-27 15:09:00,pass,0.0402,False,1,s102,0.0022,0.15795,toward fail
1134,2008-09-27 15:09:00,pass,0.0402,False,2,s163,0.2,0.12694,toward fail
1134,2008-09-27 15:09:00,pass,0.0402,False,3,s460,26.8931,0.12261,toward fail
1134,2008-09-27 15:09:00,pass,0.0402,False,4,s345,8.8859,0.11281,toward fail
1134,2008-09-27 15:09:00,pass,0.0402,False,5,s000,3217.96,-0.09585,toward pass
1135,2008-09-27 15:30:00,pass,0.0165,False,1,s059,-0.5745,-0.50019,toward pass
1135,2008-09-27 15:30:00,pass,0.0165,False,2,s041,2.541,0.23056,toward fail
1135,2008-09-27 15:30:00,pass,0.0165,False,3,s102,0.0563,-0.14237,toward pass
1135,2008-09-27 15:30:00,pass,0.0165,False,4,s345,,-0.12315,toward pass
1135,2008-09-27 15:30:00,pass,0.0165,False,5,s460,19.1373,-0.07769,toward pass
1136,2008-09-27 16:13:00,pass,0.0143,False,1,s059,-9.4318,-0.59495,toward pass
1136,2008-09-27 16:13:00,pass,0.0143,False,2,s460,17.7222,-0.24315,toward pass
1136,2008-09-27 16:13:00,pass,0.0143,False,3,s523,0.0319,0.13503,toward fail
1136,2008-09-27 16:13:00,pass,0.0143,False,4,s345,,-0.10429,toward pass
1136,2008-09-27 16:13:00,pass,0.0143,False,5,s519,,-0.0967,toward pass
1137,2008-09-27 17:26:00,pass,0.03,False,1,s460,17.6919,-0.19333,toward pass
1137,2008-09-27 17:26:00,pass,0.03,False,2,s102,-0.0152,0.14148,toward fail
1137,2008-09-27 17:26:00,pass,0.03,False,3,s063,18.4328,0.13938,toward fail
1137,2008-09-27 17:26:00,pass,0.03,False,4,s038,86.33,0.13787,toward fail
1137,2008-09-27 17:26:00,pass,0.03,False,5,s519,3.0089,-0.12737,toward pass
1138,2008-09-27 18:14:00,pass,0.0528,False,1,s475,5.3387,0.31898,toward fail
1138,2008-09-27 18:14:00,pass,0.0528,False,2,s519,,-0.18677,toward pass
1138,2008-09-27 18:14:00,pass,0.0528,False,3,s163,0.163,0.13166,toward fail
1138,2008-09-27 18:14:00,pass,0.0528,False,4,s102,-0.0503,0.12396,toward fail
1138,2008-09-27 18:14:00,pass,0.0528,False,5,s460,27.2289,0.12288,toward fail
1139,2008-09-27 19:16:00,pass,0.0272,False,1,s059,-0.8173,-0.66808,toward pass
1139,2008-09-27 19:16:00,pass,0.0272,False,2,s475,4.9519,0.27096,toward fail
1139,2008-09-27 19:16:00,pass,0.0272,False,3,s000,2939.8,0.12911,toward fail
1139,2008-09-27 19:16:00,pass,0.0272,False,4,s460,31.0194,0.11663,toward fail
1139,2008-09-27 19:16:00,pass,0.0272,False,5,s102,-0.004,0.1106,toward fail
1140,2008-09-27 20:46:00,pass,0.0666,False,1,s475,5.8571,0.21241,toward fail
1140,2008-09-27 20:46:00,pass,0.0666,False,2,s523,0.0552,0.15791,toward fail
1140,2008-09-27 20:46:00,pass,0.0666,False,3,s333,7.9219,0.14506,toward fail
1140,2008-09-27 20:46:00,pass,0.0666,False,4,s519,,-0.1229,toward pass
1140,2008-09-27 20:46:00,pass,0.0666,False,5,s460,25.552,0.11899,toward fail
1141,2008-09-27 21:45:00,pass,0.0287,False,1,s059,-4.15,-0.52396,toward pass
1141,2008-09-27 21:45:00,pass,0.0287,False,2,s063,17.5363,0.16209,toward fail
1141,2008-09-27 21:45:00,pass,0.0287,False,3,s102,0.0,0.15294,toward fail
1141,2008-09-27 21:45:00,pass,0.0287,False,4,s000,2972.0,0.15173,toward fail
1141,2008-09-27 21:45:00,pass,0.0287,False,5,s519,,-0.12844,toward pass
1142,2008-09-28 00:51:00,pass,0.0189,False,1,s102,0.062,-0.14196,toward pass
1142,2008-09-28 00:51:00,pass,0.0189,False,2,s519,,-0.13995,toward pass
1142,2008-09-28 00:51:00,pass,0.0189,False,3,s469,4.8134,-0.11849,toward pass
1142,2008-09-28 00:51:00,pass,0.0189,False,4,s477,5.4916,-0.11751,toward pass
1142,2008-09-28 00:51:00,pass,0.0189,False,5,s460,35.1704,0.09694,toward fail
1143,2008-09-28 01:22:00,pass,0.0146,False,1,s059,-2.9355,-0.69306,toward pass
1143,2008-09-28 01:22:00,pass,0.0146,False,2,s063,22.2982,0.1513,toward fail
1143,2008-09-28 01:22:00,pass,0.0146,False,3,s345,,-0.12345,toward pass
1143,2008-09-28 01:22:00,pass,0.0146,False,4,s519,4.3147,-0.12307,toward pass
1143,2008-09-28 01:22:00,pass,0.0146,False,5,s102,-0.0038,0.10279,toward fail
1144,2008-09-28 03:55:00,pass,0.0142,False,1,s059,-4.4927,-0.68781,toward pass
1144,2008-09-28 03:55:00,pass,0.0142,False,2,s063,20.2418,0.15759,toward fail
1144,2008-09-28 03:55:00,pass,0.0142,False,3,s102,0.0377,-0.15156,toward pass
1144,2008-09-28 03:55:00,pass,0.0142,False,4,s519,3.5462,-0.12512,toward pass
1144,2008-09-28 03:55:00,pass,0.0142,False,5,s477,4.5795,-0.11334,toward pass
1145,2008-09-28 04:45:00,fail,0.0183,False,1,s059,-5.3318,-0.69177,toward pass
1145,2008-09-28 04:45:00,fail,0.0183,False,2,s102,0.0417,-0.17137,toward pass
1145,2008-09-28 04:45:00,fail,0.0183,False,3,s000,2882.22,0.13719,toward fail
1145,2008-09-28 04:45:00,fail,0.0183,False,4,s519,,-0.11485,toward pass
1145,2008-09-28 04:45:00,fail,0.0183,False,5,s345,,-0.10497,toward pass
1146,2008-09-28 05:31:00,pass,0.0325,False,1,s059,-0.2627,-0.5774,toward pass
1146,2008-09-28 05:31:00,pass,0.0325,False,2,s041,-0.0759,0.23056,toward fail
1146,2008-09-28 05:31:00,pass,0.0325,False,3,s475,5.1622,0.21874,toward fail
1146,2008-09-28 05:31:00,pass,0.0325,False,4,s102,0.0092,-0.18059,toward pass
1146,2008-09-28 05:31:00,pass,0.0325,False,5,s035,64.326,-0.07704,toward pass
1147,2008-09-28 06:22:00,pass,0.0422,False,1,s059,-4.8382,-0.76111,toward pass
1147,2008-09-28 06:22:00,pass,0.0422,False,2,s519,6.9769,0.1802,toward fail
1147,2008-09-28 06:22:00,pass,0.0422,False,3,s460,15.0925,-0.15719,toward pass
1147,2008-09-28 06:22:00,pass,0.0422,False,4,s345,5.8872,0.15701,toward fail
1147,2008-09-28 06:22:00,pass,0.0422,False,5,s021,-5296.0,0.1479,toward fail
1148,2008-09-28 07:38:00,pass,0.0203,False,1,s059,-1.02,-0.47961,toward pass
1148,2008-09-28 07:38:00,pass,0.0203,False,2,s102,0.0164,-0.13254,toward pass
1148,2008-09-28 07:38:00,pass,0.0203,False,3,s477,3.5486,-0.12856,toward pass
1148,2008-09-28 07:38:00,pass,0.0203,False,4,s460,26.7147,0.11847,toward fail
1148,2008-09-28 07:38:00,pass,0.0203,False,5,s519,,-0.11538,toward pass
1149,2008-09-28 07:52:00,pass,0.0222,False,1,s059,-0.5045,-0.60789,toward pass
1149,2008-09-28 07:52:00,pass,0.0222,False,2,s475,5.2561,0.27182,toward fail
1149,2008-09-28 07:52:00,pass,0.0222,False,3,s102,-0.0003,0.1547,toward fail
1149,2008-09-28 07:52:00,pass,0.0222,False,4,s519,,-0.11823,toward pass
1149,2008-09-28 07:52:00,pass,0.0222,False,5,s460,26.2777,0.10776,toward fail
1150,2008-09-28 08:40:00,pass,0.0162,False,1,s059,-0.1545,-0.5569,toward pass
1150,2008-09-28 08:40:00,pass,0.0162,False,2,s102,0.0061,-0.17491,toward pass
1150,2008-09-28 08:40:00,pass,0.0162,False,3,s333,7.4694,0.13678,toward fail
1150,2008-09-28 08:40:00,pass,0.0162,False,4,s523,0.046,0.13503,toward fail
1150,2008-09-28 08:40:00,pass,0.0162,False,5,s477,4.319,-0.11152,toward pass
1151,2008-09-28 08:41:00,pass,0.0168,False,1,s059,-1.6864,-0.50715,toward pass
1151,2008-09-28 08:41:00,pass,0.0168,False,2,s021,-5357.0,0.1669,toward fail
1151,2008-09-28 08:41:00,pass,0.0168,False,3,s523,0.0499,0.15791,toward fail
1151,2008-09-28 08:41:00,pass,0.0168,False,4,s460,22.4575,-0.13187,toward pass
1151,2008-09-28 08:41:00,pass,0.0168,False,5,s102,0.2206,-0.1083,toward pass
1152,2008-09-28 09:50:00,fail,0.0304,False,1,s059,-0.8218,-0.55805,toward pass
1152,2008-09-28 09:50:00,fail,0.0304,False,2,s102,-0.0907,0.13687,toward fail
1152,2008-09-28 09:50:00,fail,0.0304,False,3,s519,,-0.12413,toward pass
1152,2008-09-28 09:50:00,fail,0.0304,False,4,s000,2965.73,0.12145,toward fail
1152,2008-09-28 09:50:00,fail,0.0304,False,5,s345,,-0.11842,toward pass
1153,2008-09-28 17:05:00,pass,0.0159,False,1,s460,19.3985,-0.18438,toward pass
1153,2008-09-28 17:05:00,pass,0.0159,False,2,s587,0.0181,0.11712,toward fail
1153,2008-09-28 17:05:00,pass,0.0159,False,3,s059,1.6336,-0.11125,toward pass
1153,2008-09-28 17:05:00,pass,0.0159,False,4,s102,,-0.11118,toward pass
1153,2008-09-28 17:05:00,pass,0.0159,False,5,s477,3.5061,-0.1085,toward pass
1154,2008-09-28 17:06:00,pass,0.0169,False,1,s059,-1.4973,-0.75664,toward pass
1154,2008-09-28 17:06:00,pass,0.0169,False,2,s475,5.3359,0.22872,toward fail
1154,2008-09-28 17:06:00,pass,0.0169,False,3,s102,0.0214,-0.14328,toward pass
1154,2008-09-28 17:06:00,pass,0.0169,False,4,s519,10.6923,0.09955,toward fail
1154,2008-09-28 17:06:00,pass,0.0169,False,5,s562,270.144,-0.09447,toward pass
1155,2008-09-28 17:49:00,pass,0.0329,False,1,s102,-0.0028,0.17052,toward fail
1155,2008-09-28 17:49:00,pass,0.0329,False,2,s333,7.8838,0.14506,toward fail
1155,2008-09-28 17:49:00,pass,0.0329,False,3,s519,,-0.12854,toward pass
1155,2008-09-28 17:49:00,pass,0.0329,False,4,s460,30.1043,0.116,toward fail
1155,2008-09-28 17:49:00,pass,0.0329,False,5,s345,,-0.09549,toward pass
1156,2008-09-28 17:55:00,pass,0.0268,False,1,s477,6.913,0.26723,toward fail
1156,2008-09-28 17:55:00,pass,0.0268,False,2,s460,13.8872,-0.17931,toward pass
1156,2008-09-28 17:55:00,pass,0.0268,False,3,s519,,-0.13038,toward pass
1156,2008-09-28 17:55:00,pass,0.0268,False,4,s587,0.0181,0.11559,toward fail
1156,2008-09-28 17:55:00,pass,0.0268,False,5,s059,2.8464,-0.10866,toward pass
1157,2008-09-28 18:34:00,pass,0.0474,False,1,s477,7.3859,0.2599,toward fail
1157,2008-09-28 18:34:00,pass,0.0474,False,2,s519,6.5001,0.11257,toward fail
1157,2008-09-28 18:34:00,pass,0.0474,False,3,s345,,-0.10224,toward pass
1157,2008-09-28 18:34:00,pass,0.0474,False,4,s163,0.115,-0.09876,toward pass
1157,2008-09-28 18:34:00,pass,0.0474,False,5,s333,6.8688,0.08694,toward fail
1158,2008-09-28 18:43:00,pass,0.0205,False,1,s059,-1.4355,-0.66084,toward pass
1158,2008-09-28 18:43:00,pass,0.0205,False,2,s102,-0.0001,0.14996,toward fail
1158,2008-09-28 18:43:00,pass,0.0205,False,3,s063,18.8672,0.13736,toward fail
1158,2008-09-28 18:43:00,pass,0.0205,False,4,s345,,-0.09855,toward pass
1158,2008-09-28 18:43:00,pass,0.0205,False,5,s519,0.0,-0.09532,toward pass
1159,2008-09-28 19:18:00,pass,0.0101,False,1,s059,-0.7155,-0.53437,toward pass
1159,2008-09-28 19:18:00,pass,0.0101,False,2,s460,10.4895,-0.19179,toward pass
1159,2008-09-28 19:18:00,pass,0.0101,False,3,s102,-0.0137,0.11786,toward fail
1159,2008-09-28 19:18:00,pass,0.0101,False,4,s345,,-0.1037,toward pass
1159,2008-09-28 19:18:00,pass,0.0101,False,5,s519,6.3209,0.09496,toward fail
1160,2008-09-28 19:29:00,pass,0.0203,False,1,s059,0.3209,-0.49584,toward pass
1160,2008-09-28 19:29:00,pass,0.0203,False,2,s460,9.4643,-0.19282,toward pass
1160,2008-09-28 19:29:00,pass,0.0203,False,3,s519,,-0.15915,toward pass
1160,2008-09-28 19:29:00,pass,0.0203,False,4,s102,-0.0219,0.12091,toward fail
1160,2008-09-28 19:29:00,pass,0.0203,False,5,s587,0.0181,0.08977,toward fail
1161,2008-09-28 20:02:00,pass,0.0112,False,1,s059,-4.4109,-0.57015,toward pass
1161,2008-09-28 20:02:00,pass,0.0112,False,2,s102,0.0371,-0.17137,toward pass
1161,2008-09-28 20:02:00,pass,0.0112,False,3,s519,,-0.12512,toward pass
1161,2008-09-28 20:02:00,pass,0.0112,False,4,s345,,-0.10743,toward pass
1161,2008-09-28 20:02:00,pass,0.0112,False,5,s475,4.1186,-0.09109,toward pass
1162,2008-09-28 20:42:00,pass,0.026,False,1,s059,-5.7473,-0.53722,toward pass
1162,2008-09-28 20:42:00,pass,0.026,False,2,s102,-0.0388,0.15294,toward fail
1162,2008-09-28 20:42:00,pass,0.026,False,3,s519,,-0.12462,toward pass
1162,2008-09-28 20:42:00,pass,0.026,False,4,s345,,-0.11533,toward pass
1162,2008-09-28 20:42:00,pass,0.026,False,5,s460,33.8242,0.10853,toward fail
1163,2008-09-28 21:08:00,pass,0.0229,False,1,s059,-0.0945,-0.60441,toward pass
1163,2008-09-28 21:08:00,pass,0.0229,False,2,s041,2.541,0.23056,toward fail
1163,2008-09-28 21:08:00,pass,0.0229,False,3,s523,0.0507,0.15791,toward fail
1163,2008-09-28 21:08:00,pass,0.0229,False,4,s102,0.0371,-0.13254,toward pass
1163,2008-09-28 21:08:00,pass,0.0229,False,5,s477,4.0299,-0.11476,toward pass
1164,2008-09-28 21:27:00,pass,0.0263,False,1,s460,21.7559,-0.14456,toward pass
1164,2008-09-28 21:27:00,pass,0.0263,False,2,s102,-0.0233,0.1385,toward fail
1164,2008-09-28 21:27:00,pass,0.0263,False,3,s519,3.9654,-0.11422,toward pass
1164,2008-09-28 21:27:00,pass,0.0263,False,4,s172,0.1827,-0.11312,toward pass
1164,2008-09-28 21:27:00,pass,0.0263,False,5,s163,0.221,0.10359,toward fail
1165,2008-09-28 22:44:00,pass,0.0126,False,1,s059,-0.1464,-0.60629,toward pass
1165,2008-09-28 22:44:00,pass,0.0126,False,2,s102,0.0195,-0.13254,toward pass
1165,2008-09-28 22:44:00,pass,0.0126,False,3,s247,0.016,-0.11216,toward pass
1165,2008-09-28 22:44:00,pass,0.0126,False,4,s345,,-0.09287,toward pass
1165,2008-09-28 22:44:00,pass,0.0126,False,5,s519,3.4358,-0.09264,toward pass
1166,2008-09-28 23:54:00,pass,0.0198,False,1,s163,0.162,0.13493,toward fail
1166,2008-09-28 23:54:00,pass,0.0198,False,2,s102,-0.0308,0.13389,toward fail
1166,2008-09-28 23:54:00,pass,0.0198,False,3,s059,1.1473,-0.1108,toward pass
1166,2008-09-28 23:54:00,pass,0.0198,False,4,s460,35.8117,0.10654,toward fail
1166,2008-09-28 23:54:00,pass,0.0198,False,5,s519,,-0.10116,toward pass
1167,2008-09-29 02:06:00,pass,0.0153,False,1,s059,-1.9382,-0.61058,toward pass
1167,2008-09-29 02:06:00,pass,0.0153,False,2,s102,0.0309,-0.15249,toward pass
1167,2008-09-29 02:06:00,pass,0.0153,False,3,s063,23.6318,0.15095,toward fail
1167,2008-09-29 02:06:00,pass,0.0153,False,4,s333,6.8247,0.13668,toward fail
1167,2008-09-29 02:06:00,pass,0.0153,False,5,s519,4.0263,-0.12512,toward pass
1168,2008-09-29 03:07:00,pass,0.0317,False,1,s519,0.0,-0.18068,toward pass
1168,2008-09-29 03:07:00,pass,0.0317,False,2,s063,19.2872,0.16382,toward fail
1168,2008-09-29 03:07:00,pass,0.0317,False,3,s102,-0.0681,0.12925,toward fail
1168,2008-09-29 03:07:00,pass,0.0317,False,4,s163,0.25,0.12694,toward fail
1168,2008-09-29 03:07:00,pass,0.0317,False,5,s460,36.1226,0.12629,toward fail
1169,2008-09-29 03:50:00,pass,0.0163,False,1,s059,0.2073,-0.60486,toward pass
1169,2008-09-29 03:50:00,pass,0.0163,False,2,s460,15.246,-0.22237,toward pass
1169,2008-09-29 03:50:00,pass,0.0163,False,3,s519,0.0,-0.14548,toward pass
1169,2008-09-29 03:50:00,pass,0.0163,False,4,s063,18.1973,0.13736,toward fail
1169,2008-09-29 03:50:00,pass,0.0163,False,5,s345,,-0.12206,toward pass
1170,2008-09-29 04:18:00,pass,0.0123,False,1,s059,-0.1191,-0.49085,toward pass
1170,2008-09-29 04:18:00,pass,0.0123,False,2,s425,8.4211,0.15145,toward fail
1170,2008-09-29 04:18:00,pass,0.0123,False,3,s460,21.2162,-0.14307,toward pass
1170,2008-09-29 04:18:00,pass,0.0123,False,4,s102,0.0035,0.11436,toward fail
1170,2008-09-29 04:18:00,pass,0.0123,False,5,s519,,-0.10085,toward pass
1171,2008-09-29 04:47:00,pass,0.0165,False,1,s059,-1.8827,-0.60668,toward pass
1171,2008-09-29 04:47:00,pass,0.0165,False,2,s102,0.0254,-0.15249,toward pass
1171,2008-09-29 04:47:00,pass,0.0165,False,3,s519,4.0038,-0.13571,toward pass
1171,2008-09-29 04:47:00,pass,0.0165,False,4,s000,2829.84,0.12002,toward fail
1171,2008-09-29 04:47:00,pass,0.0165,False,5,s477,3.4658,-0.1178,toward pass
1172,2008-09-29 05:32:00,pass,0.1027,False,1,s475,4.924,0.33468,toward fail
1172,2008-09-29 05:32:00,pass,0.1027,False,2,s102,-0.0035,0.19022,toward fail
1172,2008-09-29 05:32:00,pass,0.1027,False,3,s519,5.6947,0.15228,toward fail
1172,2008-09-29 05:32:00,pass,0.1027,False,4,s469,5.7875,0.10414,toward fail
1172,2008-09-29 05:32:00,pass,0.1027,False,5,s000,3169.93,-0.10413,toward pass
1173,2008-09-29 07:53:00,pass,0.0366,False,1,s059,4.5382,0.19242,toward fail
1173,2008-09-29 07:53:00,pass,0.0366,False,2,s102,0.0408,-0.1886,toward pass
1173,2008-09-29 07:53:00,pass,0.0366,False,3,s519,5.0862,0.15392,toward fail
1173,2008-09-29 07:53:00,pass,0.0366,False,4,s460,23.7007,0.12382,toward fail
1173,2008-09-29 07:53:00,pass,0.0366,False,5,s000,3044.34,-0.12301,toward pass
1174,2008-09-29 09:15:00,pass,0.05,False,1,s059,0.4982,-0.563,toward pass
1174,2008-09-29 09:15:00,pass,0.05,False,2,s477,7.2128,0.23791,toward fail
1174,2008-09-29 09:15:00,pass,0.05,False,3,s460,18.3889,-0.17735,toward pass
1174,2008-09-29 09:15:00,pass,0.05,False,4,s519,4.9964,0.16472,toward fail
1174,2008-09-29 09:15:00,pass,0.05,False,5,s523,0.0403,0.15791,toward fail
1175,2008-09-29 11:13:00,pass,0.0221,False,1,s519,,-0.15689,toward pass
1175,2008-09-29 11:13:00,pass,0.0221,False,2,s460,59.1853,0.1445,toward fail
1175,2008-09-29 11:13:00,pass,0.0221,False,3,s163,0.134,0.1105,toward fail
1175,2008-09-29 11:13:00,pass,0.0221,False,4,s102,-0.0477,0.09971,toward fail
1175,2008-09-29 11:13:00,pass,0.0221,False,5,s477,5.5816,-0.09822,toward pass
1176,2008-09-29 11:53:00,pass,0.0237,False,1,s519,0.0,-0.15587,toward pass
1176,2008-09-29 11:53:00,pass,0.0237,False,2,s102,-0.0348,0.12551,toward fail
1176,2008-09-29 11:53:00,pass,0.0237,False,3,s171,0.058,-0.11726,toward pass
1176,2008-09-29 11:53:00,pass,0.0237,False,4,s172,0.2769,-0.11312,toward pass
1176,2008-09-29 11:53:00,pass,0.0237,False,5,s000,2939.73,0.11207,toward fail
1177,2008-09-29 12:25:00,pass,0.0286,False,1,s041,2.537,0.23056,toward fail
1177,2008-09-29 12:25:00,pass,0.0286,False,2,s460,17.2867,-0.2264,toward pass
1177,2008-09-29 12:25:00,pass,0.0286,False,3,s065,27.9356,0.17039,toward fail
1177,2008-09-29 12:25:00,pass,0.0286,False,4,s059,1.0,-0.14088,toward pass
1177,2008-09-29 12:25:00,pass,0.0286,False,5,s021,-5097.0,0.12907,toward fail
1178,2008-09-29 14:03:00,pass,0.0219,False,1,s059,-0.95,-0.66798,toward pass
1178,2008-09-29 14:03:00,pass,0.0219,False,2,s102,0.0406,-0.14758,toward pass
1178,2008-09-29 14:03:00,pass,0.0219,False,3,s038,86.2277,0.13787,toward fail
1178,2008-09-29 14:03:00,pass,0.0219,False,4,s000,2960.58,0.13299,toward fail
1178,2008-09-29 14:03:00,pass,0.0219,False,5,s519,184.3488,0.11241,toward fail
1179,2008-09-29 14:04:00,pass,0.0638,False,1,s059,-2.2364,-0.57552,toward pass
1179,2008-09-29 14:04:00,pass,0.0638,False,2,s475,5.1712,0.21901,toward fail
1179,2008-09-29 14:04:00,pass,0.0638,False,3,s021,-5060.0,0.15253,toward fail
1179,2008-09-29 14:04:00,pass,0.0638,False,4,s102,-0.0328,0.12062,toward fail
1179,2008-09-29 14:04:00,pass,0.0638,False,5,s519,,-0.10141,toward pass
1180,2008-09-29 14:08:00,pass,0.054,False,1,s460,21.1766,-0.31448,toward pass
1180,2008-09-29 14:08:00,pass,0.054,False,2,s519,,-0.17827,toward pass
1180,2008-09-29 14:08:00,pass,0.054,False,3,s063,18.1982,0.15408,toward fail
1180,2008-09-29 14:08:00,pass,0.054,False,4,s038,86.2277,0.13787,toward fail
1180,2008-09-29 14:08:00,pass,0.054,False,5,s000,2953.29,0.13165,toward fail
1181,2008-09-29 15:09:00,pass,0.0195,False,1,s102,0.0511,-0.16191,toward pass
1181,2008-09-29 15:09:00,pass,0.0195,False,2,s477,4.8659,-0.11349,toward pass
1181,2008-09-29 15:09:00,pass,0.0195,False,3,s460,36.7423,0.11227,toward fail
1181,2008-09-29 15:09:00,pass,0.0195,False,4,s519,4.4904,-0.10701,toward pass
1181,2008-09-29 15:09:00,pass,0.0195,False,5,s425,10.3899,0.08833,toward fail
1182,2008-09-29 15:16:00,pass,0.0619,False,1,s519,3.8922,-0.15915,toward pass
1182,2008-09-29 15:16:00,pass,0.0619,False,2,s345,5.0377,0.14445,toward fail
1182,2008-09-29 15:16:00,pass,0.0619,False,3,s102,-0.0086,0.12166,toward fail
1182,2008-09-29 15:16:00,pass,0.0619,False,4,s063,18.0991,0.11961,toward fail
1182,2008-09-29 15:16:00,pass,0.0619,False,5,s059,0.59,-0.11014,toward pass
1183,2008-09-29 16:27:00,pass,0.012,False,1,s102,0.0092,-0.17647,toward pass
1183,2008-09-29 16:27:00,pass,0.012,False,2,s460,13.8863,-0.15183,toward pass
1183,2008-09-29 16:27:00,pass,0.012,False,3,s519,,-0.10244,toward pass
1183,2008-09-29 16:27:00,pass,0.012,False,4,s475,4.054,-0.0767,toward pass
1183,2008-09-29 16:27:00,pass,0.012,False,5,s477,4.1739,-0.07015,toward pass
1184,2008-09-29 17:21:00,pass,0.0371,False,1,s059,-2.3364,-0.62476,toward pass
1184,2008-09-29 17:21:00,pass,0.0371,False,2,s021,-4994.25,0.18813,toward fail
1184,2008-09-29 17:21:00,pass,0.0371,False,3,s519,4.5251,-0.13052,toward pass
1184,2008-09-29 17:21:00,pass,0.0371,False,4,s102,-0.0686,0.12166,toward fail
1184,2008-09-29 17:21:00,pass,0.0371,False,5,s460,52.9556,0.11861,toward fail
1185,2008-09-29 21:26:00,pass,0.0221,False,1,s059,-10.4455,-0.48342,toward pass
1185,2008-09-29 21:26:00,pass,0.0221,False,2,s041,2.54,0.23056,toward fail
1185,2008-09-29 21:26:00,pass,0.0221,False,3,s063,22.38,0.19176,toward fail
1185,2008-09-29 21:26:00,pass,0.0221,False,4,s038,86.3125,0.13787,toward fail
1185,2008-09-29 21:26:00,pass,0.0221,False,5,s102,0.0054,-0.11666,toward pass
1186,2008-09-29 21:48:00,fail,0.0176,False,1,s059,-2.9491,-0.62292,toward pass
1186,2008-09-29 21:48:00,fail,0.0176,False,2,s063,17.6954,0.18837,toward fail
1186,2008-09-29 21:48:00,fail,0.0176,False,3,s102,0.0254,-0.16662,toward pass
1186,2008-09-29 21:48:00,fail,0.0176,False,4,s519,,-0.11566,toward pass
1186,2008-09-29 21:48:00,fail,0.0176,False,5,s477,3.5892,-0.11342,toward pass
1187,2008-09-29 22:13:00,pass,0.0138,False,1,s059,0.4782,-0.57485,toward pass
1187,2008-09-29 22:13:00,pass,0.0138,False,2,s475,5.2205,0.2535,toward fail
1187,2008-09-29 22:13:00,pass,0.0138,False,3,s102,0.0555,-0.1935,toward pass
1187,2008-09-29 22:13:00,pass,0.0138,False,4,s519,3.6155,-0.09957,toward pass
1187,2008-09-29 22:13:00,pass,0.0138,False,5,s000,3049.97,-0.0948,toward pass
1188,2008-09-30 01:33:00,pass,0.0388,False,1,s460,20.6732,-0.2202,toward pass
1188,2008-09-30 01:33:00,pass,0.0388,False,2,s519,3.5072,-0.17474,toward pass
1188,2008-09-30 01:33:00,pass,0.0388,False,3,s477,7.1475,0.16381,toward fail
1188,2008-09-30 01:33:00,pass,0.0388,False,4,s227,0.0099,-0.13881,toward pass
1188,2008-09-30 01:33:00,pass,0.0388,False,5,s425,8.8275,0.11866,toward fail
1189,2008-09-30 01:36:00,pass,0.0274,False,1,s059,-7.0082,-0.52276,toward pass
1189,2008-09-30 01:36:00,pass,0.0274,False,2,s477,7.8141,0.20049,toward fail
1189,2008-09-30 01:36:00,pass,0.0274,False,3,s021,-5303.0,0.16498,toward fail
1189,2008-09-30 01:36:00,pass,0.0274,False,4,s519,,-0.13334,toward pass
1189,2008-09-30 01:36:00,pass,0.0274,False,5,s345,6.4155,0.11741,toward fail
1190,2008-09-30 02:44:00,fail,0.0555,False,1,s102,-0.0313,0.15446,toward fail
1190,2008-09-30 02:44:00,fail,0.0555,False,2,s519,3.1799,-0.13723,toward pass
1190,2008-09-30 02:44:00,fail,0.0555,False,3,s163,0.144,0.13166,toward fail
1190,2008-09-30 02:44:00,fail,0.0555,False,4,s460,24.3419,0.11614,toward fail
1190,2008-09-30 02:44:00,fail,0.0555,False,5,s307,0.1598,0.10365,toward fail
1191,2008-09-30 04:01:00,pass,0.0454,False,1,s059,6.3491,0.75064,toward fail
1191,2008-09-30 04:01:00,pass,0.0454,False,2,s041,0.042,0.23056,toward fail
1191,2008-09-30 04:01:00,pass,0.0454,False,3,s102,0.1329,-0.18463,toward pass
1191,2008-09-30 04:01:00,pass,0.0454,False,4,s477,3.6306,-0.12362,toward pass
1191,2008-09-30 04:01:00,pass,0.0454,False,5,s460,19.8547,-0.10236,toward pass
1192,2008-09-30 04:42:00,pass,0.1352,True,1,s059,6.2755,0.80668,toward fail
1192,2008-09-30 04:42:00,pass,0.1352,True,2,s475,4.9857,0.23757,toward fail
1192,2008-09-30 04:42:00,pass,0.1352,True,3,s041,2.295,0.23056,toward fail
1192,2008-09-30 04:42:00,pass,0.1352,True,4,s460,11.8854,-0.17263,toward pass
1192,2008-09-30 04:42:00,pass,0.1352,True,5,s102,0.0215,-0.13971,toward pass
1193,2008-09-30 08:44:00,pass,0.1503,True,1,s059,5.6364,0.72898,toward fail
1193,2008-09-30 08:44:00,pass,0.1503,True,2,s102,0.0158,-0.19877,toward pass
1193,2008-09-30 08:44:00,pass,0.1503,True,3,s121,15.67,-0.18568,toward pass
1193,2008-09-30 08:44:00,pass,0.1503,True,4,s519,8.5961,0.16431,toward fail
1193,2008-09-30 08:44:00,pass,0.1503,True,5,s475,5.1595,0.15362,toward fail
1194,2008-09-30 12:31:00,pass,0.023,False,1,s059,-3.7791,-0.57277,toward pass
1194,2008-09-30 12:31:00,pass,0.023,False,2,s475,4.9907,0.29364,toward fail
1194,2008-09-30 12:31:00,pass,0.023,False,3,s102,0.0648,-0.15119,toward pass
1194,2008-09-30 12:31:00,pass,0.023,False,4,s519,0.0,-0.13879,toward pass
1194,2008-09-30 12:31:00,pass,0.023,False,5,s477,3.574,-0.11558,toward pass
1195,2008-09-30 13:29:00,pass,0.0104,False,1,s059,-1.9482,-0.64396,toward pass
1195,2008-09-30 13:29:00,pass,0.0104,False,2,s460,15.173,-0.15637,toward pass
1195,2008-09-30 13:29:00,pass,0.0104,False,3,s102,0.0159,-0.1447,toward pass
1195,2008-09-30 13:29:00,pass,0.0104,False,4,s000,2952.23,0.10442,toward fail
1195,2008-09-30 13:29:00,pass,0.0104,False,5,s519,,-0.10165,toward pass
1196,2008-09-30 14:20:00,pass,0.0329,False,1,s460,28.261,0.13449,toward fail
1196,2008-09-30 14:20:00,pass,0.0329,False,2,s163,0.147,0.13166,toward fail
1196,2008-09-30 14:20:00,pass,0.0329,False,3,s102,-0.0119,0.12953,toward fail
1196,2008-09-30 14:20:00,pass,0.0329,False,4,s519,14.7595,0.10516,toward fail
1196,2008-09-30 14:20:00,pass,0.0329,False,5,s133,988.5307,-0.09454,toward pass
1197,2008-09-30 14:36:00,pass,0.0235,False,1,s059,0.1536,-0.74923,toward pass
1197,2008-09-30 14:36:00,pass,0.0235,False,2,s519,,-0.15392,toward pass
1197,2008-09-30 14:36:00,pass,0.0235,False,3,s227,0.0116,-0.13881,toward pass
1197,2008-09-30 14:36:00,pass,0.0235,False,4,s460,24.9241,0.12062,toward fail
1197,2008-09-30 14:36:00,pass,0.0235,False,5,s000,2942.64,0.09795,toward fail
1198,2008-09-30 15:16:00,pass,0.0159,False,1,s059,-1.3127,-0.5513,toward pass
1198,2008-09-30 15:16:00,pass,0.0159,False,2,s063,19.2809,0.19039,toward fail
1198,2008-09-30 15:16:00,pass,0.0159,False,3,s425,11.5822,0.1408,toward fail
1198,2008-09-30 15:16:00,pass,0.0159,False,4,s477,4.3131,-0.13261,toward pass
1198,2008-09-30 15:16:00,pass,0.0159,False,5,s460,20.2196,-0.10626,toward pass
1199,2008-09-30 15:26:00,pass,0.0237,False,1,s059,-1.86,-0.53956,toward pass
1199,2008-09-30 15:26:00,pass,0.0237,False,2,s063,17.9545,0.19039,toward fail
1199,2008-09-30 15:26:00,pass,0.0237,False,3,s102,0.0077,-0.17841,toward pass
1199,2008-09-30 15:26:00,pass,0.0237,False,4,s523,0.0315,0.13503,toward fail
1199,2008-09-30 15:26:00,pass,0.0237,False,5,s477,4.7955,-0.12136,toward pass
1200,2008-09-30 16:13:00,pass,0.055,False,1,s460,16.4282,-0.24275,toward pass
1200,2008-09-30 16:13:00,pass,0.055,False,2,s519,6.7908,0.15336,toward fail
1200,2008-09-30 16:13:00,pass,0.055,False,3,s102,-0.0348,0.15265,toward fail
1200,2008-09-30 16:13:00,pass,0.055,False,4,s425,19.2562,0.14573,toward fail
1200,2008-09-30 16:13:00,pass,0.055,False,5,s469,6.3623,0.10414,toward fail
1201,2008-09-30 16:50:00,pass,0.016,False,1,s102,0.0364,-0.21209,toward pass
1201,2008-09-30 16:50:00,pass,0.016,False,2,s519,3.8743,-0.19485,toward pass
1201,2008-09-30 16:50:00,pass,0.016,False,3,s172,0.257,-0.11312,toward pass
1201,2008-09-30 16:50:00,pass,0.016,False,4,s059,3.1764,-0.08445,toward pass
1201,2008-09-30 16:50:00,pass,0.016,False,5,s213,0.0343,-0.06744,toward pass
1202,2008-09-30 17:27:00,pass,0.0213,False,1,s059,-2.3591,-0.68914,toward pass
1202,2008-09-30 17:27:00,pass,0.0213,False,2,s041,0.8505,0.23056,toward fail
1202,2008-09-30 17:27:00,pass,0.0213,False,3,s063,21.1146,0.18688,toward fail
1202,2008-09-30 17:27:00,pass,0.0213,False,4,s425,8.4558,0.1444,toward fail
1202,2008-09-30 17:27:00,pass,0.0213,False,5,s102,0.0365,-0.1083,toward pass
1203,2008-09-30 19:17:00,pass,0.0348,False,1,s102,-0.0221,0.15446,toward fail
1203,2008-09-30 19:17:00,pass,0.0348,False,2,s519,,-0.12811,toward pass
1203,2008-09-30 19:17:00,pass,0.0348,False,3,s163,0.25,0.1105,toward fail
1203,2008-09-30 19:17:00,pass,0.0348,False,4,s000,2943.49,0.10885,toward fail
1203,2008-09-30 19:17:00,pass,0.0348,False,5,s460,42.8257,0.10283,toward fail
1204,2008-09-30 19:17:00,pass,0.0225,False,1,s059,-6.0255,-0.6794,toward pass
1204,2008-09-30 19:17:00,pass,0.0225,False,2,s102,0.0465,-0.14795,toward pass
1204,2008-09-30 19:17:00,pass,0.0225,False,3,s519,4.7303,0.14396,toward fail
1204,2008-09-30 19:17:00,pass,0.0225,False,4,s345,5.148,0.13504,toward fail
1204,2008-09-30 19:17:00,pass,0.0225,False,5,s477,3.6401,-0.1273,toward pass
1205,2008-09-30 21:39:00,pass,0.0316,False,1,s059,0.1973,-0.47464,toward pass
1205,2008-09-30 21:39:00,pass,0.0316,False,2,s021,-5145.25,0.1678,toward fail
1205,2008-09-30 21:39:00,pass,0.0316,False,3,s519,,-0.15868,toward pass
1205,2008-09-30 21:39:00,pass,0.0316,False,4,s102,0.0015,0.13687,toward fail
1205,2008-09-30 21:39:00,pass,0.0316,False,5,s345,6.4195,0.13119,toward fail
1206,2008-09-30 21:42:00,pass,0.0642,False,1,s460,36.6246,0.1373,toward fail
1206,2008-09-30 21:42:00,pass,0.0642,False,2,s102,-0.116,0.12449,toward fail
1206,2008-09-30 21:42:00,pass,0.0642,False,3,s587,0.0178,0.11035,toward fail
1206,2008-09-30 21:42:00,pass,0.0642,False,4,s519,,-0.10534,toward pass
1206,2008-09-30 21:42:00,pass,0.0642,False,5,s469,5.3198,0.10414,toward fail
1207,2008-09-30 23:34:00,pass,0.026,False,1,s059,,-0.64373,toward pass
1207,2008-09-30 23:34:00,pass,0.026,False,2,s102,-0.0635,0.15097,toward fail
1207,2008-09-30 23:34:00,pass,0.026,False,3,s519,,-0.1173,toward pass
1207,2008-09-30 23:34:00,pass,0.026,False,4,s587,0.0178,0.10324,toward fail
1207,2008-09-30 23:34:00,pass,0.026,False,5,s345,,-0.09864,toward pass
1208,2008-09-30 23:58:00,pass,0.0256,False,1,s059,0.2355,-0.69167,toward pass
1208,2008-09-30 23:58:00,pass,0.0256,False,2,s102,0.051,-0.17137,toward pass
1208,2008-09-30 23:58:00,pass,0.0256,False,3,s519,,-0.14301,toward pass
1208,2008-09-30 23:58:00,pass,0.0256,False,4,s460,29.9956,0.12159,toward fail
1208,2008-09-30 23:58:00,pass,0.0256,False,5,s063,18.7318,0.12025,toward fail
1209,2008-10-01 00:20:00,pass,0.0239,False,1,s059,-3.01,-0.49511,toward pass
1209,2008-10-01 00:20:00,pass,0.0239,False,2,s460,20.6644,-0.19614,toward pass
1209,2008-10-01 00:20:00,pass,0.0239,False,3,s102,0.0522,-0.14237,toward pass
1209,2008-10-01 00:20:00,pass,0.0239,False,4,s523,0.0442,0.13503,toward fail
1209,2008-10-01 00:20:00,pass,0.0239,False,5,s021,-5190.0,0.11301,toward fail
1210,2008-10-01 01:11:00,pass,0.0766,False,1,s477,8.226,0.24096,toward fail
1210,2008-10-01 01:11:00,pass,0.0766,False,2,s059,1.28,-0.18228,toward pass
1210,2008-10-01 01:11:00,pass,0.0766,False,3,s021,-5191.5,0.1745,toward fail
1210,2008-10-01 01:11:00,pass,0.0766,False,4,s519,6.5641,0.15142,toward fail
1210,2008-10-01 01:11:00,pass,0.0766,False,5,s345,5.0119,0.12431,toward fail
1211,2008-10-01 02:53:00,pass,0.0345,False,1,s163,0.173,0.13166,toward fail
1211,2008-10-01 02:53:00,pass,0.0345,False,2,s460,25.7881,0.12722,toward fail
1211,2008-10-01 02:53:00,pass,0.0345,False,3,s102,-0.0586,0.12645,toward fail
1211,2008-10-01 02:53:00,pass,0.0345,False,4,s133,993.4794,-0.12175,toward pass
1211,2008-10-01 02:53:00,pass,0.0345,False,5,s519,,-0.12163,toward pass
1212,2008-10-01 05:56:00,fail,0.0132,False,1,s059,-3.0055,-0.52451,toward pass
1212,2008-10-01 05:56:00,fail,0.0132,False,2,s477,4.3632,-0.13104,toward pass
1212,2008-10-01 05:56:00,fail,0.0132,False,3,s587,0.0209,0.11616,toward fail
1212,2008-10-01 05:56:00,fail,0.0132,False,4,s460,12.7111,-0.11557,toward pass
1212,2008-10-01 05:56:00,fail,0.0132,False,5,s519,,-0.11312,toward pass
1213,2008-10-01 07:19:00,pass,0.0105,False,1,s059,-1.0982,-0.46256,toward pass
1213,2008-10-01 07:19:00,pass,0.0105,False,2,s460,16.6099,-0.19508,toward pass
1213,2008-10-01 07:19:00,pass,0.0105,False,3,s519,,-0.11795,toward pass
1213,2008-10-01 07:19:00,pass,0.0105,False,4,s171,0.0827,-0.09258,toward pass
1213,2008-10-01 07:19:00,pass,0.0105,False,5,s102,-0.0359,0.08684,toward fail
1214,2008-10-01 07:28:00,pass,0.0179,False,1,s059,-2.0309,-0.53665,toward pass
1214,2008-10-01 07:28:00,pass,0.0179,False,2,s523,0.0451,0.15791,toward fail
1214,2008-10-01 07:28:00,pass,0.0179,False,3,s519,,-0.14025,toward pass
1214,2008-10-01 07:28:00,pass,0.0179,False,4,s102,-0.0685,0.13687,toward fail
1214,2008-10-01 07:28:00,pass,0.0179,False,5,s345,,-0.08765,toward pass
1215,2008-10-01 08:15:00,pass,0.0172,False,1,s059,-6.6464,-0.50731,toward pass
1215,2008-10-01 08:15:00,pass,0.0172,False,2,s519,,-0.15112,toward pass
1215,2008-10-01 08:15:00,pass,0.0172,False,3,s000,2924.32,0.1462,toward fail
1215,2008-10-01 08:15:00,pass,0.0172,False,4,s102,-0.0094,0.13687,toward fail
1215,2008-10-01 08:15:00,pass,0.0172,False,5,s497,14.4679,-0.10065,toward pass
1216,2008-10-01 09:15:00,pass,0.0164,False,1,s059,-0.5455,-0.50117,toward pass
1216,2008-10-01 09:15:00,pass,0.0164,False,2,s063,20.41,0.16946,toward fail
1216,2008-10-01 09:15:00,pass,0.0164,False,3,s102,-0.0425,0.13408,toward fail
1216,2008-10-01 09:15:00,pass,0.0164,False,4,s519,,-0.08858,toward pass
1216,2008-10-01 09:15:00,pass,0.0164,False,5,s460,26.9745,0.08558,toward fail
1217,2008-10-01 09:16:00,pass,0.0111,False,1,s059,-7.1518,-0.59735,toward pass
1217,2008-10-01 09:16:00,pass,0.0111,False,2,s519,,-0.14025,toward pass
1217,2008-10-01 09:16:00,pass,0.0111,False,3,s102,-0.0071,0.10279,toward fail
1217,2008-10-01 09:16:00,pass,0.0111,False,4,s497,17.2269,-0.10065,toward pass
1217,2008-10-01 09:16:00,pass,0.0111,False,5,s477,3.2322,-0.09474,toward pass
1218,2008-10-01 14:22:00,pass,0.049,False,1,s059,-6.3845,-0.71051,toward pass
1218,2008-10-01 14:22:00,pass,0.049,False,2,s102,-0.0052,0.16966,toward fail
1218,2008-10-01 14:22:00,pass,0.049,False,3,s523,0.0584,0.15791,toward fail
1218,2008-10-01 14:22:00,pass,0.049,False,4,s519,8.6862,0.15614,toward fail
1218,2008-10-01 14:22:00,pass,0.049,False,5,s063,17.8509,0.13787,toward fail
1219,2008-10-01 15:16:00,pass,0.0163,False,1,s059,-0.1545,-0.5748,toward pass
1219,2008-10-01 15:16:00,pass,0.0163,False,2,s475,5.0067,0.34976,toward fail
1219,2008-10-01 15:16:00,pass,0.0163,False,3,s102,0.0114,-0.17761,toward pass
1219,2008-10-01 15:16:00,pass,0.0163,False,4,s519,3.9018,-0.15084,toward pass
1219,2008-10-01 15:16:00,pass,0.0163,False,5,s477,4.4263,-0.12101,toward pass
1220,2008-10-01 16:43:00,pass,0.0257,False,1,s059,-1.4327,-0.67089,toward pass
1220,2008-10-01 16:43:00,pass,0.0257,False,2,s021,-5357.25,0.17184,toward fail
1220,2008-10-01 16:43:00,pass,0.0257,False,3,s102,0.0642,-0.15923,toward pass
1220,2008-10-01 16:43:00,pass,0.0257,False,4,s519,14.0359,0.13179,toward fail
1220,2008-10-01 16:43:00,pass,0.0257,False,5,s345,6.3794,0.12737,toward fail
1221,2008-10-01 19:57:00,pass,0.0141,False,1,s059,-5.65,-0.65934,toward pass
1221,2008-10-01 19:57:00,pass,0.0141,False,2,s460,12.961,-0.22232,toward pass
1221,2008-10-01 19:57:00,pass,0.0141,False,3,s519,4.3313,-0.13052,toward pass
1221,2008-10-01 19:57:00,pass,0.0141,False,4,s102,-0.1359,0.12091,toward fail
1221,2008-10-01 19:57:00,pass,0.0141,False,5,s000,2973.99,0.10101,toward fail
1222,2008-10-01 21:15:00,pass,0.0643,False,1,s063,18.92,0.17194,toward fail
1222,2008-10-01 21:15:00,pass,0.0643,False,2,s000,2965.67,0.1462,toward fail
1222,2008-10-01 21:15:00,pass,0.0643,False,3,s163,0.134,0.13493,toward fail
1222,2008-10-01 21:15:00,pass,0.0643,False,4,s519,4.5618,-0.12831,toward pass
1222,2008-10-01 21:15:00,pass,0.0643,False,5,s460,41.1981,0.11036,toward fail
1223,2008-10-01 21:50:00,pass,0.0237,False,1,s059,-1.9727,-0.59336,toward pass
1223,2008-10-01 21:50:00,pass,0.0237,False,2,s102,-0.0578,0.13389,toward fail
1223,2008-10-01 21:50:00,pass,0.0237,False,3,s519,,-0.12472,toward pass
1223,2008-10-01 21:50:00,pass,0.0237,False,4,s000,2947.5,0.12094,toward fail
1223,2008-10-01 21:50:00,pass,0.0237,False,5,s307,0.0683,-0.08638,toward pass
1224,2008-10-01 22:47:00,pass,0.1362,True,1,s059,5.0691,0.70324,toward fail
1224,2008-10-01 22:47:00,pass,0.1362,True,2,s019,12.4018,-0.20792,toward pass
1224,2008-10-01 22:47:00,pass,0.1362,True,3,s102,-0.0297,0.18612,toward fail
1224,2008-10-01 22:47:00,pass,0.1362,True,4,s460,28.2506,0.16555,toward fail
1224,2008-10-01 22:47:00,pass,0.1362,True,5,s475,4.8756,0.15148,toward fail
1225,2008-10-01 23:34:00,pass,0.0112,False,1,s059,-0.5127,-0.48032,toward pass
1225,2008-10-01 23:34:00,pass,0.0112,False,2,s460,22.2875,-0.18026,toward pass
1225,2008-10-01 23:34:00,pass,0.0112,False,3,s519,,-0.15084,toward pass
1225,2008-10-01 23:34:00,pass,0.0112,False,4,s102,-0.031,0.07927,toward fail
1225,2008-10-01 23:34:00,pass,0.0112,False,5,s477,4.7687,-0.07765,toward pass
1226,2008-10-02 00:21:00,pass,0.081,False,1,s519,5.7045,0.19002,toward fail
1226,2008-10-02 00:21:00,pass,0.081,False,2,s345,9.4772,0.13805,toward fail
1226,2008-10-02 00:21:00,pass,0.081,False,3,s460,37.3314,0.13214,toward fail
1226,2008-10-02 00:21:00,pass,0.081,False,4,s102,-0.0126,0.1299,toward fail
1226,2008-10-02 00:21:00,pass,0.081,False,5,s163,0.177,0.1105,toward fail
1227,2008-10-02 00:22:00,pass,0.0242,False,1,s519,,-0.16239,toward pass
1227,2008-10-02 00:22:00,pass,0.0242,False,2,s102,-0.0499,0.12925,toward fail
1227,2008-10-02 00:22:00,pass,0.0242,False,3,s163,0.24,0.12694,toward fail
1227,2008-10-02 00:22:00,pass,0.0242,False,4,s460,28.8599,0.12667,toward fail
1227,2008-10-02 00:22:00,pass,0.0242,False,5,s172,0.1557,-0.11312,toward pass
1228,2008-10-02 03:17:00,fail,0.0604,False,1,s021,-5261.25,0.17673,toward fail
1228,2008-10-02 03:17:00,fail,0.0604,False,2,s519,5.2624,0.16677,toward fail
1228,2008-10-02 03:17:00,fail,0.0604,False,3,s102,-0.0545,0.15795,toward fail
1228,2008-10-02 03:17:00,fail,0.0604,False,4,s345,5.9333,0.12031,toward fail
1228,2008-10-02 03:17:00,fail,0.0604,False,5,s163,0.151,0.1105,toward fail
1229,2008-10-02 03:27:00,pass,0.0209,False,1,s059,-5.4145,-0.62834,toward pass
1229,2008-10-02 03:27:00,pass,0.0209,False,2,s460,19.9872,-0.23228,toward pass
1229,2008-10-02 03:27:00,pass,0.0209,False,3,s477,8.1944,0.16139,toward fail
1229,2008-10-02 03:27:00,pass,0.0209,False,4,s519,,-0.13635,toward pass
1229,2008-10-02 03:27:00,pass,0.0209,False,5,s000,2908.28,0.10763,toward fail
1230,2008-10-02 04:11:00,pass,0.024,False,1,s059,-0.6818,-0.58944,toward pass
1230,2008-10-02 04:11:00,pass,0.024,False,2,s519,,-0.15607,toward pass
1230,2008-10-02 04:11:00,pass,0.024,False,3,s102,-0.0655,0.15294,toward fail
1230,2008-10-02 04:11:00,pass,0.024,False,4,s460,36.9903,0.12529,toward fail
1230,2008-10-02 04:11:00,pass,0.024,False,5,s345,,-0.102,toward pass
1231,2008-10-02 04:23:00,pass,0.0506,False,1,s102,0.0315,-0.19847,toward pass
1231,2008-10-02 04:23:00,pass,0.0506,False,2,s519,,-0.1266,toward pass
1231,2008-10-02 04:23:00,pass,0.0506,False,3,s059,4.6891,0.12363,toward fail
1231,2008-10-02 04:23:00,pass,0.0506,False,4,s460,53.9906,0.10863,toward fail
1231,2008-10-02 04:23:00,pass,0.0506,False,5,s345,6.9125,0.10804,toward fail
1232,2008-10-02 04:24:00,pass,0.0194,False,1,s460,18.7802,-0.14149,toward pass
1232,2008-10-02 04:24:00,pass,0.0194,False,2,s519,,-0.12253,toward pass
1232,2008-10-02 04:24:00,pass,0.0194,False,3,s477,7.4113,0.12141,toward fail
1232,2008-10-02 04:24:00,pass,0.0194,False,4,s227,0.0107,-0.11863,toward pass
1232,2008-10-02 04:24:00,pass,0.0194,False,5,s059,0.7736,-0.11791,toward pass
1233,2008-10-02 06:49:00,pass,0.0168,False,1,s059,-0.7109,-0.56648,toward pass
1233,2008-10-02 06:49:00,pass,0.0168,False,2,s460,16.697,-0.20087,toward pass
1233,2008-10-02 06:49:00,pass,0.0168,False,3,s523,0.0523,0.13503,toward fail
1233,2008-10-02 06:49:00,pass,0.0168,False,4,s519,3.2855,-0.13294,toward pass
1233,2008-10-02 06:49:00,pass,0.0168,False,5,s063,18.4018,0.12446,toward fail
1234,2008-10-02 07:35:00,pass,0.026,False,1,s519,,-0.16702,toward pass
1234,2008-10-02 07:35:00,pass,0.026,False,2,s000,2958.46,0.13774,toward fail
1234,2008-10-02 07:35:00,pass,0.026,False,3,s171,0.0786,-0.11726,toward pass
1234,2008-10-02 07:35:00,pass,0.026,False,4,s102,-0.0447,0.10945,toward fail
1234,2008-10-02 07:35:00,pass,0.026,False,5,s460,31.2286,0.09872,toward fail
1235,2008-10-02 07:58:00,pass,0.0169,False,1,s059,,-0.66764,toward pass
1235,2008-10-02 07:58:00,pass,0.0169,False,2,s102,-0.0227,0.14799,toward fail
1235,2008-10-02 07:58:00,pass,0.0169,False,3,s497,14.5954,-0.10065,toward pass
1235,2008-10-02 07:58:00,pass,0.0169,False,4,s519,,-0.09477,toward pass
1235,2008-10-02 07:58:00,pass,0.0169,False,5,s000,3196.21,-0.08703,toward pass
1236,2008-10-02 08:24:00,pass,0.0176,False,1,s059,-3.8864,-0.71396,toward pass
1236,2008-10-02 08:24:00,pass,0.0176,False,2,s519,5.4307,0.17603,toward fail
1236,2008-10-02 08:24:00,pass,0.0176,False,3,s587,0.0283,0.12994,toward fail
1236,2008-10-02 08:24:00,pass,0.0176,False,4,s460,22.4149,-0.12377,toward pass
1236,2008-10-02 08:24:00,pass,0.0176,False,5,s345,5.4149,0.11261,toward fail
1237,2008-10-02 08:52:00,pass,0.0275,False,1,s059,-6.8764,-0.63387,toward pass
1237,2008-10-02 08:52:00,pass,0.0275,False,2,s041,2.54,0.23056,toward fail
1237,2008-10-02 08:52:00,pass,0.0275,False,3,s102,-0.0376,0.15294,toward fail
1237,2008-10-02 08:52:00,pass,0.0275,False,4,s038,86.3125,0.10322,toward fail
1237,2008-10-02 08:52:00,pass,0.0275,False,5,s460,24.4516,0.08727,toward fail
1238,2008-10-02 08:57:00,pass,0.0175,False,1,s059,-0.3955,-0.57916,toward pass
1238,2008-10-02 08:57:00,pass,0.0175,False,2,s102,0.0412,-0.17137,toward pass
1238,2008-10-02 08:57:00,pass,0.0175,False,3,s523,0.0381,0.15791,toward fail
1238,2008-10-02 08:57:00,pass,0.0175,False,4,s460,49.3896,0.10678,toward fail
1238,2008-10-02 08:57:00,pass,0.0175,False,5,s519,,-0.10426,toward pass
1239,2008-10-02 09:10:00,fail,0.0187,False,1,s059,0.1364,-0.51148,toward pass
1239,2008-10-02 09:10:00,fail,0.0187,False,2,s021,-5129.25,0.16956,toward fail
1239,2008-10-02 09:10:00,fail,0.0187,False,3,s519,,-0.14033,toward pass
1239,2008-10-02 09:10:00,fail,0.0187,False,4,s102,0.014,-0.13254,toward pass
1239,2008-10-02 09:10:00,fail,0.0187,False,5,s345,5.4119,0.1164,toward fail
1240,2008-10-02 09:42:00,pass,0.0288,False,1,s475,5.034,0.28215,toward fail
1240,2008-10-02 09:42:00,pass,0.0288,False,2,s102,0.0095,-0.17761,toward pass
1240,2008-10-02 09:42:00,pass,0.0288,False,3,s059,0.5536,-0.15028,toward pass
1240,2008-10-02 09:42:00,pass,0.0288,False,4,s519,4.4754,-0.13367,toward pass
1240,2008-10-02 09:42:00,pass,0.0288,False,5,s000,2937.77,0.1302,toward fail
1241,2008-10-02 10:03:00,pass,0.0764,False,1,s519,5.3928,0.19018,toward fail
1241,2008-10-02 10:03:00,pass,0.0764,False,2,s102,0.0144,-0.18396,toward pass
1241,2008-10-02 10:03:00,pass,0.0764,False,3,s000,2976.56,0.16105,toward fail
1241,2008-10-02 10:03:00,pass,0.0764,False,4,s523,0.0567,0.13503,toward fail
1241,2008-10-02 10:03:00,pass,0.0764,False,5,s469,6.9064,0.1064,toward fail
1242,2008-10-02 14:07:00,fail,0.0345,False,1,s519,,-0.17827,toward pass
1242,2008-10-02 14:07:00,fail,0.0345,False,2,s000,2871.62,0.11424,toward fail
1242,2008-10-02 14:07:00,fail,0.0345,False,3,s102,-0.0431,0.11129,toward fail
1242,2008-10-02 14:07:00,fail,0.0345,False,4,s460,28.9045,0.09077,toward fail
1242,2008-10-02 14:07:00,fail,0.0345,False,5,s345,,-0.07588,toward pass
1243,2008-10-02 14:10:00,fail,0.0187,False,1,s059,-5.7091,-0.63891,toward pass
1243,2008-10-02 14:10:00,fail,0.0187,False,2,s460,25.0847,0.11968,toward fail
1243,2008-10-02 14:10:00,fail,0.0187,False,3,s102,-0.0597,0.11588,toward fail
1243,2008-10-02 14:10:00,fail,0.0187,False,4,s510,95.8606,0.09463,toward fail
1243,2008-10-02 14:10:00,fail,0.0187,False,5,s519,,-0.09047,toward pass
1244,2008-10-02 14:54:00,pass,0.0104,False,1,s460,11.5422,-0.22494,toward pass
1244,2008-10-02 14:54:00,pass,0.0104,False,2,s519,,-0.17419,toward pass
1244,2008-10-02 14:54:00,pass,0.0104,False,3,s059,3.0718,-0.09643,toward pass
1244,2008-10-02 14:54:00,pass,0.0104,False,4,s587,0.0112,-0.09637,toward pass
1244,2008-10-02 14:54:00,pass,0.0104,False,5,s477,6.275,-0.09427,toward pass
1245,2008-10-02 15:10:00,pass,0.0406,False,1,s519,,-0.17321,toward pass
1245,2008-10-02 15:10:00,pass,0.0406,False,2,s460,41.0058,0.13642,toward fail
1245,2008-10-02 15:10:00,pass,0.0406,False,3,s102,-0.0271,0.13138,toward fail
1245,2008-10-02 15:10:00,pass,0.0406,False,4,s059,4.9382,0.11802,toward fail
1245,2008-10-02 15:10:00,pass,0.0406,False,5,s345,5.3175,0.11646,toward fail
1246,2008-10-02 15:44:00,pass,0.0355,False,1,s460,15.5744,-0.22589,toward pass
1246,2008-10-02 15:44:00,pass,0.0355,False,2,s475,5.2656,0.22178,toward fail
1246,2008-10-02 15:44:00,pass,0.0355,False,3,s519,3.9422,-0.17151,toward pass
1246,2008-10-02 15:44:00,pass,0.0355,False,4,s339,12.0549,0.15379,toward fail
1246,2008-10-02 15:44:00,pass,0.0355,False,5,s133,996.6092,-0.12175,toward pass
1247,2008-10-02 15:58:00,pass,0.03,False,1,s059,-0.63,-0.64226,toward pass
1247,2008-10-02 15:58:00,pass,0.03,False,2,s519,6.9836,0.14729,toward fail
1247,2008-10-02 15:58:00,pass,0.03,False,3,s102,0.0058,-0.14055,toward pass
1247,2008-10-02 15:58:00,pass,0.03,False,4,s477,2.9179,-0.12443,toward pass
1247,2008-10-02 15:58:00,pass,0.03,False,5,s000,2929.54,0.10689,toward fail
1248,2008-10-02 16:32:00,pass,0.0144,False,1,s059,-1.4355,-0.44848,toward pass
1248,2008-10-02 16:32:00,pass,0.0144,False,2,s519,3.027,-0.12462,toward pass
1248,2008-10-02 16:32:00,pass,0.0144,False,3,s345,,-0.12429,toward pass
1248,2008-10-02 16:32:00,pass,0.0144,False,4,s102,-0.0537,0.10559,toward fail
1248,2008-10-02 16:32:00,pass,0.0144,False,5,s475,4.1204,-0.09605,toward pass
1249,2008-10-02 16:58:00,pass,0.0507,False,1,s460,17.1568,-0.24654,toward pass
1249,2008-10-02 16:58:00,pass,0.0507,False,2,s041,2.272,0.23056,toward fail
1249,2008-10-02 16:58:00,pass,0.0507,False,3,s021,-5329.75,0.17177,toward fail
1249,2008-10-02 16:58:00,pass,0.0507,False,4,s519,,-0.1307,toward pass
1249,2008-10-02 16:58:00,pass,0.0507,False,5,s133,999.5619,-0.12175,toward pass
1250,2008-10-02 17:00:00,pass,0.0451,False,1,s519,3.7019,-0.17612,toward pass
1250,2008-10-02 17:00:00,pass,0.0451,False,2,s063,18.1582,0.15271,toward fail
1250,2008-10-02 17:00:00,pass,0.0451,False,3,s059,1.04,-0.12141,toward pass
1250,2008-10-02 17:00:00,pass,0.0451,False,4,s307,0.1871,0.10587,toward fail
1250,2008-10-02 17:00:00,pass,0.0451,False,5,s102,-0.0417,0.10559,toward fail
1251,2008-10-02 17:19:00,pass,0.0184,False,1,s059,-3.0909,-0.54693,toward pass
1251,2008-10-02 17:19:00,pass,0.0184,False,2,s227,0.0133,-0.13881,toward pass
1251,2008-10-02 17:19:00,pass,0.0184,False,3,s523,0.0548,0.13503,toward fail
1251,2008-10-02 17:19:00,pass,0.0184,False,4,s519,,-0.12575,toward pass
1251,2008-10-02 17:19:00,pass,0.0184,False,5,s477,7.2454,0.1136,toward fail
1252,2008-10-02 19:21:00,pass,0.0392,False,1,s059,-1.41,-0.5311,toward pass
1252,2008-10-02 19:21:00,pass,0.0392,False,2,s041,2.305,0.23056,toward fail
1252,2008-10-02 19:21:00,pass,0.0392,False,3,s038,86.2809,0.13787,toward fail
1252,2008-10-02 19:21:00,pass,0.0392,False,4,s000,2971.64,0.1294,toward fail
1252,2008-10-02 19:21:00,pass,0.0392,False,5,s102,-0.0295,0.10559,toward fail
1253,2008-10-02 19:25:00,pass,0.0207,False,1,s059,-0.0182,-0.53148,toward pass
1253,2008-10-02 19:25:00,pass,0.0207,False,2,s519,3.0637,-0.15392,toward pass
1253,2008-10-02 19:25:00,pass,0.0207,False,3,s000,2958.99,0.11372,toward fail
1253,2008-10-02 19:25:00,pass,0.0207,False,4,s460,18.5965,-0.10743,toward pass
1253,2008-10-02 19:25:00,pass,0.0207,False,5,s477,4.277,-0.09504,toward pass
1254,2008-10-02 20:54:00,pass,0.0417,False,1,s460,13.0192,-0.28319,toward pass
1254,2008-10-02 20:54:00,pass,0.0417,False,2,s041,2.305,0.23056,toward fail
1254,2008-10-02 20:54:00,pass,0.0417,False,3,s425,8.2419,0.1444,toward fail
1254,2008-10-02 20:54:00,pass,0.0417,False,4,s021,-5345.25,0.14429,toward fail
1254,2008-10-02 20:54:00,pass,0.0417,False,5,s102,-0.0374,0.1381,toward fail
1255,2008-10-02 21:32:00,fail,0.022,False,1,s519,4.5273,-0.18985,toward pass
1255,2008-10-02 21:32:00,fail,0.022,False,2,s171,0.0836,-0.11726,toward pass
1255,2008-10-02 21:32:00,fail,0.022,False,3,s172,0.2796,-0.1054,toward pass
1255,2008-10-02 21:32:00,fail,0.022,False,4,s477,3.9965,-0.09971,toward pass
1255,2008-10-02 21:32:00,fail,0.022,False,5,s587,0.01,-0.09637,toward pass
1256,2008-10-02 21:33:00,pass,0.0367,False,1,s059,-3.5727,-0.7544,toward pass
1256,2008-10-02 21:33:00,pass,0.0367,False,2,s038,86.2033,0.13787,toward fail
1256,2008-10-02 21:33:00,pass,0.0367,False,3,s102,-0.0058,0.13634,toward fail
1256,2008-10-02 21:33:00,pass,0.0367,False,4,s519,,-0.12844,toward pass
1256,2008-10-02 21:33:00,pass,0.0367,False,5,s000,2970.86,0.11628,toward fail
1257,2008-10-02 22:23:00,pass,0.0283,False,1,s059,0.1627,-0.71218,toward pass
1257,2008-10-02 22:23:00,pass,0.0283,False,2,s460,22.2221,-0.17308,toward pass
1257,2008-10-02 22:23:00,pass,0.0283,False,3,s021,-5326.5,0.17184,toward fail
1257,2008-10-02 22:23:00,pass,0.0283,False,4,s000,2914.04,0.15767,toward fail
1257,2008-10-02 22:23:00,pass,0.0283,False,5,s102,-0.0437,0.10636,toward fail
1258,2008-10-02 22:33:00,pass,0.062,False,1,s460,15.9979,-0.25447,toward pass
1258,2008-10-02 22:33:00,pass,0.062,False,2,s041,2.305,0.23056,toward fail
1258,2008-10-02 22:33:00,pass,0.062,False,3,s102,0.0439,-0.16846,toward pass
1258,2008-10-02 22:33:00,pass,0.062,False,4,s425,7.7401,0.1444,toward fail
1258,2008-10-02 22:33:00,pass,0.062,False,5,s038,86.2809,0.13787,toward fail
1259,2008-10-02 23:32:00,pass,0.0147,False,1,s059,-2.4818,-0.48011,toward pass
1259,2008-10-02 23:32:00,pass,0.0147,False,2,s519,,-0.14025,toward pass
1259,2008-10-02 23:32:00,pass,0.0147,False,3,s102,0.0028,0.10423,toward fail
1259,2008-10-02 23:32:00,pass,0.0147,False,4,s171,0.0827,-0.09258,toward pass
1259,2008-10-02 23:32:00,pass,0.0147,False,5,s587,0.0152,-0.08677,toward pass
1260,2008-10-02 23:32:00,pass,0.0193,False,1,s059,0.67,-0.23785,toward pass
1260,2008-10-02 23:32:00,pass,0.0193,False,2,s102,-0.0115,0.13389,toward fail
1260,2008-10-02 23:32:00,pass,0.0193,False,3,s519,,-0.10569,toward pass
1260,2008-10-02 23:32:00,pass,0.0193,False,4,s497,17.1932,-0.10065,toward pass
1260,2008-10-02 23:32:00,pass,0.0193,False,5,s163,0.114,-0.09273,toward pass
1261,2008-10-03 00:24:00,pass,0.0269,False,1,s102,0.0682,-0.21209,toward pass
1261,2008-10-03 00:24:00,pass,0.0269,False,2,s021,-5242.75,0.14284,toward fail
1261,2008-10-03 00:24:00,pass,0.0269,False,3,s000,2953.63,0.13165,toward fail
1261,2008-10-03 00:24:00,pass,0.0269,False,4,s519,,-0.1254,toward pass
1261,2008-10-03 00:24:00,pass,0.0269,False,5,s163,0.171,0.1105,toward fail
1262,2008-10-03 00:55:00,pass,0.0421,False,1,s475,4.975,0.27494,toward fail
1262,2008-10-03 00:55:00,pass,0.0421,False,2,s460,14.495,-0.23575,toward pass
1262,2008-10-03 00:55:00,pass,0.0421,False,3,s587,0.0326,0.13054,toward fail
1262,2008-10-03 00:55:00,pass,0.0421,False,4,s102,0.0144,-0.12089,toward pass
1262,2008-10-03 00:55:00,pass,0.0421,False,5,s477,2.582,-0.10834,toward pass
1263,2008-10-03 02:41:00,pass,0.0622,False,1,s519,,-0.18832,toward pass
1263,2008-10-03 02:41:00,pass,0.0622,False,2,s523,0.0565,0.15791,toward fail
1263,2008-10-03 02:41:00,pass,0.0622,False,3,s102,-0.0088,0.14083,toward fail
1263,2008-10-03 02:41:00,pass,0.0622,False,4,s469,5.944,0.10414,toward fail
1263,2008-10-03 02:41:00,pass,0.0622,False,5,s063,17.6454,0.10329,toward fail
1264,2008-10-03 03:52:00,pass,0.0273,False,1,s460,16.4042,-0.14701,toward pass
1264,2008-10-03 03:52:00,pass,0.0273,False,2,s059,1.9764,-0.119,toward pass
1264,2008-10-03 03:52:00,pass,0.0273,False,3,s063,18.3982,0.11216,toward fail
1264,2008-10-03 03:52:00,pass,0.0273,False,4,s519,,-0.10994,toward pass
1264,2008-10-03 03:52:00,pass,0.0273,False,5,s172,0.2769,-0.10179,toward pass
1265,2008-10-03 03:56:00,pass,0.0137,False,1,s523,0.041,0.15791,toward fail
1265,2008-10-03 03:56:00,pass,0.0137,False,2,s519,,-0.12875,toward pass
1265,2008-10-03 03:56:00,pass,0.0137,False,3,s102,0.0823,-0.12216,toward pass
1265,2008-10-03 03:56:00,pass,0.0137,False,4,s469,4.6411,-0.11068,toward pass
1265,2008-10-03 03:56:00,pass,0.0137,False,5,s038,86.233,0.10662,toward fail
1266,2008-10-03 04:49:00,pass,0.0152,False,1,s059,-2.1009,-0.40125,toward pass
1266,2008-10-03 04:49:00,pass,0.0152,False,2,s475,4.9538,0.2081,toward fail
1266,2008-10-03 04:49:00,pass,0.0152,False,3,s102,0.0254,-0.13305,toward pass
1266,2008-10-03 04:49:00,pass,0.0152,False,4,s519,,-0.1278,toward pass
1266,2008-10-03 04:49:00,pass,0.0152,False,5,s587,0.0134,-0.07534,toward pass
1267,2008-10-03 05:01:00,pass,0.024,False,1,s519,,-0.17332,toward pass
1267,2008-10-03 05:01:00,pass,0.024,False,2,s460,20.1254,-0.14715,toward pass
1267,2008-10-03 05:01:00,pass,0.024,False,3,s477,5.0348,-0.11938,toward pass
1267,2008-10-03 05:01:00,pass,0.024,False,4,s469,6.2017,0.10414,toward fail
1267,2008-10-03 05:01:00,pass,0.024,False,5,s000,2987.39,0.09414,toward fail
1268,2008-10-03 05:45:00,pass,0.065,False,1,s475,4.9598,0.32108,toward fail
1268,2008-10-03 05:45:00,pass,0.065,False,2,s065,28.1684,0.17039,toward fail
1268,2008-10-03 05:45:00,pass,0.065,False,3,s519,,-0.14578,toward pass
1268,2008-10-03 05:45:00,pass,0.065,False,4,s063,18.3273,0.14346,toward fail
1268,2008-10-03 05:45:00,pass,0.065,False,5,s163,0.149,0.13493,toward fail
1269,2008-10-03 06:15:00,pass,0.0168,False,1,s059,0.2236,-0.54307,toward pass
1269,2008-10-03 06:15:00,pass,0.0168,False,2,s102,-0.0303,0.13831,toward fail
1269,2008-10-03 06:15:00,pass,0.0168,False,3,s519,,-0.113,toward pass
1269,2008-10-03 06:15:00,pass,0.0168,False,4,s000,3033.78,-0.08404,toward pass
1269,2008-10-03 06:15:00,pass,0.0168,False,5,s488,51.5337,0.0812,toward fail
1270,2008-10-03 08:35:00,pass,0.0164,False,1,s102,0.0422,-0.14196,toward pass
1270,2008-10-03 08:35:00,pass,0.0164,False,2,s038,85.9998,0.13787,toward fail
1270,2008-10-03 08:35:00,pass,0.0164,False,3,s519,,-0.1266,toward pass
1270,2008-10-03 08:35:00,pass,0.0164,False,4,s469,4.4286,-0.11068,toward pass
1270,2008-10-03 08:35:00,pass,0.0164,False,5,s163,0.146,0.1105,toward fail
1271,2008-10-03 09:30:00,pass,0.0097,False,1,s059,-0.1891,-0.44175,toward pass
1271,2008-10-03 09:30:00,pass,0.0097,False,2,s460,17.3811,-0.1674,toward pass
1271,2008-10-03 09:30:00,pass,0.0097,False,3,s519,,-0.11249,toward pass
1271,2008-10-03 09:30:00,pass,0.0097,False,4,s171,0.0827,-0.09258,toward pass
1271,2008-10-03 09:30:00,pass,0.0097,False,5,s000,3062.36,-0.08917,toward pass
1272,2008-10-03 11:40:00,pass,0.0306,False,1,s059,-5.55,-0.7197,toward pass
1272,2008-10-03 11:40:00,pass,0.0306,False,2,s063,18.3263,0.1939,toward fail
1272,2008-10-03 11:40:00,pass,0.0306,False,3,s102,-0.0135,0.14996,toward fail
1272,2008-10-03 11:40:00,pass,0.0306,False,4,s460,30.1816,0.13318,toward fail
1272,2008-10-03 11:40:00,pass,0.0306,False,5,s475,3.532,-0.09128,toward pass
1273,2008-10-03 12:31:00,pass,0.0321,False,1,s460,17.896,-0.30938,toward pass
1273,2008-10-03 12:31:00,pass,0.0321,False,2,s475,5.1209,0.24538,toward fail
1273,2008-10-03 12:31:00,pass,0.0321,False,3,s059,0.7955,-0.20567,toward pass
1273,2008-10-03 12:31:00,pass,0.0321,False,4,s519,,-0.15051,toward pass
1273,2008-10-03 12:31:00,pass,0.0321,False,5,s523,0.0559,0.13503,toward fail
1274,2008-10-03 18:45:00,pass,0.0357,False,1,s021,-5095.0,0.21697,toward fail
1274,2008-10-03 18:45:00,pass,0.0357,False,2,s519,,-0.14463,toward pass
1274,2008-10-03 18:45:00,pass,0.0357,False,3,s102,0.0693,-0.14196,toward pass
1274,2008-10-03 18:45:00,pass,0.0357,False,4,s163,0.193,0.12694,toward fail
1274,2008-10-03 18:45:00,pass,0.0357,False,5,s345,5.383,0.11882,toward fail
1275,2008-10-03 19:23:00,pass,0.0251,False,1,s059,-0.3445,-0.56274,toward pass
1275,2008-10-03 19:23:00,pass,0.0251,False,2,s063,19.4118,0.16549,toward fail
1275,2008-10-03 19:23:00,pass,0.0251,False,3,s333,7.6267,0.14506,toward fail
1275,2008-10-03 19:23:00,pass,0.0251,False,4,s227,0.0103,-0.13881,toward pass
1275,2008-10-03 19:23:00,pass,0.0251,False,5,s477,9.8065,0.11595,toward fail
1276,2008-10-03 19:23:00,pass,0.0228,False,1,s059,-7.1427,-0.6233,toward pass
1276,2008-10-03 19:23:00,pass,0.0228,False,2,s021,-5270.0,0.16813,toward fail
1276,2008-10-03 19:23:00,pass,0.0228,False,3,s519,,-0.12307,toward pass
1276,2008-10-03 19:23:00,pass,0.0228,False,4,s102,0.0,0.10559,toward fail
1276,2008-10-03 19:23:00,pass,0.0228,False,5,s460,25.0282,0.09151,toward fail
1277,2008-10-03 20:11:00,pass,0.028,False,1,s059,-4.72,-0.666,toward pass
1277,2008-10-03 20:11:00,pass,0.028,False,2,s021,-5247.5,0.13969,toward fail
1277,2008-10-03 20:11:00,pass,0.028,False,3,s102,0.004,0.11886,toward fail
1277,2008-10-03 20:11:00,pass,0.028,False,4,s460,30.5869,0.10327,toward fail
1277,2008-10-03 20:11:00,pass,0.028,False,5,s519,,-0.10303,toward pass
1278,2008-10-03 20:26:00,pass,0.0228,False,1,s333,7.946,0.1373,toward fail
1278,2008-10-03 20:26:00,pass,0.0228,False,2,s102,0.0894,-0.13254,toward pass
1278,2008-10-03 20:26:00,pass,0.0228,False,3,s519,,-0.12941,toward pass
1278,2008-10-03 20:26:00,pass,0.0228,False,4,s307,0.1787,0.10659,toward fail
1278,2008-10-03 20:26:00,pass,0.0228,False,5,s172,0.414,0.08415,toward fail
1279,2008-10-03 20:35:00,pass,0.0132,False,1,s102,0.0103,-0.14602,toward pass
1279,2008-10-03 20:35:00,pass,0.0132,False,2,s519,,-0.12892,toward pass
1279,2008-10-03 20:35:00,pass,0.0132,False,3,s477,4.3128,-0.11221,toward pass
1279,2008-10-03 20:35:00,pass,0.0132,False,4,s307,0.0971,-0.10674,toward pass
1279,2008-10-03 20:35:00,pass,0.0132,False,5,s059,1.8782,-0.08915,toward pass
1280,2008-10-03 20:46:00,pass,0.0215,False,1,s059,-3.3427,-0.57812,toward pass
1280,2008-10-03 20:46:00,pass,0.0215,False,2,s475,5.02,0.20267,toward fail
1280,2008-10-03 20:46:00,pass,0.0215,False,3,s102,-0.0556,0.1106,toward fail
1280,2008-10-03 20:46:00,pass,0.0215,False,4,s460,50.8859,0.11058,toward fail
1280,2008-10-03 20:46:00,pass,0.0215,False,5,s519,,-0.10107,toward pass
1281,2008-10-03 21:15:00,pass,0.0471,False,1,s041,2.54,0.23056,toward fail
1281,2008-10-03 21:15:00,pass,0.0471,False,2,s059,0.6855,-0.20867,toward pass
1281,2008-10-03 21:15:00,pass,0.0471,False,3,s038,86.3125,0.13787,toward fail
1281,2008-10-03 21:15:00,pass,0.0471,False,4,s163,0.152,0.13493,toward fail
1281,2008-10-03 21:15:00,pass,0.0471,False,5,s102,-0.0125,0.13389,toward fail
1282,2008-10-03 21:52:00,pass,0.0376,False,1,s059,-3.6036,-0.66142,toward pass
1282,2008-10-03 21:52:00,pass,0.0376,False,2,s021,-5264.5,0.14208,toward fail
1282,2008-10-03 21:52:00,pass,0.0376,False,3,s038,86.2033,0.13787,toward fail
1282,2008-10-03 21:52:00,pass,0.0376,False,4,s460,24.3853,0.1252,toward fail
1282,2008-10-03 21:52:00,pass,0.0376,False,5,s000,2961.37,0.12162,toward fail
1283,2008-10-03 22:08:00,pass,0.0372,False,1,s041,2.272,0.23056,toward fail
1283,2008-10-03 22:08:00,pass,0.0372,False,2,s460,19.8632,-0.16409,toward pass
1283,2008-10-03 22:08:00,pass,0.0372,False,3,s059,1.1991,-0.15944,toward pass
1283,2008-10-03 22:08:00,pass,0.0372,False,4,s102,-0.0969,0.11436,toward fail
1283,2008-10-03 22:08:00,pass,0.0372,False,5,s469,5.8469,0.10414,toward fail
1284,2008-10-03 22:53:00,pass,0.0597,False,1,s475,5.3666,0.27894,toward fail
1284,2008-10-03 22:53:00,pass,0.0597,False,2,s041,2.54,0.23056,toward fail
1284,2008-10-03 22:53:00,pass,0.0597,False,3,s339,11.9865,0.15379,toward fail
1284,2008-10-03 22:53:00,pass,0.0597,False,4,s038,86.3125,0.13787,toward fail
1284,2008-10-03 22:53:00,pass,0.0597,False,5,s102,-0.0078,0.13101,toward fail
1285,2008-10-03 23:46:00,pass,0.0112,False,1,s059,-6.0636,-0.54587,toward pass
1285,2008-10-03 23:46:00,pass,0.0112,False,2,s523,0.0593,0.13503,toward fail
1285,2008-10-03 23:46:00,pass,0.0112,False,3,s460,19.2223,-0.13404,toward pass
1285,2008-10-03 23:46:00,pass,0.0112,False,4,s519,,-0.09047,toward pass
1285,2008-10-03 23:46:00,pass,0.0112,False,5,s102,-0.0342,0.08666,toward fail
1286,2008-10-04 00:58:00,pass,0.0263,False,1,s519,,-0.18479,toward pass
1286,2008-10-04 00:58:00,pass,0.0263,False,2,s102,0.0022,0.11577,toward fail
1286,2008-10-04 00:58:00,pass,0.0263,False,3,s469,5.907,0.08683,toward fail
1286,2008-10-04 00:58:00,pass,0.0263,False,4,s460,29.2584,0.07908,toward fail
1286,2008-10-04 00:58:00,pass,0.0263,False,5,s213,0.0934,0.07341,toward fail
1287,2008-10-04 01:49:00,pass,0.0203,False,1,s059,-1.8809,-0.54003,toward pass
1287,2008-10-04 01:49:00,pass,0.0203,False,2,s041,2.308,0.23056,toward fail
1287,2008-10-04 01:49:00,pass,0.0203,False,3,s102,0.155,-0.14773,toward pass
1287,2008-10-04 01:49:00,pass,0.0203,False,4,s038,85.9594,0.10662,toward fail
1287,2008-10-04 01:49:00,pass,0.0203,False,5,s460,38.8907,0.09397,toward fail
1288,2008-10-04 02:36:00,pass,0.011,False,1,s059,-3.7773,-0.5121,toward pass
1288,2008-10-04 02:36:00,pass,0.011,False,2,s519,,-0.12512,toward pass
1288,2008-10-04 02:36:00,pass,0.011,False,3,s477,2.2464,-0.11938,toward pass
1288,2008-10-04 02:36:00,pass,0.011,False,4,s102,0.0905,-0.1083,toward pass
1288,2008-10-04 02:36:00,pass,0.011,False,5,s000,3007.39,-0.09154,toward pass
1289,2008-10-04 03:53:00,pass,0.011,False,1,s059,-2.1464,-0.52417,toward pass
1289,2008-10-04 03:53:00,pass,0.011,False,2,s102,0.0063,-0.15846,toward pass
1289,2008-10-04 03:53:00,pass,0.011,False,3,s021,-5320.5,0.13798,toward fail
1289,2008-10-04 03:53:00,pass,0.011,False,4,s519,,-0.11772,toward pass
1289,2008-10-04 03:53:00,pass,0.011,False,5,s000,3018.78,-0.09154,toward pass
1290,2008-10-04 04:12:00,pass,0.0223,False,1,s460,17.0777,-0.25808,toward pass
1290,2008-10-04 04:12:00,pass,0.0223,False,2,s477,7.4993,0.15875,toward fail
1290,2008-10-04 04:12:00,pass,0.0223,False,3,s038,86.2871,0.13787,toward fail
1290,2008-10-04 04:12:00,pass,0.0223,False,4,s519,,-0.13478,toward pass
1290,2008-10-04 04:12:00,pass,0.0223,False,5,s059,0.8045,-0.12039,toward pass
1291,2008-10-04 04:45:00,pass,0.0138,False,1,s059,-1.3618,-0.53204,toward pass
1291,2008-10-04 04:45:00,pass,0.0138,False,2,s102,0.0843,-0.18656,toward pass
1291,2008-10-04 04:45:00,pass,0.0138,False,3,s021,-5241.0,0.13798,toward fail
1291,2008-10-04 04:45:00,pass,0.0138,False,4,s477,4.387,-0.11069,toward pass
1291,2008-10-04 04:45:00,pass,0.0138,False,5,s000,2971.13,0.10247,toward fail
1292,2008-10-04 09:29:00,pass,0.033,False,1,s059,-3.1382,-0.60579,toward pass
1292,2008-10-04 09:29:00,pass,0.033,False,2,s041,2.303,0.23056,toward fail
1292,2008-10-04 09:29:00,pass,0.033,False,3,s102,-0.0028,0.14996,toward fail
1292,2008-10-04 09:29:00,pass,0.033,False,4,s000,2889.7,0.14656,toward fail
1292,2008-10-04 09:29:00,pass,0.033,False,5,s460,26.0609,0.11628,toward fail
1293,2008-10-04 15:16:00,pass,0.0236,False,1,s059,0.3245,-0.59222,toward pass
1293,2008-10-04 15:16:00,pass,0.0236,False,2,s477,8.9509,0.18345,toward fail
1293,2008-10-04 15:16:00,pass,0.0236,False,3,s519,,-0.11823,toward pass
1293,2008-10-04 15:16:00,pass,0.0236,False,4,s345,,-0.11218,toward pass
1293,2008-10-04 15:16:00,pass,0.0236,False,5,s587,0.0178,0.0989,toward fail
1294,2008-10-04 16:58:00,pass,0.0173,False,1,s059,-9.7682,-0.54326,toward pass
1294,2008-10-04 16:58:00,pass,0.0173,False,2,s063,19.0536,0.1653,toward fail
1294,2008-10-04 16:58:00,pass,0.0173,False,3,s333,9.4373,0.13757,toward fail
1294,2008-10-04 16:58:00,pass,0.0173,False,4,s345,,-0.10258,toward pass
1294,2008-10-04 16:58:00,pass,0.0173,False,5,s519,,-0.10165,toward pass
1295,2008-10-04 18:15:00,pass,0.0613,False,1,s475,5.5346,0.32163,toward fail
1295,2008-10-04 18:15:00,pass,0.0613,False,2,s102,0.0447,-0.20553,toward pass
1295,2008-10-04 18:15:00,pass,0.0613,False,3,s339,12.0676,0.15379,toward fail
1295,2008-10-04 18:15:00,pass,0.0613,False,4,s519,,-0.14867,toward pass
1295,2008-10-04 18:15:00,pass,0.0613,False,5,s477,6.2357,-0.11166,toward pass
1296,2008-10-04 18:25:00,pass,0.0138,False,1,s059,-3.7073,-0.64957,toward pass
1296,2008-10-04 18:25:00,pass,0.0138,False,2,s519,3.2285,-0.14548,toward pass
1296,2008-10-04 18:25:00,pass,0.0138,False,3,s102,-0.0114,0.12166,toward fail
1296,2008-10-04 18:25:00,pass,0.0138,False,4,s345,,-0.10846,toward pass
1296,2008-10-04 18:25:00,pass,0.0138,False,5,s000,3089.26,-0.09154,toward pass
1297,2008-10-04 18:59:00,pass,0.0242,False,1,s059,-2.6564,-0.6128,toward pass
1297,2008-10-04 18:59:00,pass,0.0242,False,2,s460,18.1961,-0.15752,toward pass
1297,2008-10-04 18:59:00,pass,0.0242,False,3,s000,2951.06,0.12611,toward fail
1297,2008-10-04 18:59:00,pass,0.0242,False,4,s519,,-0.1236,toward pass
1297,2008-10-04 18:59:00,pass,0.0242,False,5,s021,-5371.5,0.10954,toward fail
1298,2008-10-04 19:12:00,pass,0.0187,False,1,s059,-7.87,-0.44978,toward pass
1298,2008-10-04 19:12:00,pass,0.0187,False,2,s063,17.7954,0.16446,toward fail
1298,2008-10-04 19:12:00,pass,0.0187,False,3,s460,19.4071,-0.1492,toward pass
1298,2008-10-04 19:12:00,pass,0.0187,False,4,s523,0.0522,0.13503,toward fail
1298,2008-10-04 19:12:00,pass,0.0187,False,5,s477,6.0516,-0.12985,toward pass
1299,2008-10-04 19:47:00,pass,0.0281,False,1,s059,-1.99,-0.56219,toward pass
1299,2008-10-04 19:47:00,pass,0.0281,False,2,s041,2.305,0.23056,toward fail
1299,2008-10-04 19:47:00,pass,0.0281,False,3,s102,0.0259,-0.15249,toward pass
1299,2008-10-04 19:47:00,pass,0.0281,False,4,s477,6.1495,-0.11728,toward pass
1299,2008-10-04 19:47:00,pass,0.0281,False,5,s460,23.6843,0.10829,toward fail
1300,2008-10-04 19:54:00,pass,0.0499,False,1,s059,-5.8855,-0.66387,toward pass
1300,2008-10-04 19:54:00,pass,0.0499,False,2,s475,5.008,0.29984,toward fail
1300,2008-10-04 19:54:00,pass,0.0499,False,3,s102,-0.0671,0.15172,toward fail
1300,2008-10-04 19:54:00,pass,0.0499,False,4,s038,86.2871,0.13787,toward fail
1300,2008-10-04 19:54:00,pass,0.0499,False,5,s519,,-0.12831,toward pass
1301,2008-10-04 20:39:00,pass,0.0326,False,1,s460,16.6339,-0.28421,toward pass
1301,2008-10-04 20:39:00,pass,0.0326,False,2,s519,3.4707,-0.16056,toward pass
1301,2008-10-04 20:39:00,pass,0.0326,False,3,s000,2851.68,0.15063,toward fail
1301,2008-10-04 20:39:00,pass,0.0326,False,4,s102,-0.0228,0.1385,toward fail
1301,2008-10-04 20:39:00,pass,0.0326,False,5,s469,5.7507,0.10414,toward fail
1302,2008-10-04 22:06:00,pass,0.0443,False,1,s059,-7.6655,-0.51092,toward pass
1302,2008-10-04 22:06:00,pass,0.0443,False,2,s475,4.9303,0.31764,toward fail
1302,2008-10-04 22:06:00,pass,0.0443,False,3,s041,2.54,0.23056,toward fail
1302,2008-10-04 22:06:00,pass,0.0443,False,4,s460,20.1191,-0.15326,toward pass
1302,2008-10-04 22:06:00,pass,0.0443,False,5,s038,86.3125,0.13787,toward fail
1303,2008-10-04 23:18:00,fail,0.0204,False,1,s460,15.3093,-0.28012,toward pass
1303,2008-10-04 23:18:00,fail,0.0204,False,2,s059,1.1655,-0.17271,toward pass
1303,2008-10-04 23:18:00,fail,0.0204,False,3,s477,3.6022,-0.1062,toward pass
1303,2008-10-04 23:18:00,fail,0.0204,False,4,s345,,-0.10383,toward pass
1303,2008-10-04 23:18:00,fail,0.0204,False,5,s587,0.0167,0.09661,toward fail
1304,2008-10-05 00:33:00,fail,0.0707,False,1,s059,8.1455,0.72539,toward fail
1304,2008-10-05 00:33:00,fail,0.0707,False,2,s102,-0.0265,0.18612,toward fail
1304,2008-10-05 00:33:00,fail,0.0707,False,3,s390,1.7492,-0.16851,toward pass
1304,2008-10-05 00:33:00,fail,0.0707,False,4,s000,2848.46,0.13879,toward fail
1304,2008-10-05 00:33:00,fail,0.0707,False,5,s519,,-0.13038,toward pass
1305,2008-10-05 00:33:00,pass,0.0482,False,1,s460,24.1098,0.15946,toward fail
1305,2008-10-05 00:33:00,pass,0.0482,False,2,s333,7.0081,0.14506,toward fail
1305,2008-10-05 00:33:00,pass,0.0482,False,3,s519,,-0.14454,toward pass
1305,2008-10-05 00:33:00,pass,0.0482,False,4,s102,-0.0299,0.12925,toward fail
1305,2008-10-05 00:33:00,pass,0.0482,False,5,s163,0.149,0.12694,toward fail
1306,2008-10-05 01:35:00,pass,0.0221,False,1,s059,-1.4227,-0.56205,toward pass
1306,2008-10-05 01:35:00,pass,0.0221,False,2,s102,-0.0375,0.14996,toward fail
1306,2008-10-05 01:35:00,pass,0.0221,False,3,s519,,-0.12566,toward pass
1306,2008-10-05 01:35:00,pass,0.0221,False,4,s460,26.1182,0.12086,toward fail
1306,2008-10-05 01:35:00,pass,0.0221,False,5,s475,4.755,-0.08551,toward pass
1307,2008-10-05 04:01:00,pass,0.0246,False,1,s059,0.0955,-0.61055,toward pass
1307,2008-10-05 04:01:00,pass,0.0246,False,2,s102,0.0475,-0.16662,toward pass
1307,2008-10-05 04:01:00,pass,0.0246,False,3,s000,2941.26,0.1462,toward fail
1307,2008-10-05 04:01:00,pass,0.0246,False,4,s519,,-0.12406,toward pass
1307,2008-10-05 04:01:00,pass,0.0246,False,5,s021,-5357.5,0.10954,toward fail
1308,2008-10-05 04:20:00,pass,0.1115,False,1,s059,7.1009,0.57426,toward fail
1308,2008-10-05 04:20:00,pass,0.1115,False,2,s041,2.308,0.23056,toward fail
1308,2008-10-05 04:20:00,pass,0.1115,False,3,s019,9.8773,-0.18943,toward pass
1308,2008-10-05 04:20:00,pass,0.1115,False,4,s021,-5070.75,0.16073,toward fail
1308,2008-10-05 04:20:00,pass,0.1115,False,5,s102,0.0261,-0.15394,toward pass
1309,2008-10-05 04:48:00,pass,0.0239,False,1,s102,-0.0123,0.15546,toward fail
1309,2008-10-05 04:48:00,pass,0.0239,False,2,s059,1.5273,-0.14013,toward pass
1309,2008-10-05 04:48:00,pass,0.0239,False,3,s519,,-0.11757,toward pass
1309,2008-10-05 04:48:00,pass,0.0239,False,4,s163,0.115,-0.09876,toward pass
1309,2008-10-05 04:48:00,pass,0.0239,False,5,s460,40.2301,0.09869,toward fail
1310,2008-10-05 05:31:00,pass,0.0482,False,1,s477,6.818,0.26449,toward fail
1310,2008-10-05 05:31:00,pass,0.0482,False,2,s021,-5311.25,0.13848,toward fail
1310,2008-10-05 05:31:00,pass,0.0482,False,3,s345,6.485,0.12929,toward fail
1310,2008-10-05 05:31:00,pass,0.0482,False,4,s163,0.134,0.12694,toward fail
1310,2008-10-05 05:31:00,pass,0.0482,False,5,s059,1.8582,-0.117,toward pass
1311,2008-10-05 05:53:00,pass,0.0211,False,1,s059,0.2336,-0.44259,toward pass
1311,2008-10-05 05:53:00,pass,0.0211,False,2,s041,2.54,0.23056,toward fail
1311,2008-10-05 05:53:00,pass,0.0211,False,3,s102,0.0101,-0.17543,toward pass
1311,2008-10-05 05:53:00,pass,0.0211,False,4,s038,86.3125,0.13787,toward fail
1311,2008-10-05 05:53:00,pass,0.0211,False,5,s000,2918.56,0.1302,toward fail
1312,2008-10-05 06:15:00,pass,0.0444,False,1,s475,5.2363,0.2468,toward fail
1312,2008-10-05 06:15:00,pass,0.0444,False,2,s460,18.4159,-0.23716,toward pass
1312,2008-10-05 06:15:00,pass,0.0444,False,3,s041,2.305,0.23056,toward fail
1312,2008-10-05 06:15:00,pass,0.0444,False,4,s059,1.0482,-0.14994,toward pass
1312,2008-10-05 06:15:00,pass,0.0444,False,5,s038,86.2809,0.13787,toward fail
1313,2008-10-05 08:02:00,pass,0.0464,False,1,s059,-1.03,-0.60622,toward pass
1313,2008-10-05 08:02:00,pass,0.0464,False,2,s477,9.7229,0.29127,toward fail
1313,2008-10-05 08:02:00,pass,0.0464,False,3,s021,-5349.25,0.13969,toward fail
1313,2008-10-05 08:02:00,pass,0.0464,False,4,s333,8.1412,0.1373,toward fail
1313,2008-10-05 08:02:00,pass,0.0464,False,5,s038,85.9998,0.11109,toward fail
1314,2008-10-05 08:40:00,pass,0.02,False,1,s059,-1.0445,-0.53901,toward pass
1314,2008-10-05 08:40:00,pass,0.02,False,2,s102,-0.0116,0.14765,toward fail
1314,2008-10-05 08:40:00,pass,0.02,False,3,s519,,-0.12462,toward pass
1314,2008-10-05 08:40:00,pass,0.02,False,4,s460,33.0317,0.11143,toward fail
1314,2008-10-05 08:40:00,pass,0.02,False,5,s345,,-0.10495,toward pass
1315,2008-10-05 09:04:00,pass,0.0139,False,1,s102,0.1167,-0.14712,toward pass
1315,2008-10-05 09:04:00,pass,0.0139,False,2,s059,0.5982,-0.12645,toward pass
1315,2008-10-05 09:04:00,pass,0.0139,False,3,s469,2.7769,-0.11849,toward pass
1315,2008-10-05 09:04:00,pass,0.0139,False,4,s477,3.1249,-0.11407,toward pass
1315,2008-10-05 09:04:00,pass,0.0139,False,5,s519,,-0.09931,toward pass
1316,2008-10-05 09:47:00,pass,0.0222,False,1,s059,0.4264,-0.58827,toward pass
1316,2008-10-05 09:47:00,pass,0.0222,False,2,s102,-0.0149,0.14996,toward fail
1316,2008-10-05 09:47:00,pass,0.0222,False,3,s021,-5092.25,0.12361,toward fail
1316,2008-10-05 09:47:00,pass,0.0222,False,4,s519,,-0.11028,toward pass
1316,2008-10-05 09:47:00,pass,0.0222,False,5,s000,2942.21,0.1042,toward fail
1317,2008-10-05 10:00:00,pass,0.0417,False,1,s460,42.3443,0.13903,toward fail
1317,2008-10-05 10:00:00,pass,0.0417,False,2,s227,0.0125,-0.11863,toward pass
1317,2008-10-05 10:00:00,pass,0.0417,False,3,s519,,-0.11746,toward pass
1317,2008-10-05 10:00:00,pass,0.0417,False,4,s163,0.195,0.1105,toward fail
1317,2008-10-05 10:00:00,pass,0.0417,False,5,s000,2974.65,0.09617,toward fail
1318,2008-10-05 10:43:00,pass,0.0293,False,1,s059,-3.4191,-0.51591,toward pass
1318,2008-10-05 10:43:00,pass,0.0293,False,2,s475,4.8914,0.31677,toward fail
1318,2008-10-05 10:43:00,pass,0.0293,False,3,s519,,-0.15915,toward pass
1318,2008-10-05 10:43:00,pass,0.0293,False,4,s102,-0.0061,0.11305,toward fail
1318,2008-10-05 10:43:00,pass,0.0293,False,5,s460,23.4752,0.09202,toward fail
1319,2008-10-05 11:05:00,pass,0.0223,False,1,s059,0.1773,-0.70682,toward pass
1319,2008-10-05 11:05:00,pass,0.0223,False,2,s102,-0.0485,0.14996,toward fail
1319,2008-10-05 11:05:00,pass,0.0223,False,3,s460,26.151,0.13338,toward fail
1319,2008-10-05 11:05:00,pass,0.0223,False,4,s345,,-0.10083,toward pass
1319,2008-10-05 11:05:00,pass,0.0223,False,5,s519,,-0.08587,toward pass
1320,2008-10-05 11:30:00,pass,0.0458,False,1,s059,-1.7336,-0.52817,toward pass
1320,2008-10-05 11:30:00,pass,0.0458,False,2,s041,2.114,0.23056,toward fail
1320,2008-10-05 11:30:00,pass,0.0458,False,3,s000,2912.24,0.13331,toward fail
1320,2008-10-05 11:30:00,pass,0.0458,False,4,s460,33.1272,0.12702,toward fail
1320,2008-10-05 11:30:00,pass,0.0458,False,5,s102,-0.0619,0.11868,toward fail
1321,2008-10-05 12:03:00,pass,0.0158,False,1,s059,-6.74,-0.57944,toward pass
1321,2008-10-05 12:03:00,pass,0.0158,False,2,s519,,-0.15607,toward pass
1321,2008-10-05 12:03:00,pass,0.0158,False,3,s102,-0.0359,0.10559,toward fail
1321,2008-10-05 12:03:00,pass,0.0158,False,4,s460,29.2547,0.09687,toward fail
1321,2008-10-05 12:03:00,pass,0.0158,False,5,s000,2990.66,0.08425,toward fail
1322,2008-10-05 12:17:00,pass,0.0478,False,1,s059,-3.1927,-0.77018,toward pass
1322,2008-10-05 12:17:00,pass,0.0478,False,2,s021,-5156.5,0.17184,toward fail
1322,2008-10-05 12:17:00,pass,0.0478,False,3,s519,5.4355,0.1531,toward fail
1322,2008-10-05 12:17:00,pass,0.0478,False,4,s460,23.911,0.14842,toward fail
1322,2008-10-05 12:17:00,pass,0.0478,False,5,s102,-0.0022,0.14014,toward fail
1323,2008-10-05 13:49:00,pass,0.0276,False,1,s041,2.272,0.23056,toward fail
1323,2008-10-05 13:49:00,pass,0.0276,False,2,s460,19.1756,-0.20891,toward pass
1323,2008-10-05 13:49:00,pass,0.0276,False,3,s102,0.0195,-0.1679,toward pass
1323,2008-10-05 13:49:00,pass,0.0276,False,4,s000,2965.41,0.12299,toward fail
1323,2008-10-05 13:49:00,pass,0.0276,False,5,s307,0.1645,0.10298,toward fail
1324,2008-10-05 14:34:00,pass,0.047,False,1,s102,-0.0374,0.15346,toward fail
1324,2008-10-05 14:34:00,pass,0.047,False,2,s460,33.6613,0.1356,toward fail
1324,2008-10-05 14:34:00,pass,0.047,False,3,s163,0.19,0.12694,toward fail
1324,2008-10-05 14:34:00,pass,0.047,False,4,s519,,-0.11531,toward pass
1324,2008-10-05 14:34:00,pass,0.047,False,5,s333,6.9471,0.1103,toward fail
1325,2008-10-05 15:30:00,fail,0.0546,False,1,s059,1.0691,-0.15449,toward pass
1325,2008-10-05 15:30:00,fail,0.0546,False,2,s102,-0.0168,0.13739,toward fail
1325,2008-10-05 15:30:00,fail,0.0546,False,3,s163,0.161,0.13166,toward fail
1325,2008-10-05 15:30:00,fail,0.0546,False,4,s519,7.8392,0.13068,toward fail
1325,2008-10-05 15:30:00,fail,0.0546,False,5,s488,0.0,0.12902,toward fail
1326,2008-10-05 15:35:00,fail,0.0181,False,1,s059,-1.8736,-0.63455,toward pass
1326,2008-10-05 15:35:00,fail,0.0181,False,2,s475,5.2448,0.34437,toward fail
1326,2008-10-05 15:35:00,fail,0.0181,False,3,s460,9.7287,-0.16661,toward pass
1326,2008-10-05 15:35:00,fail,0.0181,False,4,s519,,-0.11823,toward pass
1326,2008-10-05 15:35:00,fail,0.0181,False,5,s000,3193.53,-0.09154,toward pass
1327,2008-10-05 16:15:00,pass,0.2935,True,1,s059,5.7309,0.9299,toward fail
1327,2008-10-05 16:15:00,pass,0.2935,True,2,s477,8.1035,0.28616,toward fail
1327,2008-10-05 16:15:00,pass,0.2935,True,3,s021,-5280.25,0.14673,toward fail
1327,2008-10-05 16:15:00,pass,0.2935,True,4,s345,4.9618,0.1351,toward fail
1327,2008-10-05 16:15:00,pass,0.2935,True,5,s163,0.219,0.1105,toward fail
1328,2008-10-05 16:37:00,fail,0.0235,False,1,s059,-4.0527,-0.63703,toward pass
1328,2008-10-05 16:37:00,fail,0.0235,False,2,s475,5.0928,0.32006,toward fail
1328,2008-10-05 16:37:00,fail,0.0235,False,3,s460,14.4772,-0.15498,toward pass
1328,2008-10-05 16:37:00,fail,0.0235,False,4,s519,,-0.14548,toward pass
1328,2008-10-05 16:37:00,fail,0.0235,False,5,s021,-4921.0,0.12907,toward fail
1329,2008-10-05 16:49:00,fail,0.0241,False,1,s059,-2.5418,-0.75215,toward pass
1329,2008-10-05 16:49:00,fail,0.0241,False,2,s587,0.021,0.15132,toward fail
1329,2008-10-05 16:49:00,fail,0.0241,False,3,s519,,-0.14025,toward pass
1329,2008-10-05 16:49:00,fail,0.0241,False,4,s477,4.6392,-0.10089,toward pass
1329,2008-10-05 16:49:00,fail,0.0241,False,5,s488,0.0,0.09675,toward fail
1330,2008-10-05 18:46:00,fail,0.0145,False,1,s059,-6.6455,-0.57477,toward pass
1330,2008-10-05 18:46:00,fail,0.0145,False,2,s425,10.506,0.14261,toward fail
1330,2008-10-05 18:46:00,fail,0.0145,False,3,s102,-0.0444,0.11868,toward fail
1330,2008-10-05 18:46:00,fail,0.0145,False,4,s519,,-0.11277,toward pass
1330,2008-10-05 18:46:00,fail,0.0145,False,5,s497,17.1686,-0.10065,toward pass
1331,2008-10-05 18:59:00,pass,0.0253,False,1,s041,2.308,0.23056,toward fail
1331,2008-10-05 18:59:00,pass,0.0253,False,2,s102,0.0881,-0.16662,toward pass
1331,2008-10-05 18:59:00,pass,0.0253,False,3,s059,1.0518,-0.1581,toward pass
1331,2008-10-05 18:59:00,pass,0.0253,False,4,s469,4.9183,-0.11849,toward pass
1331,2008-10-05 18:59:00,pass,0.0253,False,5,s460,45.0111,0.09735,toward fail
1332,2008-10-05 19:45:00,pass,0.0297,False,1,s059,-0.81,-0.49409,toward pass
1332,2008-10-05 19:45:00,pass,0.0297,False,2,s477,7.8785,0.2854,toward fail
1332,2008-10-05 19:45:00,pass,0.0297,False,3,s041,2.114,0.23056,toward fail
1332,2008-10-05 19:45:00,pass,0.0297,False,4,s021,-5048.5,0.15994,toward fail
1332,2008-10-05 19:45:00,pass,0.0297,False,5,s497,28.1784,-0.10065,toward pass
1333,2008-10-05 20:12:00,pass,0.0107,False,1,s059,-5.1491,-0.66287,toward pass
1333,2008-10-05 20:12:00,pass,0.0107,False,2,s460,16.3653,-0.19147,toward pass
1333,2008-10-05 20:12:00,pass,0.0107,False,3,s102,-0.0053,0.11695,toward fail
1333,2008-10-05 20:12:00,pass,0.0107,False,4,s477,6.2464,-0.09297,toward pass
1333,2008-10-05 20:12:00,pass,0.0107,False,5,s519,0.0,-0.08518,toward pass
1334,2008-10-05 20:30:00,pass,0.2097,True,1,s059,6.2636,0.84448,toward fail
1334,2008-10-05 20:30:00,pass,0.2097,True,2,s477,8.6184,0.35352,toward fail
1334,2008-10-05 20:30:00,pass,0.2097,True,3,s519,,-0.13193,toward pass
1334,2008-10-05 20:30:00,pass,0.2097,True,4,s163,0.191,0.13166,toward fail
1334,2008-10-05 20:30:00,pass,0.2097,True,5,s460,38.5485,0.10914,toward fail
1335,2008-10-05 22:13:00,pass,0.017,False,1,s059,-4.8873,-0.76283,toward pass
1335,2008-10-05 22:13:00,pass,0.017,False,2,s102,-0.0885,0.14897,toward fail
1335,2008-10-05 22:13:00,pass,0.017,False,3,s460,26.7763,0.09175,toward fail
1335,2008-10-05 22:13:00,pass,0.017,False,4,s519,,-0.08628,toward pass
1335,2008-10-05 22:13:00,pass,0.017,False,5,s035,64.2677,-0.07704,toward pass
1336,2008-10-06 00:41:00,pass,0.0164,False,1,s059,-2.15,-0.63058,toward pass
1336,2008-10-06 00:41:00,pass,0.0164,False,2,s063,20.4236,0.17796,toward fail
1336,2008-10-06 00:41:00,pass,0.0164,False,3,s477,8.2545,0.13501,toward fail
1336,2008-10-06 00:41:00,pass,0.0164,False,4,s227,0.0121,-0.11636,toward pass
1336,2008-10-06 00:41:00,pass,0.0164,False,5,s460,22.4929,-0.1093,toward pass
1337,2008-10-06 01:25:00,pass,0.0218,False,1,s059,-1.97,-0.70741,toward pass
1337,2008-10-06 01:25:00,pass,0.0218,False,2,s041,2.136,0.23056,toward fail
1337,2008-10-06 01:25:00,pass,0.0218,False,3,s000,2908.47,0.15313,toward fail
1337,2008-10-06 01:25:00,pass,0.0218,False,4,s102,0.0195,-0.14712,toward pass
1337,2008-10-06 01:25:00,pass,0.0218,False,5,s425,8.257,0.14573,toward fail
1338,2008-10-06 01:27:00,pass,0.0434,False,1,s041,2.136,0.23056,toward fail
1338,2008-10-06 01:27:00,pass,0.0434,False,2,s059,0.7,-0.20616,toward pass
1338,2008-10-06 01:27:00,pass,0.0434,False,3,s477,7.0696,0.14648,toward fail
1338,2008-10-06 01:27:00,pass,0.0434,False,4,s000,2915.54,0.1254,toward fail
1338,2008-10-06 01:27:00,pass,0.0434,False,5,s345,,-0.08621,toward pass
1339,2008-10-06 01:30:00,pass,0.0159,False,1,s059,-2.7136,-0.77737,toward pass
1339,2008-10-06 01:30:00,pass,0.0159,False,2,s041,2.374,0.23056,toward fail
1339,2008-10-06 01:30:00,pass,0.0159,False,3,s063,18.4754,0.19218,toward fail
1339,2008-10-06 01:30:00,pass,0.0159,False,4,s102,0.0231,-0.14237,toward pass
1339,2008-10-06 01:30:00,pass,0.0159,False,5,s460,21.569,-0.13187,toward pass
1340,2008-10-06 02:44:00,pass,0.0302,False,1,s059,-5.2427,-0.70052,toward pass
1340,2008-10-06 02:44:00,pass,0.0302,False,2,s063,21.8591,0.19706,toward fail
1340,2008-10-06 02:44:00,pass,0.0302,False,3,s477,8.0432,0.16094,toward fail
1340,2008-10-06 02:44:00,pass,0.0302,False,4,s227,0.012,-0.11636,toward pass
1340,2008-10-06 02:44:00,pass,0.0302,False,5,s519,,-0.10165,toward pass
1341,2008-10-06 02:49:00,pass,0.0308,False,1,s059,-2.8055,-0.82294,toward pass
1341,2008-10-06 02:49:00,pass,0.0308,False,2,s041,2.374,0.23056,toward fail
1341,2008-10-06 02:49:00,pass,0.0308,False,3,s102,-0.0568,0.1329,toward fail
1341,2008-10-06 02:49:00,pass,0.0308,False,4,s021,-5361.75,0.10954,toward fail
1341,2008-10-06 02:49:00,pass,0.0308,False,5,s345,5.8566,0.1061,toward fail
1342,2008-10-06 03:31:00,pass,0.0247,False,1,s059,-4.6582,-0.62864,toward pass
1342,2008-10-06 03:31:00,pass,0.0247,False,2,s102,-0.0067,0.14996,toward fail
1342,2008-10-06 03:31:00,pass,0.0247,False,3,s587,0.0251,0.12287,toward fail
1342,2008-10-06 03:31:00,pass,0.0247,False,4,s460,31.1368,0.12217,toward fail
1342,2008-10-06 03:31:00,pass,0.0247,False,5,s519,,-0.10652,toward pass
1343,2008-10-06 03:50:00,fail,0.0199,False,1,s059,-1.1455,-0.73492,toward pass
1343,2008-10-06 03:50:00,fail,0.0199,False,2,s063,21.27,0.1939,toward fail
1343,2008-10-06 03:50:00,fail,0.0199,False,3,s102,-0.0376,0.14897,toward fail
1343,2008-10-06 03:50:00,fail,0.0199,False,4,s460,23.0106,0.11401,toward fail
1343,2008-10-06 03:50:00,fail,0.0199,False,5,s000,3034.5,-0.08835,toward pass
1344,2008-10-06 03:57:00,fail,0.0282,False,1,s523,0.0455,0.13503,toward fail
1344,2008-10-06 03:57:00,fail,0.0282,False,2,s460,30.1178,0.13486,toward fail
1344,2008-10-06 03:57:00,fail,0.0282,False,3,s519,,-0.12568,toward pass
1344,2008-10-06 03:57:00,fail,0.0282,False,4,s102,-0.0341,0.10647,toward fail
1344,2008-10-06 03:57:00,fail,0.0282,False,5,s171,0.0798,-0.10398,toward pass
1345,2008-10-06 04:26:00,pass,0.1557,True,1,s041,2.308,0.23056,toward fail
1345,2008-10-06 04:26:00,pass,0.1557,True,2,s102,-0.0054,0.1735,toward fail
1345,2008-10-06 04:26:00,pass,0.1557,True,3,s425,8.707,0.1444,toward fail
1345,2008-10-06 04:26:00,pass,0.1557,True,4,s000,2964.69,0.13105,toward fail
1345,2008-10-06 04:26:00,pass,0.1557,True,5,s469,6.4362,0.10414,toward fail
1346,2008-10-06 05:21:00,pass,0.1201,False,1,s059,5.17,0.91355,toward fail
1346,2008-10-06 05:21:00,pass,0.1201,False,2,s102,0.0551,-0.22882,toward pass
1346,2008-10-06 05:21:00,pass,0.1201,False,3,s519,,-0.15476,toward pass
1346,2008-10-06 05:21:00,pass,0.1201,False,4,s460,25.3661,0.12382,toward fail
1346,2008-10-06 05:21:00,pass,0.1201,False,5,s477,6.4886,-0.12069,toward pass
1347,2008-10-06 05:24:00,pass,0.0118,False,1,s059,-1.2955,-0.59103,toward pass
1347,2008-10-06 05:24:00,pass,0.0118,False,2,s460,20.4703,-0.21241,toward pass
1347,2008-10-06 05:24:00,pass,0.0118,False,3,s227,0.0123,-0.13881,toward pass
1347,2008-10-06 05:24:00,pass,0.0118,False,4,s345,,-0.1033,toward pass
1347,2008-10-06 05:24:00,pass,0.0118,False,5,s519,,-0.08518,toward pass
1348,2008-10-06 06:11:00,pass,0.0255,False,1,s102,0.0593,-0.19214,toward pass
1348,2008-10-06 06:11:00,pass,0.0255,False,2,s519,,-0.15631,toward pass
1348,2008-10-06 06:11:00,pass,0.0255,False,3,s460,23.5536,0.11942,toward fail
1348,2008-10-06 06:11:00,pass,0.0255,False,4,s333,7.2585,0.11806,toward fail
1348,2008-10-06 06:11:00,pass,0.0255,False,5,s163,0.14,0.10913,toward fail
1349,2008-10-06 06:26:00,pass,0.0518,False,1,s477,8.3516,0.30494,toward fail
1349,2008-10-06 06:26:00,pass,0.0518,False,2,s041,2.54,0.23056,toward fail
1349,2008-10-06 06:26:00,pass,0.0518,False,3,s038,86.3125,0.13787,toward fail
1349,2008-10-06 06:26:00,pass,0.0518,False,4,s307,0.1087,-0.10674,toward pass
1349,2008-10-06 06:26:00,pass,0.0518,False,5,s172,0.2537,-0.1054,toward pass
1350,2008-10-06 06:49:00,pass,0.0264,False,1,s063,17.6763,0.19592,toward fail
1350,2008-10-06 06:49:00,pass,0.0264,False,2,s059,0.6327,-0.12954,toward pass
1350,2008-10-06 06:49:00,pass,0.0264,False,3,s102,0.12,-0.12431,toward pass
1350,2008-10-06 06:49:00,pass,0.0264,False,4,s163,0.15,0.1105,toward fail
1350,2008-10-06 06:49:00,pass,0.0264,False,5,s477,5.3109,-0.10588,toward pass
1351,2008-10-06 07:12:00,pass,0.0479,False,1,s041,2.136,0.23056,toward fail
1351,2008-10-06 07:12:00,pass,0.0479,False,2,s102,0.0016,0.17052,toward fail
1351,2008-10-06 07:12:00,pass,0.0479,False,3,s425,7.5965,0.14128,toward fail
1351,2008-10-06 07:12:00,pass,0.0479,False,4,s460,48.8463,0.11996,toward fail
1351,2008-10-06 07:12:00,pass,0.0479,False,5,s163,0.167,0.1105,toward fail
1352,2008-10-06 07:17:00,pass,0.0229,False,1,s059,-1.7818,-0.67168,toward pass
1352,2008-10-06 07:17:00,pass,0.0229,False,2,s460,20.3593,-0.20964,toward pass
1352,2008-10-06 07:17:00,pass,0.0229,False,3,s063,19.2891,0.16648,toward fail
1352,2008-10-06 07:17:00,pass,0.0229,False,4,s000,2910.77,0.14438,toward fail
1352,2008-10-06 07:17:00,pass,0.0229,False,5,s102,-0.0497,0.11812,toward fail
1353,2008-10-06 07:35:00,pass,0.0154,False,1,s059,-2.2373,-0.51891,toward pass
1353,2008-10-06 07:35:00,pass,0.0154,False,2,s102,-0.0339,0.147,toward fail
1353,2008-10-06 07:35:00,pass,0.0154,False,3,s083,6.8881,-0.09343,toward pass
1353,2008-10-06 07:35:00,pass,0.0154,False,4,s587,0.0078,-0.09132,toward pass
1353,2008-10-06 07:35:00,pass,0.0154,False,5,s519,,-0.08656,toward pass
1354,2008-10-06 07:38:00,pass,0.0319,False,1,s059,-4.9627,-0.59438,toward pass
1354,2008-10-06 07:38:00,pass,0.0319,False,2,s041,2.114,0.23056,toward fail
1354,2008-10-06 07:38:00,pass,0.0319,False,3,s460,18.6553,-0.15345,toward pass
1354,2008-10-06 07:38:00,pass,0.0319,False,4,s102,0.0855,-0.15156,toward pass
1354,2008-10-06 07:38:00,pass,0.0319,False,5,s038,86.1978,0.13787,toward fail
1355,2008-10-06 08:24:00,pass,0.0249,False,1,s059,-2.0327,-0.60771,toward pass
1355,2008-10-06 08:24:00,pass,0.0249,False,2,s041,2.114,0.23056,toward fail
1355,2008-10-06 08:24:00,pass,0.0249,False,3,s102,0.0684,-0.16662,toward pass
1355,2008-10-06 08:24:00,pass,0.0249,False,4,s021,-5305.25,0.14144,toward fail
1355,2008-10-06 08:24:00,pass,0.0249,False,5,s038,86.1978,0.13787,toward fail
1356,2008-10-06 08:57:00,pass,0.0177,False,1,s059,-1.8709,-0.63475,toward pass
1356,2008-10-06 08:57:00,pass,0.0177,False,2,s102,-0.0176,0.14996,toward fail
1356,2008-10-06 08:57:00,pass,0.0177,False,3,s460,32.7652,0.10528,toward fail
1356,2008-10-06 08:57:00,pass,0.0177,False,4,s519,,-0.09686,toward pass
1356,2008-10-06 08:57:00,pass,0.0177,False,5,s000,3185.63,-0.09154,toward pass
1357,2008-10-06 09:11:00,pass,0.0579,False,1,s021,-5206.0,0.17444,toward fail
1357,2008-10-06 09:11:00,pass,0.0579,False,2,s477,7.5153,0.14287,toward fail
1357,2008-10-06 09:11:00,pass,0.0579,False,3,s227,0.0104,-0.13881,toward pass
1357,2008-10-06 09:11:00,pass,0.0579,False,4,s519,,-0.13307,toward pass
1357,2008-10-06 09:11:00,pass,0.0579,False,5,s460,45.8883,0.12042,toward fail
1358,2008-10-06 09:57:00,pass,0.0239,False,1,s059,-4.8609,-0.7256,toward pass
1358,2008-10-06 09:57:00,pass,0.0239,False,2,s041,2.374,0.23056,toward fail
1358,2008-10-06 09:57:00,pass,0.0239,False,3,s021,-4977.5,0.18949,toward fail
1358,2008-10-06 09:57:00,pass,0.0239,False,4,s102,0.0418,-0.18656,toward pass
1358,2008-10-06 09:57:00,pass,0.0239,False,5,s345,4.9912,0.1061,toward fail
1359,2008-10-06 10:07:00,pass,0.0169,False,1,s059,-0.1145,-0.63213,toward pass
1359,2008-10-06 10:07:00,pass,0.0169,False,2,s460,12.7454,-0.16423,toward pass
1359,2008-10-06 10:07:00,pass,0.0169,False,3,s519,4.7893,0.11898,toward fail
1359,2008-10-06 10:07:00,pass,0.0169,False,4,s102,-0.0354,0.11786,toward fail
1359,2008-10-06 10:07:00,pass,0.0169,False,5,s345,,-0.09119,toward pass
1360,2008-10-06 11:51:00,pass,0.0228,False,1,s059,-3.9255,-0.67546,toward pass
1360,2008-10-06 11:51:00,pass,0.0228,False,2,s102,-0.0743,0.11588,toward fail
1360,2008-10-06 11:51:00,pass,0.0228,False,3,s460,26.2699,0.11553,toward fail
1360,2008-10-06 11:51:00,pass,0.0228,False,4,s171,0.0521,-0.09258,toward pass
1360,2008-10-06 11:51:00,pass,0.0228,False,5,s345,,-0.09071,toward pass
1361,2008-10-06 12:39:00,pass,0.0195,False,1,s059,-3.54,-0.64456,toward pass
1361,2008-10-06 12:39:00,pass,0.0195,False,2,s041,2.303,0.23056,toward fail
1361,2008-10-06 12:39:00,pass,0.0195,False,3,s460,18.3779,-0.22427,toward pass
1361,2008-10-06 12:39:00,pass,0.0195,False,4,s102,-0.0587,0.11337,toward fail
1361,2008-10-06 12:39:00,pass,0.0195,False,5,s000,3024.48,-0.09585,toward pass
1362,2008-10-06 12:42:00,pass,0.0296,False,1,s059,-5.68,-0.7414,toward pass
1362,2008-10-06 12:42:00,pass,0.0296,False,2,s477,8.4634,0.30851,toward fail
1362,2008-10-06 12:42:00,pass,0.0296,False,3,s063,21.0745,0.19539,toward fail
1362,2008-10-06 12:42:00,pass,0.0296,False,4,s333,8.8212,0.09404,toward fail
1362,2008-10-06 12:42:00,pass,0.0296,False,5,s519,,-0.08765,toward pass
1363,2008-10-06 13:08:00,pass,0.0218,False,1,s102,0.0698,-0.19214,toward pass
1363,2008-10-06 13:08:00,pass,0.0218,False,2,s519,,-0.17716,toward pass
1363,2008-10-06 13:08:00,pass,0.0218,False,3,s345,,-0.11938,toward pass
1363,2008-10-06 13:08:00,pass,0.0218,False,4,s460,52.6453,0.11667,toward fail
1363,2008-10-06 13:08:00,pass,0.0218,False,5,s163,0.218,0.1,toward fail
1364,2008-10-06 13:38:00,fail,0.0375,False,1,s059,-0.3136,-0.64279,toward pass
1364,2008-10-06 13:38:00,fail,0.0375,False,2,s021,-5392.25,0.14144,toward fail
1364,2008-10-06 13:38:00,fail,0.0375,False,3,s519,,-0.13294,toward pass
1364,2008-10-06 13:38:00,fail,0.0375,False,4,s227,0.014,-0.11863,toward pass
1364,2008-10-06 13:38:00,fail,0.0375,False,5,s345,5.695,0.11426,toward fail
1365,2008-10-06 13:55:00,fail,0.0192,False,1,s059,-0.0345,-0.52877,toward pass
1365,2008-10-06 13:55:00,fail,0.0192,False,2,s063,18.2227,0.16648,toward fail
1365,2008-10-06 13:55:00,fail,0.0192,False,3,s475,4.9204,0.14711,toward fail
1365,2008-10-06 13:55:00,fail,0.0192,False,4,s227,0.011,-0.13881,toward pass
1365,2008-10-06 13:55:00,fail,0.0192,False,5,s460,20.1231,-0.13147,toward pass
1366,2008-10-06 15:00:00,fail,0.0459,False,1,s059,-1.2164,-0.63554,toward pass
1366,2008-10-06 15:00:00,fail,0.0459,False,2,s477,10.9187,0.31353,toward fail
1366,2008-10-06 15:00:00,fail,0.0459,False,3,s041,2.374,0.23056,toward fail
1366,2008-10-06 15:00:00,fail,0.0459,False,4,s021,-5274.25,0.10954,toward fail
1366,2008-10-06 15:00:00,fail,0.0459,False,5,s460,19.9773,-0.08998,toward pass
1367,2008-10-06 15:01:00,pass,0.0183,False,1,s102,0.0225,-0.19561,toward pass
1367,2008-10-06 15:01:00,pass,0.0183,False,2,s059,1.8109,-0.13524,toward pass
1367,2008-10-06 15:01:00,pass,0.0183,False,3,s163,0.149,0.13166,toward fail
1367,2008-10-06 15:01:00,pass,0.0183,False,4,s021,-5043.5,0.12999,toward fail
1367,2008-10-06 15:01:00,pass,0.0183,False,5,s345,,-0.1176,toward pass
1368,2008-10-06 15:52:00,pass,0.0202,False,1,s460,21.7939,-0.19809,toward pass
1368,2008-10-06 15:52:00,pass,0.0202,False,2,s059,1.2109,-0.16524,toward pass
1368,2008-10-06 15:52:00,pass,0.0202,False,3,s000,2886.03,0.13827,toward fail
1368,2008-10-06 15:52:00,pass,0.0202,False,4,s519,,-0.11804,toward pass
1368,2008-10-06 15:52:00,pass,0.0202,False,5,s102,-0.0284,0.11794,toward fail
1369,2008-10-06 16:42:00,pass,0.0283,False,1,s059,-2.5945,-0.58988,toward pass
1369,2008-10-06 16:42:00,pass,0.0283,False,2,s041,2.374,0.23056,toward fail
1369,2008-10-06 16:42:00,pass,0.0283,False,3,s102,0.0349,-0.18656,toward pass
1369,2008-10-06 16:42:00,pass,0.0283,False,4,s021,-5294.5,0.10771,toward fail
1369,2008-10-06 16:42:00,pass,0.0283,False,5,s000,2916.12,0.10599,toward fail
1370,2008-10-06 16:50:00,pass,0.0106,False,1,s059,-2.91,-0.66141,toward pass
1370,2008-10-06 16:50:00,pass,0.0106,False,2,s460,16.8287,-0.25107,toward pass
1370,2008-10-06 16:50:00,pass,0.0106,False,3,s519,,-0.11772,toward pass
1370,2008-10-06 16:50:00,pass,0.0106,False,4,s477,2.7876,-0.09315,toward pass
1370,2008-10-06 16:50:00,pass,0.0106,False,5,s475,4.5107,-0.08973,toward pass
1371,2008-10-06 17:26:00,pass,0.0106,False,1,s059,-3.2436,-0.5264,toward pass
1371,2008-10-06 17:26:00,pass,0.0106,False,2,s063,18.2436,0.19539,toward fail
1371,2008-10-06 17:26:00,pass,0.0106,False,3,s460,19.935,-0.16992,toward pass
1371,2008-10-06 17:26:00,pass,0.0106,False,4,s102,0.0116,-0.13521,toward pass
1371,2008-10-06 17:26:00,pass,0.0106,False,5,s477,5.7353,-0.11349,toward pass
1372,2008-10-06 17:26:00,pass,0.0139,False,1,s059,-3.6345,-0.67886,toward pass
1372,2008-10-06 17:26:00,pass,0.0139,False,2,s102,0.1201,-0.18656,toward pass
1372,2008-10-06 17:26:00,pass,0.0139,False,3,s519,,-0.09797,toward pass
1372,2008-10-06 17:26:00,pass,0.0139,False,4,s460,24.7884,0.0966,toward fail
1372,2008-10-06 17:26:00,pass,0.0139,False,5,s587,0.0098,-0.07399,toward pass
1373,2008-10-06 17:35:00,pass,0.0246,False,1,s059,-3.9927,-0.54112,toward pass
1373,2008-10-06 17:35:00,pass,0.0246,False,2,s102,-0.0638,0.14996,toward fail
1373,2008-10-06 17:35:00,pass,0.0246,False,3,s000,2881.1,0.1462,toward fail
1373,2008-10-06 17:35:00,pass,0.0246,False,4,s519,,-0.09389,toward pass
1373,2008-10-06 17:35:00,pass,0.0246,False,5,s460,22.9524,0.0926,toward fail
1374,2008-10-06 18:54:00,pass,0.0329,False,1,s059,-2.3618,-0.64735,toward pass
1374,2008-10-06 18:54:00,pass,0.0329,False,2,s041,2.303,0.23056,toward fail
1374,2008-10-06 18:54:00,pass,0.0329,False,3,s102,-0.0253,0.14897,toward fail
1374,2008-10-06 18:54:00,pass,0.0329,False,4,s000,2945.78,0.12394,toward fail
1374,2008-10-06 18:54:00,pass,0.0329,False,5,s460,23.2428,0.11906,toward fail
1375,2008-10-06 18:55:00,pass,0.0857,False,1,s059,4.7282,0.23406,toward fail
1375,2008-10-06 18:55:00,pass,0.0857,False,2,s102,-0.0479,0.17006,toward fail
1375,2008-10-06 18:55:00,pass,0.0857,False,3,s460,37.7657,0.15338,toward fail
1375,2008-10-06 18:55:00,pass,0.0857,False,4,s519,,-0.13673,toward pass
1375,2008-10-06 18:55:00,pass,0.0857,False,5,s163,0.237,0.1105,toward fail
1376,2008-10-06 19:42:00,pass,0.0231,False,1,s059,-3.1964,-0.64871,toward pass
1376,2008-10-06 19:42:00,pass,0.0231,False,2,s041,2.303,0.23056,toward fail
1376,2008-10-06 19:42:00,pass,0.0231,False,3,s523,0.0563,0.15791,toward fail
1376,2008-10-06 19:42:00,pass,0.0231,False,4,s460,21.7815,-0.11703,toward pass
1376,2008-10-06 19:42:00,pass,0.0231,False,5,s102,-0.0257,0.11436,toward fail
1377,2008-10-06 20:02:00,pass,0.0145,False,1,s059,-1.5036,-0.49333,toward pass
1377,2008-10-06 20:02:00,pass,0.0145,False,2,s102,0.0457,-0.14681,toward pass
1377,2008-10-06 20:02:00,pass,0.0145,False,3,s345,6.2737,0.12147,toward fail
1377,2008-10-06 20:02:00,pass,0.0145,False,4,s477,2.8462,-0.11334,toward pass
1377,2008-10-06 20:02:00,pass,0.0145,False,5,s021,-5378.0,0.11144,toward fail
1378,2008-10-06 20:36:00,pass,0.0996,False,1,s059,8.9964,0.8182,toward fail
1378,2008-10-06 20:36:00,pass,0.0996,False,2,s477,7.364,0.18575,toward fail
1378,2008-10-06 20:36:00,pass,0.0996,False,3,s130,0.6676,-0.17467,toward pass
1378,2008-10-06 20:36:00,pass,0.0996,False,4,s519,4.4113,-0.13193,toward pass
1378,2008-10-06 20:36:00,pass,0.0996,False,5,s333,7.6648,0.09343,toward fail
1379,2008-10-06 20:47:00,pass,0.0188,False,1,s059,-0.4109,-0.66284,toward pass
1379,2008-10-06 20:47:00,pass,0.0188,False,2,s041,2.305,0.23056,toward fail
1379,2008-10-06 20:47:00,pass,0.0188,False,3,s460,20.982,-0.19968,toward pass
1379,2008-10-06 20:47:00,pass,0.0188,False,4,s477,5.6724,-0.10648,toward pass
1379,2008-10-06 20:47:00,pass,0.0188,False,5,s102,-0.0133,0.08328,toward fail
1380,2008-10-06 21:46:00,pass,0.0172,False,1,s059,-6.5027,-0.73589,toward pass
1380,2008-10-06 21:46:00,pass,0.0172,False,2,s021,-5342.0,0.14144,toward fail
1380,2008-10-06 21:46:00,pass,0.0172,False,3,s460,22.7234,-0.11528,toward pass
1380,2008-10-06 21:46:00,pass,0.0172,False,4,s477,3.3019,-0.09874,toward pass
1380,2008-10-06 21:46:00,pass,0.0172,False,5,s519,,-0.08232,toward pass
1381,2008-10-06 21:48:00,pass,0.0138,False,1,s059,-3.7673,-0.56885,toward pass
1381,2008-10-06 21:48:00,pass,0.0138,False,2,s041,2.501,0.23056,toward fail
1381,2008-10-06 21:48:00,pass,0.0138,False,3,s102,0.1271,-0.16662,toward pass
1381,2008-10-06 21:48:00,pass,0.0138,False,4,s460,68.0777,0.10206,toward fail
1381,2008-10-06 21:48:00,pass,0.0138,False,5,s035,64.3667,-0.07704,toward pass
1382,2008-10-06 22:37:00,pass,0.0235,False,1,s130,0.6676,-0.26468,toward pass
1382,2008-10-06 22:37:00,pass,0.0235,False,2,s059,3.3691,-0.13238,toward pass
1382,2008-10-06 22:37:00,pass,0.0235,False,3,s133,1000.4489,-0.12175,toward pass
1382,2008-10-06 22:37:00,pass,0.0235,False,4,s519,5.9295,0.11914,toward fail
1382,2008-10-06 22:37:00,pass,0.0235,False,5,s102,-0.0488,0.11203,toward fail
1383,2008-10-06 23:03:00,pass,0.0418,False,1,s102,-0.0238,0.17052,toward fail
1383,2008-10-06 23:03:00,pass,0.0418,False,2,s523,0.0443,0.13503,toward fail
1383,2008-10-06 23:03:00,pass,0.0418,False,3,s163,0.219,0.13166,toward fail
1383,2008-10-06 23:03:00,pass,0.0418,False,4,s519,,-0.11706,toward pass
1383,2008-10-06 23:03:00,pass,0.0418,False,5,s460,38.3186,0.11481,toward fail
1384,2008-10-07 01:46:00,pass,0.0227,False,1,s059,-3.4327,-0.55109,toward pass
1384,2008-10-07 01:46:00,pass,0.0227,False,2,s041,2.136,0.23056,toward fail
1384,2008-10-07 01:46:00,pass,0.0227,False,3,s523,0.0537,0.15791,toward fail
1384,2008-10-07 01:46:00,pass,0.0227,False,4,s130,0.6676,-0.14845,toward pass
1384,2008-10-07 01:46:00,pass,0.0227,False,5,s102,0.0003,0.10208,toward fail
1385,2008-10-07 03:29:00,pass,0.0142,False,1,s059,-3.8691,-0.53066,toward pass
1385,2008-10-07 03:29:00,pass,0.0142,False,2,s102,0.1373,-0.18656,toward pass
1385,2008-10-07 03:29:00,pass,0.0142,False,3,s460,27.9177,0.09482,toward fail
1385,2008-10-07 03:29:00,pass,0.0142,False,4,s519,,-0.09235,toward pass
1385,2008-10-07 03:29:00,pass,0.0142,False,5,s345,5.4002,0.08855,toward fail
1386,2008-10-07 03:39:00,pass,0.0449,False,1,s041,2.308,0.23056,toward fail
1386,2008-10-07 03:39:00,pass,0.0449,False,2,s130,0.6676,-0.14559,toward pass
1386,2008-10-07 03:39:00,pass,0.0449,False,3,s460,20.8626,-0.14428,toward pass
1386,2008-10-07 03:39:00,pass,0.0449,False,4,s133,1000.4489,-0.12175,toward pass
1386,2008-10-07 03:39:00,pass,0.0449,False,5,s469,4.9783,-0.11849,toward pass
1387,2008-10-07 07:32:00,pass,0.0587,False,1,s102,0.0947,-0.16451,toward pass
1387,2008-10-07 07:32:00,pass,0.0587,False,2,s000,2955.82,0.15281,toward fail
1387,2008-10-07 07:32:00,pass,0.0587,False,3,s460,39.7506,0.14664,toward fail
1387,2008-10-07 07:32:00,pass,0.0587,False,4,s059,1.1891,-0.14114,toward pass
1387,2008-10-07 07:32:00,pass,0.0587,False,5,s163,0.159,0.13166,toward fail
1388,2008-10-07 07:41:00,pass,0.0207,False,1,s059,-2.3109,-0.67062,toward pass
1388,2008-10-07 07:41:00,pass,0.0207,False,2,s041,2.243,0.23056,toward fail
1388,2008-10-07 07:41:00,pass,0.0207,False,3,s227,0.0091,-0.13881,toward pass
1388,2008-10-07 07:41:00,pass,0.0207,False,4,s000,2994.64,-0.08544,toward pass
1388,2008-10-07 07:41:00,pass,0.0207,False,5,s333,8.1279,0.07692,toward fail
1389,2008-10-07 08:25:00,pass,0.0232,False,1,s059,-3.0645,-0.55293,toward pass
1389,2008-10-07 08:25:00,pass,0.0232,False,2,s523,0.0563,0.15791,toward fail
1389,2008-10-07 08:25:00,pass,0.0232,False,3,s102,-0.0142,0.15294,toward fail
1389,2008-10-07 08:25:00,pass,0.0232,False,4,s519,,-0.11795,toward pass
1389,2008-10-07 08:25:00,pass,0.0232,False,5,s460,53.3243,0.10015,toward fail
1390,2008-10-07 08:26:00,pass,0.0194,False,1,s059,-1.99,-0.61422,toward pass
1390,2008-10-07 08:26:00,pass,0.0194,False,2,s000,2871.59,0.12479,toward fail
1390,2008-10-07 08:26:00,pass,0.0194,False,3,s102,-0.0636,0.11886,toward fail
1390,2008-10-07 08:26:00,pass,0.0194,False,4,s519,,-0.10017,toward pass
1390,2008-10-07 08:26:00,pass,0.0194,False,5,s460,36.8863,0.09247,toward fail
1391,2008-10-07 09:11:00,pass,0.0217,False,1,s102,0.0352,-0.21684,toward pass
1391,2008-10-07 09:11:00,pass,0.0217,False,2,s523,0.0547,0.15791,toward fail
1391,2008-10-07 09:11:00,pass,0.0217,False,3,s519,,-0.13597,toward pass
1391,2008-10-07 09:11:00,pass,0.0217,False,4,s469,7.8387,0.1064,toward fail
1391,2008-10-07 09:11:00,pass,0.0217,False,5,s129,0.6623,-0.08675,toward pass
1392,2008-10-07 09:20:00,pass,0.02,False,1,s041,2.243,0.23056,toward fail
1392,2008-10-07 09:20:00,pass,0.02,False,2,s460,8.6902,-0.13278,toward pass
1392,2008-10-07 09:20:00,pass,0.02,False,3,s102,0.0567,-0.12216,toward pass
1392,2008-10-07 09:20:00,pass,0.02,False,4,s172,0.2034,-0.11312,toward pass
1392,2008-10-07 09:20:00,pass,0.02,False,5,s477,4.2518,-0.10631,toward pass
1393,2008-10-07 09:59:00,pass,0.0122,False,1,s059,-4.9191,-0.41851,toward pass
1393,2008-10-07 09:59:00,pass,0.0122,False,2,s041,2.501,0.23056,toward fail
1393,2008-10-07 09:59:00,pass,0.0122,False,3,s102,0.0768,-0.15249,toward pass
1393,2008-10-07 09:59:00,pass,0.0122,False,4,s035,64.3667,-0.07704,toward pass
1393,2008-10-07 09:59:00,pass,0.0122,False,5,s477,5.6678,-0.07319,toward pass
1394,2008-10-07 10:04:00,pass,0.0173,False,1,s059,-2.3264,-0.57257,toward pass
1394,2008-10-07 10:04:00,pass,0.0173,False,2,s102,0.0222,-0.17137,toward pass
1394,2008-10-07 10:04:00,pass,0.0173,False,3,s000,2915.71,0.11389,toward fail
1394,2008-10-07 10:04:00,pass,0.0173,False,4,s587,0.0487,0.11216,toward fail
1394,2008-10-07 10:04:00,pass,0.0173,False,5,s519,,-0.10835,toward pass
1395,2008-10-07 10:10:00,pass,0.026,False,1,s059,-6.2591,-0.59111,toward pass
1395,2008-10-07 10:10:00,pass,0.026,False,2,s041,2.136,0.23056,toward fail
1395,2008-10-07 10:10:00,pass,0.026,False,3,s102,-0.0473,0.15294,toward fail
1395,2008-10-07 10:10:00,pass,0.026,False,4,s587,0.0487,0.12729,toward fail
1395,2008-10-07 10:10:00,pass,0.026,False,5,s488,37.1725,0.10564,toward fail
1396,2008-10-07 10:51:00,pass,0.0071,False,1,s059,-0.4636,-0.42065,toward pass
1396,2008-10-07 10:51:00,pass,0.0071,False,2,s102,0.0685,-0.15249,toward pass
1396,2008-10-07 10:51:00,pass,0.0071,False,3,s519,,-0.11989,toward pass
1396,2008-10-07 10:51:00,pass,0.0071,False,4,s477,3.5555,-0.11472,toward pass
1396,2008-10-07 10:51:00,pass,0.0071,False,5,s345,,-0.08422,toward pass
1397,2008-10-07 11:15:00,pass,0.0365,False,1,s059,-0.28,-0.51187,toward pass
1397,2008-10-07 11:15:00,pass,0.0365,False,2,s477,8.9449,0.30122,toward fail
1397,2008-10-07 11:15:00,pass,0.0365,False,3,s333,9.4506,0.14506,toward fail
1397,2008-10-07 11:15:00,pass,0.0365,False,4,s519,,-0.106,toward pass
1397,2008-10-07 11:15:00,pass,0.0365,False,5,s227,0.0435,0.08499,toward fail
1398,2008-10-07 11:16:00,pass,0.2054,True,1,s475,18.9738,0.34612,toward fail
1398,2008-10-07 11:16:00,pass,0.2054,True,2,s519,,-0.191,toward pass
1398,2008-10-07 11:16:00,pass,0.2054,True,3,s059,4.7382,0.17711,toward fail
1398,2008-10-07 11:16:00,pass,0.2054,True,4,s065,96.3465,0.17039,toward fail
1398,2008-10-07 11:16:00,pass,0.2054,True,5,s477,66.3942,0.14641,toward fail
1399,2008-10-07 11:36:00,pass,0.0466,False,1,s059,-6.4945,-0.6695,toward pass
1399,2008-10-07 11:36:00,pass,0.0466,False,2,s041,2.303,0.23056,toward fail
1399,2008-10-07 11:36:00,pass,0.0466,False,3,s000,2852.18,0.13451,toward fail
1399,2008-10-07 11:36:00,pass,0.0466,False,4,s460,49.9506,0.1345,toward fail
1399,2008-10-07 11:36:00,pass,0.0466,False,5,s587,0.0393,0.12513,toward fail
1400,2008-10-07 12:40:00,pass,0.0086,False,1,s059,-3.9618,-0.56322,toward pass
1400,2008-10-07 12:40:00,pass,0.0086,False,2,s519,,-0.15607,toward pass
1400,2008-10-07 12:40:00,pass,0.0086,False,3,s021,-4958.5,0.12907,toward fail
1400,2008-10-07 12:40:00,pass,0.0086,False,4,s083,6.9091,-0.11803,toward pass
1400,2008-10-07 12:40:00,pass,0.0086,False,5,s477,4.9627,-0.11737,toward pass
1401,2008-10-07 13:10:00,fail,0.0165,False,1,s059,-2.49,-0.52929,toward pass
1401,2008-10-07 13:10:00,fail,0.0165,False,2,s475,5.0478,0.26602,toward fail
1401,2008-10-07 13:10:00,fail,0.0165,False,3,s460,21.6857,-0.18842,toward pass
1401,2008-10-07 13:10:00,fail,0.0165,False,4,s102,-0.044,0.1186,toward fail
1401,2008-10-07 13:10:00,fail,0.0165,False,5,s519,,-0.11772,toward pass
1402,2008-10-07 13:48:00,pass,0.0201,False,1,s059,-0.5345,-0.58368,toward pass
1402,2008-10-07 13:48:00,pass,0.0201,False,2,s227,0.0152,-0.13881,toward pass
1402,2008-10-07 13:48:00,pass,0.0201,False,3,s000,2870.76,0.12394,toward fail
1402,2008-10-07 13:48:00,pass,0.0201,False,4,s519,,-0.10503,toward pass
1402,2008-10-07 13:48:00,pass,0.0201,False,5,s460,36.1845,0.09908,toward fail
1403,2008-10-07 14:35:00,pass,0.0273,False,1,s059,-7.8145,-0.57328,toward pass
1403,2008-10-07 14:35:00,pass,0.0273,False,2,s063,21.2018,0.19492,toward fail
1403,2008-10-07 14:35:00,pass,0.0273,False,3,s477,7.7685,0.16336,toward fail
1403,2008-10-07 14:35:00,pass,0.0273,False,4,s523,0.051,0.15791,toward fail
1403,2008-10-07 14:35:00,pass,0.0273,False,5,s333,7.0795,0.1373,toward fail
1404,2008-10-07 16:32:00,pass,0.0253,False,1,s059,-2.9791,-0.74378,toward pass
1404,2008-10-07 16:32:00,pass,0.0253,False,2,s063,20.4364,0.15557,toward fail
1404,2008-10-07 16:32:00,pass,0.0253,False,3,s460,34.4854,0.1363,toward fail
1404,2008-10-07 16:32:00,pass,0.0253,False,4,s102,-0.0172,0.11886,toward fail
1404,2008-10-07 16:32:00,pass,0.0253,False,5,s345,,-0.10258,toward pass
1405,2008-10-07 17:06:00,pass,0.0189,False,1,s059,0.3173,-0.55449,toward pass
1405,2008-10-07 17:06:00,pass,0.0189,False,2,s000,2893.19,0.1462,toward fail
1405,2008-10-07 17:06:00,pass,0.0189,False,3,s102,0.0744,-0.12568,toward pass
1405,2008-10-07 17:06:00,pass,0.0189,False,4,s519,,-0.1032,toward pass
1405,2008-10-07 17:06:00,pass,0.0189,False,5,s333,6.9188,0.1018,toward fail
1406,2008-10-07 17:28:00,pass,0.0094,False,1,s059,-3.4618,-0.54306,toward pass
1406,2008-10-07 17:28:00,pass,0.0094,False,2,s102,0.2128,-0.13254,toward pass
1406,2008-10-07 17:28:00,pass,0.0094,False,3,s477,2.3936,-0.12459,toward pass
1406,2008-10-07 17:28:00,pass,0.0094,False,4,s519,,-0.09673,toward pass
1406,2008-10-07 17:28:00,pass,0.0094,False,5,s000,3006.5,-0.08133,toward pass
1407,2008-10-07 18:39:00,pass,0.0146,False,1,s059,-3.4391,-0.54588,toward pass
1407,2008-10-07 18:39:00,pass,0.0146,False,2,s102,0.0981,-0.14773,toward pass
1407,2008-10-07 18:39:00,pass,0.0146,False,3,s587,0.0277,0.1081,toward fail
1407,2008-10-07 18:39:00,pass,0.0146,False,4,s519,,-0.086,toward pass
1407,2008-10-07 18:39:00,pass,0.0146,False,5,s000,3094.77,-0.08273,toward pass
1408,2008-10-07 19:24:00,pass,0.019,False,1,s059,-3.5573,-0.52064,toward pass
1408,2008-10-07 19:24:00,pass,0.019,False,2,s021,-5168.25,0.13702,toward fail
1408,2008-10-07 19:24:00,pass,0.019,False,3,s102,-0.0256,0.1085,toward fail
1408,2008-10-07 19:24:00,pass,0.019,False,4,s519,,-0.10017,toward pass
1408,2008-10-07 19:24:00,pass,0.019,False,5,s083,7.0006,-0.09343,toward pass
1409,2008-10-07 20:19:00,pass,0.0346,False,1,s460,16.9566,-0.28728,toward pass
1409,2008-10-07 20:19:00,pass,0.0346,False,2,s041,2.308,0.23056,toward fail
1409,2008-10-07 20:19:00,pass,0.0346,False,3,s021,-5226.25,0.16514,toward fail
1409,2008-10-07 20:19:00,pass,0.0346,False,4,s000,3171.42,-0.09677,toward pass
1409,2008-10-07 20:19:00,pass,0.0346,False,5,s133,1000.1451,-0.0946,toward pass
1410,2008-10-07 20:39:00,pass,0.0546,False,1,s477,8.0368,0.17996,toward fail
1410,2008-10-07 20:39:00,pass,0.0546,False,2,s031,4.6988,-0.12919,toward pass
1410,2008-10-07 20:39:00,pass,0.0546,False,3,s460,34.532,0.1135,toward fail
1410,2008-10-07 20:39:00,pass,0.0546,False,4,s519,,-0.1102,toward pass
1410,2008-10-07 20:39:00,pass,0.0546,False,5,s307,0.187,0.10662,toward fail
1411,2008-10-07 20:48:00,pass,0.0198,False,1,s059,-1.4627,-0.51991,toward pass
1411,2008-10-07 20:48:00,pass,0.0198,False,2,s523,0.0552,0.15791,toward fail
1411,2008-10-07 20:48:00,pass,0.0198,False,3,s021,-5362.75,0.13061,toward fail
1411,2008-10-07 20:48:00,pass,0.0198,False,4,s102,0.0711,-0.13043,toward pass
1411,2008-10-07 20:48:00,pass,0.0198,False,5,s519,,-0.11948,toward pass
1412,2008-10-08 04:47:00,pass,0.0178,False,1,s059,-5.4282,-0.51556,toward pass
1412,2008-10-08 04:47:00,pass,0.0178,False,2,s041,1.582,0.23056,toward fail
1412,2008-10-08 04:47:00,pass,0.0178,False,3,s102,0.0458,-0.17137,toward pass
1412,2008-10-08 04:47:00,pass,0.0178,False,4,s587,0.0405,0.14206,toward fail
1412,2008-10-08 04:47:00,pass,0.0178,False,5,s345,,-0.09243,toward pass
1413,2008-10-08 05:35:00,pass,0.0366,False,1,s059,-1.4609,-0.70066,toward pass
1413,2008-10-08 05:35:00,pass,0.0366,False,2,s477,7.3778,0.21389,toward fail
1413,2008-10-08 05:35:00,pass,0.0366,False,3,s523,0.0562,0.13503,toward fail
1413,2008-10-08 05:35:00,pass,0.0366,False,4,s333,7.1834,0.11806,toward fail
1413,2008-10-08 05:35:00,pass,0.0366,False,5,s587,0.0651,0.11125,toward fail
1414,2008-10-08 05:38:00,pass,0.0167,False,1,s059,-4.8009,-0.41968,toward pass
1414,2008-10-08 05:38:00,pass,0.0167,False,2,s523,0.0498,0.15791,toward fail
1414,2008-10-08 05:38:00,pass,0.0167,False,3,s000,2973.39,0.10254,toward fail
1414,2008-10-08 05:38:00,pass,0.0167,False,4,s519,3.436,-0.10017,toward pass
1414,2008-10-08 05:38:00,pass,0.0167,False,5,s102,-0.0258,0.09243,toward fail
1415,2008-10-08 06:25:00,pass,0.0181,False,1,s059,-2.6682,-0.51737,toward pass
1415,2008-10-08 06:25:00,pass,0.0181,False,2,s102,0.0021,0.14996,toward fail
1415,2008-10-08 06:25:00,pass,0.0181,False,3,s519,,-0.09532,toward pass
1415,2008-10-08 06:25:00,pass,0.0181,False,4,s345,,-0.09243,toward pass
1415,2008-10-08 06:25:00,pass,0.0181,False,5,s171,0.1236,0.08031,toward fail
1416,2008-10-08 07:10:00,pass,0.0116,False,1,s059,-2.2582,-0.52706,toward pass
1416,2008-10-08 07:10:00,pass,0.0116,False,2,s102,0.0074,-0.1394,toward pass
1416,2008-10-08 07:10:00,pass,0.0116,False,3,s477,3.9613,-0.12539,toward pass
1416,2008-10-08 07:10:00,pass,0.0116,False,4,s460,24.2338,0.09226,toward fail
1416,2008-10-08 07:10:00,pass,0.0116,False,5,s519,,-0.09079,toward pass
1417,2008-10-08 07:13:00,pass,0.0147,False,1,s059,-1.8509,-0.47365,toward pass
1417,2008-10-08 07:13:00,pass,0.0147,False,2,s477,5.9273,-0.10044,toward pass
1417,2008-10-08 07:13:00,pass,0.0147,False,3,s333,8.1688,0.09179,toward fail
1417,2008-10-08 07:13:00,pass,0.0147,False,4,s102,-0.085,0.08929,toward fail
1417,2008-10-08 07:13:00,pass,0.0147,False,5,s519,,-0.08633,toward pass
1418,2008-10-08 07:16:00,pass,0.0261,False,1,s059,-1.97,-0.65133,toward pass
1418,2008-10-08 07:16:00,pass,0.0261,False,2,s227,0.0151,-0.13881,toward pass
1418,2008-10-08 07:16:00,pass,0.0261,False,3,s519,,-0.12387,toward pass
1418,2008-10-08 07:16:00,pass,0.0261,False,4,s333,7.6914,0.1103,toward fail
1418,2008-10-08 07:16:00,pass,0.0261,False,5,s038,86.2277,0.10662,toward fail
1419,2008-10-08 09:01:00,pass,0.015,False,1,s059,-4.5718,-0.53854,toward pass
1419,2008-10-08 09:01:00,pass,0.015,False,2,s523,0.0578,0.13503,toward fail
1419,2008-10-08 09:01:00,pass,0.015,False,3,s102,0.0613,-0.12568,toward pass
1419,2008-10-08 09:01:00,pass,0.015,False,4,s519,,-0.09472,toward pass
1419,2008-10-08 09:01:00,pass,0.015,False,5,s333,7.5739,0.09404,toward fail
1420,2008-10-08 09:06:00,pass,0.0164,False,1,s059,-0.5655,-0.50996,toward pass
1420,2008-10-08 09:06:00,pass,0.0164,False,2,s102,-0.1191,0.11886,toward fail
1420,2008-10-08 09:06:00,pass,0.0164,False,3,s460,26.5172,0.11647,toward fail
1420,2008-10-08 09:06:00,pass,0.0164,False,4,s519,,-0.09712,toward pass
1420,2008-10-08 09:06:00,pass,0.0164,False,5,s587,0.0393,0.08001,toward fail
1421,2008-10-08 10:37:00,pass,0.0131,False,1,s059,-2.0991,-0.49742,toward pass
1421,2008-10-08 10:37:00,pass,0.0131,False,2,s460,14.2723,-0.1654,toward pass
1421,2008-10-08 10:37:00,pass,0.0131,False,3,s083,6.384,-0.11803,toward pass
1421,2008-10-08 10:37:00,pass,0.0131,False,4,s477,4.0262,-0.10615,toward pass
1421,2008-10-08 10:37:00,pass,0.0131,False,5,s345,,-0.095,toward pass
1422,2008-10-08 12:11:00,pass,0.012,False,1,s059,-5.1618,-0.5083,toward pass
1422,2008-10-08 12:11:00,pass,0.012,False,2,s130,0.6567,-0.17055,toward pass
1422,2008-10-08 12:11:00,pass,0.012,False,3,s000,2939.57,0.09525,toward fail
1422,2008-10-08 12:11:00,pass,0.012,False,4,s307,0.0966,-0.08638,toward pass
1422,2008-10-08 12:11:00,pass,0.012,False,5,s519,,-0.0841,toward pass
1423,2008-10-08 13:35:00,pass,0.0717,False,1,s041,2.067,0.23056,toward fail
1423,2008-10-08 13:35:00,pass,0.0717,False,2,s477,7.4548,0.16495,toward fail
1423,2008-10-08 13:35:00,pass,0.0717,False,3,s460,35.2918,0.14095,toward fail
1423,2008-10-08 13:35:00,pass,0.0717,False,4,s038,86.313,0.13787,toward fail
1423,2008-10-08 13:35:00,pass,0.0717,False,5,s345,,-0.08991,toward pass
1424,2008-10-08 13:38:00,pass,0.0216,False,1,s059,-0.3409,-0.57588,toward pass
1424,2008-10-08 13:38:00,pass,0.0216,False,2,s477,7.9209,0.19919,toward fail
1424,2008-10-08 13:38:00,pass,0.0216,False,3,s460,27.7906,0.09708,toward fail
1424,2008-10-08 13:38:00,pass,0.0216,False,4,s519,,-0.08867,toward pass
1424,2008-10-08 13:38:00,pass,0.0216,False,5,s227,0.0166,0.08499,toward fail
1425,2008-10-08 14:48:00,pass,0.0239,False,1,s477,7.9017,0.23754,toward fail
1425,2008-10-08 14:48:00,pass,0.0239,False,2,s460,20.4165,-0.22095,toward pass
1425,2008-10-08 14:48:00,pass,0.0239,False,3,s519,,-0.15292,toward pass
1425,2008-10-08 14:48:00,pass,0.0239,False,4,s587,0.0119,-0.08722,toward pass
1425,2008-10-08 14:48:00,pass,0.0239,False,5,s000,3077.47,-0.08517,toward pass
1426,2008-10-08 15:37:00,pass,0.0239,False,1,s227,0.0126,-0.13881,toward pass
1426,2008-10-08 15:37:00,pass,0.0239,False,2,s519,,-0.11586,toward pass
1426,2008-10-08 15:37:00,pass,0.0239,False,3,s460,26.3014,0.11117,toward fail
1426,2008-10-08 15:37:00,pass,0.0239,False,4,s163,0.212,0.1105,toward fail
1426,2008-10-08 15:37:00,pass,0.0239,False,5,s333,8.407,0.1103,toward fail
1427,2008-10-08 16:26:00,pass,0.0283,False,1,s059,0.2336,-0.54782,toward pass
1427,2008-10-08 16:26:00,pass,0.0283,False,2,s041,2.537,0.23056,toward fail
1427,2008-10-08 16:26:00,pass,0.0283,False,3,s000,2923.19,0.1254,toward fail
1427,2008-10-08 16:26:00,pass,0.0283,False,4,s102,-0.0548,0.11671,toward fail
1427,2008-10-08 16:26:00,pass,0.0283,False,5,s460,28.6895,0.09496,toward fail
1428,2008-10-08 17:14:00,pass,0.05,False,1,s059,-5.8273,-0.49973,toward pass
1428,2008-10-08 17:14:00,pass,0.05,False,2,s475,6.2788,0.32275,toward fail
1428,2008-10-08 17:14:00,pass,0.05,False,3,s477,56.9481,0.26654,toward fail
1428,2008-10-08 17:14:00,pass,0.05,False,4,s063,22.6591,0.14342,toward fail
1428,2008-10-08 17:14:00,pass,0.05,False,5,s038,86.2871,0.13787,toward fail
1429,2008-10-08 17:31:00,pass,0.0178,False,1,s059,-3.4873,-0.5939,toward pass
1429,2008-10-08 17:31:00,pass,0.0178,False,2,s519,,-0.12392,toward pass
1429,2008-10-08 17:31:00,pass,0.0178,False,3,s333,6.9129,0.11806,toward fail
1429,2008-10-08 17:31:00,pass,0.0178,False,4,s000,2953.63,0.10581,toward fail
1429,2008-10-08 17:31:00,pass,0.0178,False,5,s102,-0.0371,0.10559,toward fail
1430,2008-10-08 17:41:00,pass,0.0181,False,1,s059,-5.3264,-0.55528,toward pass
1430,2008-10-08 17:41:00,pass,0.0181,False,2,s041,1.582,0.23056,toward fail
1430,2008-10-08 17:41:00,pass,0.0181,False,3,s063,22.33,0.19325,toward fail
1430,2008-10-08 17:41:00,pass,0.0181,False,4,s477,5.4535,-0.12658,toward pass
1430,2008-10-08 17:41:00,pass,0.0181,False,5,s102,0.0606,-0.11273,toward pass
1431,2008-10-08 18:22:00,pass,0.0127,False,1,s059,-2.1264,-0.47264,toward pass
1431,2008-10-08 18:22:00,pass,0.0127,False,2,s041,2.243,0.23056,toward fail
1431,2008-10-08 18:22:00,pass,0.0127,False,3,s460,21.6324,-0.11971,toward pass
1431,2008-10-08 18:22:00,pass,0.0127,False,4,s345,,-0.08309,toward pass
1431,2008-10-08 18:22:00,pass,0.0127,False,5,s102,-0.0452,0.08229,toward fail
1432,2008-10-08 20:27:00,pass,0.0222,False,1,s059,-5.7373,-0.72294,toward pass
1432,2008-10-08 20:27:00,pass,0.0222,False,2,s460,34.6773,0.13689,toward fail
1432,2008-10-08 20:27:00,pass,0.0222,False,3,s000,2902.88,0.10435,toward fail
1432,2008-10-08 20:27:00,pass,0.0222,False,4,s102,-0.0323,0.10162,toward fail
1432,2008-10-08 20:27:00,pass,0.0222,False,5,s519,,-0.09151,toward pass
1433,2008-10-08 21:19:00,pass,0.01,False,1,s059,0.2055,-0.48785,toward pass
1433,2008-10-08 21:19:00,pass,0.01,False,2,s460,13.3608,-0.1243,toward pass
1433,2008-10-08 21:19:00,pass,0.01,False,3,s102,0.0384,-0.10798,toward pass
1433,2008-10-08 21:19:00,pass,0.01,False,4,s345,,-0.10729,toward pass
1433,2008-10-08 21:19:00,pass,0.01,False,5,s519,,-0.10377,toward pass
1434,2008-10-08 21:45:00,pass,0.0259,False,1,s059,-2.8245,-0.49274,toward pass
1434,2008-10-08 21:45:00,pass,0.0259,False,2,s041,2.501,0.23056,toward fail
1434,2008-10-08 21:45:00,pass,0.0259,False,3,s063,20.7773,0.18688,toward fail
1434,2008-10-08 21:45:00,pass,0.0259,False,4,s460,17.0976,-0.1275,toward pass
1434,2008-10-08 21:45:00,pass,0.0259,False,5,s102,0.0178,-0.11273,toward pass
1435,2008-10-08 22:08:00,pass,0.0275,False,1,s059,-4.9336,-0.58972,toward pass
1435,2008-10-08 22:08:00,pass,0.0275,False,2,s523,0.05,0.13503,toward fail
1435,2008-10-08 22:08:00,pass,0.0275,False,3,s519,,-0.11156,toward pass
1435,2008-10-08 22:08:00,pass,0.0275,False,4,s460,24.7674,0.10359,toward fail
1435,2008-10-08 22:08:00,pass,0.0275,False,5,s102,-0.0104,0.09666,toward fail
1436,2008-10-08 23:13:00,pass,0.0427,False,1,s460,29.7306,0.13808,toward fail
1436,2008-10-08 23:13:00,pass,0.0427,False,2,s102,0.0898,-0.13721,toward pass
1436,2008-10-08 23:13:00,pass,0.0427,False,3,s519,,-0.13664,toward pass
1436,2008-10-08 23:13:00,pass,0.0427,False,4,s065,45.8089,0.12735,toward fail
1436,2008-10-08 23:13:00,pass,0.0427,False,5,s163,0.221,0.12694,toward fail
1437,2008-10-08 23:50:00,pass,0.0601,False,1,s059,7.71,0.5955,toward fail
1437,2008-10-08 23:50:00,pass,0.0601,False,2,s519,,-0.14027,toward pass
1437,2008-10-08 23:50:00,pass,0.0601,False,3,s102,-0.0261,0.12599,toward fail
1437,2008-10-08 23:50:00,pass,0.0601,False,4,s038,86.3286,0.11109,toward fail
1437,2008-10-08 23:50:00,pass,0.0601,False,5,s121,15.73,-0.10905,toward pass
1438,2008-10-09 00:23:00,pass,0.0091,False,1,s059,-3.1827,-0.47964,toward pass
1438,2008-10-09 00:23:00,pass,0.0091,False,2,s477,4.2716,-0.1084,toward pass
1438,2008-10-09 00:23:00,pass,0.0091,False,3,s102,0.0775,-0.09676,toward pass
1438,2008-10-09 00:23:00,pass,0.0091,False,4,s519,,-0.09261,toward pass
1438,2008-10-09 00:23:00,pass,0.0091,False,5,s130,0.6567,-0.07926,toward pass
1439,2008-10-09 04:34:00,fail,0.0183,False,1,s059,-5.1645,-0.53812,toward pass
1439,2008-10-09 04:34:00,fail,0.0183,False,2,s041,2.243,0.23056,toward fail
1439,2008-10-09 04:34:00,fail,0.0183,False,3,s460,22.5964,-0.13354,toward pass
1439,2008-10-09 04:34:00,fail,0.0183,False,4,s000,2951.84,0.11528,toward fail
1439,2008-10-09 04:34:00,fail,0.0183,False,5,s477,4.42,-0.09294,toward pass
1440,2008-10-09 06:06:00,pass,0.0129,False,1,s059,-3.5064,-0.43041,toward pass
1440,2008-10-09 06:06:00,pass,0.0129,False,2,s041,1.582,0.23056,toward fail
1440,2008-10-09 06:06:00,pass,0.0129,False,3,s102,0.0624,-0.10963,toward pass
1440,2008-10-09 06:06:00,pass,0.0129,False,4,s307,0.0799,-0.08638,toward pass
1440,2008-10-09 06:06:00,pass,0.0129,False,5,s035,64.3032,-0.07704,toward pass
1441,2008-10-09 07:38:00,pass,0.0175,False,1,s059,-1.0455,-0.47963,toward pass
1441,2008-10-09 07:38:00,pass,0.0175,False,2,s000,2974.97,0.14438,toward fail
1441,2008-10-09 07:38:00,pass,0.0175,False,3,s102,-0.1031,0.11769,toward fail
1441,2008-10-09 07:38:00,pass,0.0175,False,4,s497,17.6165,-0.10065,toward pass
1441,2008-10-09 07:38:00,pass,0.0175,False,5,s460,29.1859,0.09077,toward fail
1442,2008-10-09 14:15:00,pass,0.0103,False,1,s059,-4.25,-0.50624,toward pass
1442,2008-10-09 14:15:00,pass,0.0103,False,2,s102,0.0185,-0.12957,toward pass
1442,2008-10-09 14:15:00,pass,0.0103,False,3,s130,0.6567,-0.11971,toward pass
1442,2008-10-09 14:15:00,pass,0.0103,False,4,s477,5.0001,-0.10448,toward pass
1442,2008-10-09 14:15:00,pass,0.0103,False,5,s519,,-0.09681,toward pass
1443,2008-10-09 15:04:00,pass,0.0125,False,1,s460,19.0038,-0.13806,toward pass
1443,2008-10-09 15:04:00,pass,0.0125,False,2,s102,0.0568,-0.11321,toward pass
1443,2008-10-09 15:04:00,pass,0.0125,False,3,s519,,-0.11136,toward pass
1443,2008-10-09 15:04:00,pass,0.0125,False,4,s477,5.1075,-0.1095,toward pass
1443,2008-10-09 15:04:00,pass,0.0125,False,5,s130,0.6567,-0.08866,toward pass
1444,2008-10-09 15:55:00,fail,0.0367,False,1,s059,-6.2473,-0.50526,toward pass
1444,2008-10-09 15:55:00,fail,0.0367,False,2,s477,7.5956,0.30004,toward fail
1444,2008-10-09 15:55:00,fail,0.0367,False,3,s041,1.582,0.23056,toward fail
1444,2008-10-09 15:55:00,fail,0.0367,False,4,s063,20.0673,0.1666,toward fail
1444,2008-10-09 15:55:00,fail,0.0367,False,5,s345,,-0.08991,toward pass
1445,2008-10-09 15:56:00,pass,0.0337,False,1,s059,-2.5027,-0.54274,toward pass
1445,2008-10-09 15:56:00,pass,0.0337,False,2,s477,6.8676,0.30333,toward fail
1445,2008-10-09 15:56:00,pass,0.0337,False,3,s063,22.3227,0.19539,toward fail
1445,2008-10-09 15:56:00,pass,0.0337,False,4,s519,,-0.09342,toward pass
1445,2008-10-09 15:56:00,pass,0.0337,False,5,s227,0.0235,0.08499,toward fail
1446,2008-10-10 10:05:00,pass,0.0204,False,1,s519,,-0.15982,toward pass
1446,2008-10-10 10:05:00,pass,0.0204,False,2,s227,0.0119,-0.13881,toward pass
1446,2008-10-10 10:05:00,pass,0.0204,False,3,s059,4.1691,-0.12992,toward pass
1446,2008-10-10 10:05:00,pass,0.0204,False,4,s460,24.0618,0.11387,toward fail
1446,2008-10-10 10:05:00,pass,0.0204,False,5,s345,,-0.10846,toward pass
1447,2008-10-10 10:46:00,pass,0.0119,False,1,s059,-0.4491,-0.52354,toward pass
1447,2008-10-10 10:46:00,pass,0.0119,False,2,s102,0.0435,-0.19131,toward pass
1447,2008-10-10 10:46:00,pass,0.0119,False,3,s477,3.2363,-0.12136,toward pass
1447,2008-10-10 10:46:00,pass,0.0119,False,4,s519,,-0.11016,toward pass
1447,2008-10-10 10:46:00,pass,0.0119,False,5,s497,17.5708,-0.10065,toward pass
1448,2008-10-10 10:53:00,pass,0.0277,False,1,s059,-2.1136,-0.66791,toward pass
1448,2008-10-10 10:53:00,pass,0.0277,False,2,s102,-0.052,0.13408,toward fail
1448,2008-10-10 10:53:00,pass,0.0277,False,3,s460,34.5166,0.13377,toward fail
1448,2008-10-10 10:53:00,pass,0.0277,False,4,s519,,-0.10303,toward pass
1448,2008-10-10 10:53:00,pass,0.0277,False,5,s000,2949.12,0.09919,toward fail
1449,2008-10-10 12:30:00,pass,0.0216,False,1,s059,-0.7664,-0.49349,toward pass
1449,2008-10-10 12:30:00,pass,0.0216,False,2,s102,-0.0164,0.13687,toward fail
1449,2008-10-10 12:30:00,pass,0.0216,False,3,s519,,-0.11823,toward pass
1449,2008-10-10 12:30:00,pass,0.0216,False,4,s460,44.8191,0.10418,toward fail
1449,2008-10-10 12:30:00,pass,0.0216,False,5,s345,,-0.09862,toward pass
1450,2008-10-10 15:33:00,pass,0.0223,False,1,s059,0.4345,-0.68203,toward pass
1450,2008-10-10 15:33:00,pass,0.0223,False,2,s102,-0.0505,0.15097,toward fail
1450,2008-10-10 15:33:00,pass,0.0223,False,3,s460,24.976,0.14906,toward fail
1450,2008-10-10 15:33:00,pass,0.0223,False,4,s519,,-0.12462,toward pass
1450,2008-10-10 15:33:00,pass,0.0223,False,5,s345,,-0.10331,toward pass
1451,2008-10-10 15:50:00,pass,0.0297,False,1,s519,,-0.18068,toward pass
1451,2008-10-10 15:50:00,pass,0.0297,False,2,s102,-0.0358,0.15743,toward fail
1451,2008-10-10 15:50:00,pass,0.0297,False,3,s460,28.7131,0.1079,toward fail
1451,2008-10-10 15:50:00,pass,0.0297,False,4,s345,,-0.10495,toward pass
1451,2008-10-10 15:50:00,pass,0.0297,False,5,s307,0.1017,-0.08434,toward pass
1452,2008-10-10 20:02:00,pass,0.0143,False,1,s059,-3.7245,-0.48995,toward pass
1452,2008-10-10 20:02:00,pass,0.0143,False,2,s063,19.2018,0.19539,toward fail
1452,2008-10-10 20:02:00,pass,0.0143,False,3,s477,5.1156,-0.10675,toward pass
1452,2008-10-10 20:02:00,pass,0.0143,False,4,s102,0.0505,-0.10379,toward pass
1452,2008-10-10 20:02:00,pass,0.0143,False,5,s460,16.8014,-0.10209,toward pass
1453,2008-10-10 21:03:00,pass,0.0273,False,1,s059,-1.4782,-0.51405,toward pass
1453,2008-10-10 21:03:00,pass,0.0273,False,2,s021,-4416.5,0.163,toward fail
1453,2008-10-10 21:03:00,pass,0.0273,False,3,s523,0.0588,0.13503,toward fail
1453,2008-10-10 21:03:00,pass,0.0273,False,4,s345,5.9671,0.13361,toward fail
1453,2008-10-10 21:03:00,pass,0.0273,False,5,s102,-0.0493,0.11489,toward fail
1454,2008-10-10 21:07:00,pass,0.0257,False,1,s059,0.2945,-0.50646,toward pass
1454,2008-10-10 21:07:00,pass,0.0257,False,2,s477,9.6409,0.32549,toward fail
1454,2008-10-10 21:07:00,pass,0.0257,False,3,s333,8.1324,0.11806,toward fail
1454,2008-10-10 21:07:00,pass,0.0257,False,4,s519,,-0.09866,toward pass
1454,2008-10-10 21:07:00,pass,0.0257,False,5,s345,5.5361,0.08649,toward fail
1455,2008-10-10 21:16:00,pass,0.0183,False,1,s059,5.6155,0.43945,toward fail
1455,2008-10-10 21:16:00,pass,0.0183,False,2,s102,0.0083,-0.14114,toward pass
1455,2008-10-10 21:16:00,pass,0.0183,False,3,s519,,-0.12903,toward pass
1455,2008-10-10 21:16:00,pass,0.0183,False,4,s031,4.8044,-0.09691,toward pass
1455,2008-10-10 21:16:00,pass,0.0183,False,5,s000,2913.84,0.08592,toward fail
1456,2008-10-11 02:55:00,pass,0.0471,False,1,s059,5.5191,0.55023,toward fail
1456,2008-10-11 02:55:00,pass,0.0471,False,2,s131,0.9957,-0.20751,toward pass
1456,2008-10-11 02:55:00,pass,0.0471,False,3,s477,9.4815,0.18455,toward fail
1456,2008-10-11 02:55:00,pass,0.0471,False,4,s519,,-0.11657,toward pass
1456,2008-10-11 02:55:00,pass,0.0471,False,5,s031,4.7209,-0.11656,toward pass
1457,2008-10-11 06:56:00,pass,0.0539,False,1,s477,8.7071,0.32024,toward fail
1457,2008-10-11 06:56:00,pass,0.0539,False,2,s163,0.157,0.12694,toward fail
1457,2008-10-11 06:56:00,pass,0.0539,False,3,s587,0.0168,0.12475,toward fail
1457,2008-10-11 06:56:00,pass,0.0539,False,4,s469,4.1621,-0.11849,toward pass
1457,2008-10-11 06:56:00,pass,0.0539,False,5,s519,,-0.10535,toward pass
1458,2008-10-11 07:38:00,pass,0.0249,False,1,s065,28.4191,0.17039,toward fail
1458,2008-10-11 07:38:00,pass,0.0249,False,2,s477,8.1848,0.12497,toward fail
1458,2008-10-11 07:38:00,pass,0.0249,False,3,s227,0.0151,-0.11863,toward pass
1458,2008-10-11 07:38:00,pass,0.0249,False,4,s587,0.0168,0.10874,toward fail
1458,2008-10-11 07:38:00,pass,0.0249,False,5,s345,6.8591,0.10657,toward fail
1459,2008-10-11 07:39:00,pass,0.0673,False,1,s059,-2.7973,-0.63302,toward pass
1459,2008-10-11 07:39:00,pass,0.0673,False,2,s064,35.25,0.27295,toward fail
1459,2008-10-11 07:39:00,pass,0.0673,False,3,s477,76.9317,0.2415,toward fail
1459,2008-10-11 07:39:00,pass,0.0673,False,4,s041,2.295,0.23056,toward fail
1459,2008-10-11 07:39:00,pass,0.0673,False,5,s475,79.1162,0.16735,toward fail
1460,2008-10-11 07:42:00,pass,0.0194,False,1,s059,-0.0864,-0.40995,toward pass
1460,2008-10-11 07:42:00,pass,0.0194,False,2,s041,2.114,0.23056,toward fail
1460,2008-10-11 07:42:00,pass,0.0194,False,3,s021,-5249.25,0.16354,toward fail
1460,2008-10-11 07:42:00,pass,0.0194,False,4,s102,0.0685,-0.12779,toward pass
1460,2008-10-11 07:42:00,pass,0.0194,False,5,s345,6.0357,0.11102,toward fail
1461,2008-10-11 08:27:00,pass,0.0302,False,1,s059,-0.2491,-0.47905,toward pass
1461,2008-10-11 08:27:00,pass,0.0302,False,2,s041,2.308,0.23056,toward fail
1461,2008-10-11 08:27:00,pass,0.0302,False,3,s021,-5295.25,0.1695,toward fail
1461,2008-10-11 08:27:00,pass,0.0302,False,4,s102,0.091,-0.16662,toward pass
1461,2008-10-11 08:27:00,pass,0.0302,False,5,s345,5.5791,0.11641,toward fail
1462,2008-10-11 14:43:00,pass,0.0423,False,1,s059,-1.7909,-0.59416,toward pass
1462,2008-10-11 14:43:00,pass,0.0423,False,2,s041,2.272,0.23056,toward fail
1462,2008-10-11 14:43:00,pass,0.0423,False,3,s477,8.2849,0.16917,toward fail
1462,2008-10-11 14:43:00,pass,0.0423,False,4,s227,0.0095,-0.13881,toward pass
1462,2008-10-11 14:43:00,pass,0.0423,False,5,s021,-5290.25,0.13777,toward fail
1463,2008-10-11 15:33:00,pass,0.0181,False,1,s041,1.912,0.23056,toward fail
1463,2008-10-11 15:33:00,pass,0.0181,False,2,s102,0.0415,-0.10877,toward pass
1463,2008-10-11 15:33:00,pass,0.0181,False,3,s477,3.6852,-0.10626,toward pass
1463,2008-10-11 15:33:00,pass,0.0181,False,4,s213,0.0961,0.09151,toward fail
1463,2008-10-11 15:33:00,pass,0.0181,False,5,s345,,-0.08404,toward pass
1464,2008-10-11 16:25:00,pass,0.0131,False,1,s059,-2.8618,-0.43358,toward pass
1464,2008-10-11 16:25:00,pass,0.0131,False,2,s041,1.912,0.23056,toward fail
1464,2008-10-11 16:25:00,pass,0.0131,False,3,s460,10.0122,-0.10156,toward pass
1464,2008-10-11 16:25:00,pass,0.0131,False,4,s102,0.0625,-0.09935,toward pass
1464,2008-10-11 16:25:00,pass,0.0131,False,5,s345,,-0.09676,toward pass
1465,2008-10-11 23:16:00,pass,0.0165,False,1,s059,-10.68,-0.4717,toward pass
1465,2008-10-11 23:16:00,pass,0.0165,False,2,s041,1.912,0.23056,toward fail
1465,2008-10-11 23:16:00,pass,0.0165,False,3,s063,19.62,0.15464,toward fail
1465,2008-10-11 23:16:00,pass,0.0165,False,4,s102,0.1035,-0.14773,toward pass
1465,2008-10-11 23:16:00,pass,0.0165,False,5,s000,3088.81,-0.08881,toward pass
1466,2008-10-11 23:58:00,pass,0.0153,False,1,s059,-0.5591,-0.3595,toward pass
1466,2008-10-11 23:58:00,pass,0.0153,False,2,s041,1.912,0.23056,toward fail
1466,2008-10-11 23:58:00,pass,0.0153,False,3,s460,13.5312,-0.11002,toward pass
1466,2008-10-11 23:58:00,pass,0.0153,False,4,s477,3.1062,-0.10678,toward pass
1466,2008-10-11 23:58:00,pass,0.0153,False,5,s102,0.0799,-0.10354,toward pass
1467,2008-10-12 00:57:00,pass,0.0255,False,1,s059,-2.9609,-0.51071,toward pass
1467,2008-10-12 00:57:00,pass,0.0255,False,2,s477,7.3252,0.26148,toward fail
1467,2008-10-12 00:57:00,pass,0.0255,False,3,s130,0.6534,-0.16749,toward pass
1467,2008-10-12 00:57:00,pass,0.0255,False,4,s587,0.0373,0.10706,toward fail
1467,2008-10-12 00:57:00,pass,0.0255,False,5,s519,,-0.10474,toward pass
1468,2008-10-12 01:50:00,pass,0.0588,False,1,s041,2.114,0.23056,toward fail
1468,2008-10-12 01:50:00,pass,0.0588,False,2,s021,-5257.0,0.16963,toward fail
1468,2008-10-12 01:50:00,pass,0.0588,False,3,s000,2936.59,0.12973,toward fail
1468,2008-10-12 01:50:00,pass,0.0588,False,4,s102,-0.042,0.12528,toward fail
1468,2008-10-12 01:50:00,pass,0.0588,False,5,s460,32.9613,0.12063,toward fail
1469,2008-10-12 02:59:00,pass,0.0193,False,1,s041,1.912,0.23056,toward fail
1469,2008-10-12 02:59:00,pass,0.0193,False,2,s102,0.082,-0.12779,toward pass
1469,2008-10-12 02:59:00,pass,0.0193,False,3,s083,6.775,-0.09976,toward pass
1469,2008-10-12 02:59:00,pass,0.0193,False,4,s299,0.0212,-0.08265,toward pass
1469,2008-10-12 02:59:00,pass,0.0193,False,5,s035,64.5276,-0.07704,toward pass
1470,2008-10-12 03:21:00,pass,0.0239,False,1,s059,0.0064,-0.50798,toward pass
1470,2008-10-12 03:21:00,pass,0.0239,False,2,s477,6.8544,0.17223,toward fail
1470,2008-10-12 03:21:00,pass,0.0239,False,3,s000,2898.17,0.1462,toward fail
1470,2008-10-12 03:21:00,pass,0.0239,False,4,s519,,-0.10746,toward pass
1470,2008-10-12 03:21:00,pass,0.0239,False,5,s345,,-0.09419,toward pass
1471,2008-10-12 03:28:00,pass,0.0376,False,1,s587,0.031,0.13523,toward fail
1471,2008-10-12 03:28:00,pass,0.0376,False,2,s519,,-0.12892,toward pass
1471,2008-10-12 03:28:00,pass,0.0376,False,3,s102,-0.0587,0.1138,toward fail
1471,2008-10-12 03:28:00,pass,0.0376,False,4,s460,30.0065,0.11096,toward fail
1471,2008-10-12 03:28:00,pass,0.0376,False,5,s333,8.0115,0.1103,toward fail
1472,2008-10-12 08:19:00,pass,0.0177,False,1,s041,1.912,0.23056,toward fail
1472,2008-10-12 08:19:00,pass,0.0177,False,2,s130,0.6589,-0.13189,toward pass
1472,2008-10-12 08:19:00,pass,0.0177,False,3,s102,0.0136,-0.13084,toward pass
1472,2008-10-12 08:19:00,pass,0.0177,False,4,s000,2926.38,0.10703,toward fail
1472,2008-10-12 08:19:00,pass,0.0177,False,5,s345,,-0.09423,toward pass
1473,2008-10-12 18:47:00,pass,0.0271,False,1,s041,2.067,0.23056,toward fail
1473,2008-10-12 18:47:00,pass,0.0271,False,2,s460,11.9288,-0.18263,toward pass
1473,2008-10-12 18:47:00,pass,0.0271,False,3,s038,86.313,0.13787,toward fail
1473,2008-10-12 18:47:00,pass,0.0271,False,4,s469,5.1925,-0.11849,toward pass
1473,2008-10-12 18:47:00,pass,0.0271,False,5,s133,993.4209,-0.10138,toward pass
1474,2008-10-13 03:34:00,pass,0.0167,False,1,s059,-5.0355,-0.47057,toward pass
1474,2008-10-13 03:34:00,pass,0.0167,False,2,s041,2.067,0.23056,toward fail
1474,2008-10-13 03:34:00,pass,0.0167,False,3,s038,86.313,0.13787,toward fail
1474,2008-10-13 03:34:00,pass,0.0167,False,4,s102,0.0638,-0.13433,toward pass
1474,2008-10-13 03:34:00,pass,0.0167,False,5,s345,,-0.09203,toward pass
1475,2008-10-13 03:53:00,pass,0.0123,False,1,s059,-3.1427,-0.56058,toward pass
1475,2008-10-13 03:53:00,pass,0.0123,False,2,s460,20.0416,-0.1961,toward pass
1475,2008-10-13 03:53:00,pass,0.0123,False,3,s130,0.6159,-0.1152,toward pass
1475,2008-10-13 03:53:00,pass,0.0123,False,4,s477,4.191,-0.1124,toward pass
1475,2008-10-13 03:53:00,pass,0.0123,False,5,s519,,-0.09494,toward pass
1476,2008-10-13 11:27:00,pass,0.0164,False,1,s059,-0.6236,-0.47588,toward pass
1476,2008-10-13 11:27:00,pass,0.0164,False,2,s130,0.6543,-0.11689,toward pass
1476,2008-10-13 11:27:00,pass,0.0164,False,3,s345,,-0.11533,toward pass
1476,2008-10-13 11:27:00,pass,0.0164,False,4,s519,,-0.10542,toward pass
1476,2008-10-13 11:27:00,pass,0.0164,False,5,s021,-5100.0,0.10063,toward fail
1477,2008-10-13 12:18:00,pass,0.0169,False,1,s059,-0.0445,-0.58511,toward pass
1477,2008-10-13 12:18:00,pass,0.0169,False,2,s460,20.776,-0.14062,toward pass
1477,2008-10-13 12:18:00,pass,0.0169,False,3,s091,0.1525,-0.12231,toward pass
1477,2008-10-13 12:18:00,pass,0.0169,False,4,s519,7.7402,0.11742,toward fail
1477,2008-10-13 12:18:00,pass,0.0169,False,5,s587,0.0328,0.11106,toward fail
1478,2008-10-13 14:06:00,pass,0.0181,False,1,s059,-1.3327,-0.45522,toward pass
1478,2008-10-13 14:06:00,pass,0.0181,False,2,s063,22.0964,0.19557,toward fail
1478,2008-10-13 14:06:00,pass,0.0181,False,3,s227,0.0135,-0.11863,toward pass
1478,2008-10-13 14:06:00,pass,0.0181,False,4,s587,0.0328,0.11155,toward fail
1478,2008-10-13 14:06:00,pass,0.0181,False,5,s460,34.2467,0.08108,toward fail
1479,2008-10-13 14:29:00,pass,0.0196,False,1,s460,7.9534,-0.23848,toward pass
1479,2008-10-13 14:29:00,pass,0.0196,False,2,s519,,-0.18193,toward pass
1479,2008-10-13 14:29:00,pass,0.0196,False,3,s000,2938.51,0.13658,toward fail
1479,2008-10-13 14:29:00,pass,0.0196,False,4,s477,5.1818,-0.11548,toward pass
1479,2008-10-13 14:29:00,pass,0.0196,False,5,s469,7.3544,0.08479,toward fail
1480,2008-10-13 14:30:00,pass,0.0277,False,1,s059,-2.5418,-0.72421,toward pass
1480,2008-10-13 14:30:00,pass,0.0277,False,2,s460,24.1862,0.13425,toward fail
1480,2008-10-13 14:30:00,pass,0.0277,False,3,s102,-0.0722,0.1085,toward fail
1480,2008-10-13 14:30:00,pass,0.0277,False,4,s345,,-0.10583,toward pass
1480,2008-10-13 14:30:00,pass,0.0277,False,5,s021,-5115.25,0.10207,toward fail
1481,2008-10-13 14:55:00,pass,0.0077,False,1,s059,-1.1236,-0.44487,toward pass
1481,2008-10-13 14:55:00,pass,0.0077,False,2,s460,16.0182,-0.19812,toward pass
1481,2008-10-13 14:55:00,pass,0.0077,False,3,s102,0.0855,-0.10354,toward pass
1481,2008-10-13 14:55:00,pass,0.0077,False,4,s475,3.7892,-0.09129,toward pass
1481,2008-10-13 14:55:00,pass,0.0077,False,5,s519,,-0.08439,toward pass
1482,2008-10-13 15:42:00,pass,0.0289,False,1,s059,-0.9091,-0.51662,toward pass
1482,2008-10-13 15:42:00,pass,0.0289,False,2,s041,2.359,0.23056,toward fail
1482,2008-10-13 15:42:00,pass,0.0289,False,3,s021,-5160.75,0.16764,toward fail
1482,2008-10-13 15:42:00,pass,0.0289,False,4,s475,4.8882,0.15612,toward fail
1482,2008-10-13 15:42:00,pass,0.0289,False,5,s333,7.1639,0.1103,toward fail
1483,2008-10-13 15:42:00,pass,0.0323,False,1,s059,-1.7382,-0.59332,toward pass
1483,2008-10-13 15:42:00,pass,0.0323,False,2,s041,2.114,0.23056,toward fail
1483,2008-10-13 15:42:00,pass,0.0323,False,3,s130,0.592,-0.16678,toward pass
1483,2008-10-13 15:42:00,pass,0.0323,False,4,s477,8.3401,0.14048,toward fail
1483,2008-10-13 15:42:00,pass,0.0323,False,5,s227,0.0089,-0.13881,toward pass
1484,2008-10-13 16:13:00,pass,0.0067,False,1,s059,0.2327,-0.3623,toward pass
1484,2008-10-13 16:13:00,pass,0.0067,False,2,s460,14.7246,-0.13624,toward pass
1484,2008-10-13 16:13:00,pass,0.0067,False,3,s519,,-0.09261,toward pass
1484,2008-10-13 16:13:00,pass,0.0067,False,4,s102,0.0289,-0.09092,toward pass
1484,2008-10-13 16:13:00,pass,0.0067,False,5,s345,,-0.08481,toward pass
1485,2008-10-13 19:17:00,pass,0.0113,False,1,s059,-1.3018,-0.56995,toward pass
1485,2008-10-13 19:17:00,pass,0.0113,False,2,s460,8.6169,-0.18847,toward pass
1485,2008-10-13 19:17:00,pass,0.0113,False,3,s477,5.6614,-0.1198,toward pass
1485,2008-10-13 19:17:00,pass,0.0113,False,4,s102,0.0453,-0.10168,toward pass
1485,2008-10-13 19:17:00,pass,0.0113,False,5,s519,,-0.09825,toward pass
1486,2008-10-13 19:36:00,pass,0.0258,False,1,s059,-2.8845,-0.53405,toward pass
1486,2008-10-13 19:36:00,pass,0.0258,False,2,s475,5.2167,0.23146,toward fail
1486,2008-10-13 19:36:00,pass,0.0258,False,3,s587,0.0185,0.13429,toward fail
1486,2008-10-13 19:36:00,pass,0.0258,False,4,s477,2.406,-0.12181,toward pass
1486,2008-10-13 19:36:00,pass,0.0258,False,5,s102,0.0071,-0.10298,toward pass
1487,2008-10-13 19:40:00,pass,0.0153,False,1,s059,-4.7682,-0.61608,toward pass
1487,2008-10-13 19:40:00,pass,0.0153,False,2,s038,86.2164,0.13787,toward fail
1487,2008-10-13 19:40:00,pass,0.0153,False,3,s130,0.6289,-0.12465,toward pass
1487,2008-10-13 19:40:00,pass,0.0153,False,4,s477,3.8697,-0.11988,toward pass
1487,2008-10-13 19:40:00,pass,0.0153,False,5,s102,0.0296,-0.1167,toward pass
1488,2008-10-13 20:10:00,pass,0.0433,False,1,s130,0.6652,-0.24216,toward pass
1488,2008-10-13 20:10:00,pass,0.0433,False,2,s041,2.478,0.23056,toward fail
1488,2008-10-13 20:10:00,pass,0.0433,False,3,s477,8.362,0.1911,toward fail
1488,2008-10-13 20:10:00,pass,0.0433,False,4,s469,5.3731,0.10414,toward fail
1488,2008-10-13 20:10:00,pass,0.0433,False,5,s131,0.9941,-0.09508,toward pass
1489,2008-10-13 20:30:00,pass,0.0177,False,1,s059,-2.6591,-0.5571,toward pass
1489,2008-10-13 20:30:00,pass,0.0177,False,2,s130,0.6289,-0.1958,toward pass
1489,2008-10-13 20:30:00,pass,0.0177,False,3,s063,19.61,0.1395,toward fail
1489,2008-10-13 20:30:00,pass,0.0177,False,4,s587,0.0205,0.10633,toward fail
1489,2008-10-13 20:30:00,pass,0.0177,False,5,s000,2970.42,0.09525,toward fail
1490,2008-10-13 20:53:00,pass,0.0736,False,1,s059,26.9709,0.79265,toward fail
1490,2008-10-13 20:53:00,pass,0.0736,False,2,s475,17.7994,0.22679,toward fail
1490,2008-10-13 20:53:00,pass,0.0736,False,3,s121,15.55,-0.18861,toward pass
1490,2008-10-13 20:53:00,pass,0.0736,False,4,s460,20.5457,-0.17709,toward pass
1490,2008-10-13 20:53:00,pass,0.0736,False,5,s227,0.0129,-0.13881,toward pass
1491,2008-10-13 21:20:00,pass,0.0241,False,1,s523,0.059,0.13503,toward fail
1491,2008-10-13 21:20:00,pass,0.0241,False,2,s460,19.1275,-0.12093,toward pass
1491,2008-10-13 21:20:00,pass,0.0241,False,3,s519,,-0.10068,toward pass
1491,2008-10-13 21:20:00,pass,0.0241,False,4,s488,0.0,0.0923,toward fail
1491,2008-10-13 21:20:00,pass,0.0241,False,5,s587,0.0125,-0.08662,toward pass
1492,2008-10-13 21:47:00,pass,0.0171,False,1,s133,986.9524,-0.12175,toward pass
1492,2008-10-13 21:47:00,pass,0.0171,False,2,s460,46.8875,0.11867,toward fail
1492,2008-10-13 21:47:00,pass,0.0171,False,3,s102,-0.0321,0.11312,toward fail
1492,2008-10-13 21:47:00,pass,0.0171,False,4,s587,0.0104,-0.11081,toward pass
1492,2008-10-13 21:47:00,pass,0.0171,False,5,s059,4.7545,0.10935,toward fail
1493,2008-10-13 21:57:00,pass,0.0106,False,1,s059,-0.2709,-0.44964,toward pass
1493,2008-10-13 21:57:00,pass,0.0106,False,2,s102,0.0132,-0.10855,toward pass
1493,2008-10-13 21:57:00,pass,0.0106,False,3,s519,,-0.09047,toward pass
1493,2008-10-13 21:57:00,pass,0.0106,False,4,s345,,-0.08981,toward pass
1493,2008-10-13 21:57:00,pass,0.0106,False,5,s460,24.2878,0.08739,toward fail
1494,2008-10-13 22:48:00,pass,0.0183,False,1,s059,-2.8555,-0.44199,toward pass
1494,2008-10-13 22:48:00,pass,0.0183,False,2,s102,-0.1004,0.11886,toward fail
1494,2008-10-13 22:48:00,pass,0.0183,False,3,s460,26.3533,0.11706,toward fail
1494,2008-10-13 22:48:00,pass,0.0183,False,4,s519,,-0.09622,toward pass
1494,2008-10-13 22:48:00,pass,0.0183,False,5,s345,,-0.09384,toward pass
1495,2008-10-13 22:54:00,pass,0.0362,False,1,s041,2.427,0.23056,toward fail
1495,2008-10-13 22:54:00,pass,0.0362,False,2,s102,0.031,-0.13899,toward pass
1495,2008-10-13 22:54:00,pass,0.0362,False,3,s587,0.028,0.1296,toward fail
1495,2008-10-13 22:54:00,pass,0.0362,False,4,s497,13.2239,-0.10065,toward pass
1495,2008-10-13 22:54:00,pass,0.0362,False,5,s299,0.0591,0.09436,toward fail
1496,2008-10-14 00:35:00,pass,0.0164,False,1,s059,-3.2373,-0.49974,toward pass
1496,2008-10-14 00:35:00,pass,0.0164,False,2,s063,18.1627,0.19539,toward fail
1496,2008-10-14 00:35:00,pass,0.0164,False,3,s102,0.1137,-0.12957,toward pass
1496,2008-10-14 00:35:00,pass,0.0164,False,4,s477,4.4719,-0.10576,toward pass
1496,2008-10-14 00:35:00,pass,0.0164,False,5,s519,,-0.09702,toward pass
1497,2008-10-14 03:21:00,pass,0.0217,False,1,s059,-1.1627,-0.41216,toward pass
1497,2008-10-14 03:21:00,pass,0.0217,False,2,s041,2.067,0.23056,toward fail
1497,2008-10-14 03:21:00,pass,0.0217,False,3,s460,20.5798,-0.1675,toward pass
1497,2008-10-14 03:21:00,pass,0.0217,False,4,s038,86.313,0.13787,toward fail
1497,2008-10-14 03:21:00,pass,0.0217,False,5,s345,,-0.08737,toward pass
1498,2008-10-14 03:28:00,pass,0.0261,False,1,s059,-0.7418,-0.46994,toward pass
1498,2008-10-14 03:28:00,pass,0.0261,False,2,s041,1.427,0.23056,toward fail
1498,2008-10-14 03:28:00,pass,0.0261,False,3,s477,6.7855,0.1999,toward fail
1498,2008-10-14 03:28:00,pass,0.0261,False,4,s130,0.6289,-0.12556,toward pass
1498,2008-10-14 03:28:00,pass,0.0261,False,5,s460,15.17,-0.11671,toward pass
1499,2008-10-14 03:35:00,pass,0.0258,False,1,s059,-6.7227,-0.66561,toward pass
1499,2008-10-14 03:35:00,pass,0.0258,False,2,s475,5.3175,0.26136,toward fail
1499,2008-10-14 03:35:00,pass,0.0258,False,3,s460,18.5999,-0.22769,toward pass
1499,2008-10-14 03:35:00,pass,0.0258,False,4,s519,,-0.12359,toward pass
1499,2008-10-14 03:35:00,pass,0.0258,False,5,s587,0.0596,0.11169,toward fail
1500,2008-10-14 13:13:00,pass,0.0174,False,1,s059,0.4445,-0.46559,toward pass
1500,2008-10-14 13:13:00,pass,0.0174,False,2,s460,14.6315,-0.20668,toward pass
1500,2008-10-14 13:13:00,pass,0.0174,False,3,s000,2924.54,0.12558,toward fail
1500,2008-10-14 13:13:00,pass,0.0174,False,4,s102,-0.024,0.11794,toward fail
1500,2008-10-14 13:13:00,pass,0.0174,False,5,s519,,-0.09847,toward pass
1501,2008-10-14 13:16:00,pass,0.0113,False,1,s059,-1.5091,-0.56156,toward pass
1501,2008-10-14 13:16:00,pass,0.0113,False,2,s460,21.6272,-0.14728,toward pass
1501,2008-10-14 13:16:00,pass,0.0113,False,3,s477,6.8431,0.14712,toward fail
1501,2008-10-14 13:16:00,pass,0.0113,False,4,s227,0.011,-0.13881,toward pass
1501,2008-10-14 13:16:00,pass,0.0113,False,5,s519,,-0.08099,toward pass
1502,2008-10-14 14:07:00,pass,0.0208,False,1,s041,2.501,0.23056,toward fail
1502,2008-10-14 14:07:00,pass,0.0208,False,2,s102,0.0827,-0.20997,toward pass
1502,2008-10-14 14:07:00,pass,0.0208,False,3,s163,0.154,0.13493,toward fail
1502,2008-10-14 14:07:00,pass,0.0208,False,4,s172,0.2247,-0.11312,toward pass
1502,2008-10-14 14:07:00,pass,0.0208,False,5,s587,0.0113,-0.11081,toward pass
1503,2008-10-14 14:15:00,pass,0.0177,False,1,s059,-3.45,-0.49442,toward pass
1503,2008-10-14 14:15:00,pass,0.0177,False,2,s041,2.164,0.23056,toward fail
1503,2008-10-14 14:15:00,pass,0.0177,False,3,s102,0.0413,-0.14562,toward pass
1503,2008-10-14 14:15:00,pass,0.0177,False,4,s000,2989.59,0.08872,toward fail
1503,2008-10-14 14:15:00,pass,0.0177,False,5,s460,48.6777,0.08424,toward fail
1504,2008-10-14 14:43:00,pass,0.0584,False,1,s059,4.9209,0.25742,toward fail
1504,2008-10-14 14:43:00,pass,0.0584,False,2,s102,0.0296,-0.20729,toward pass
1504,2008-10-14 14:43:00,pass,0.0584,False,3,s163,0.34,0.12694,toward fail
1504,2008-10-14 14:43:00,pass,0.0584,False,4,s460,44.2576,0.11018,toward fail
1504,2008-10-14 14:43:00,pass,0.0584,False,5,s307,0.1605,0.10662,toward fail
1505,2008-10-14 17:36:00,pass,0.0134,False,1,s059,-4.6173,-0.49789,toward pass
1505,2008-10-14 17:36:00,pass,0.0134,False,2,s041,2.164,0.23056,toward fail
1505,2008-10-14 17:36:00,pass,0.0134,False,3,s460,19.939,-0.14801,toward pass
1505,2008-10-14 17:36:00,pass,0.0134,False,4,s102,0.0399,-0.13818,toward pass
1505,2008-10-14 17:36:00,pass,0.0134,False,5,s130,0.6595,-0.10971,toward pass
1506,2008-10-14 19:15:00,pass,0.0131,False,1,s059,-1.65,-0.58982,toward pass
1506,2008-10-14 19:15:00,pass,0.0131,False,2,s477,4.5493,-0.10672,toward pass
1506,2008-10-14 19:15:00,pass,0.0131,False,3,s102,0.045,-0.10615,toward pass
1506,2008-10-14 19:15:00,pass,0.0131,False,4,s460,27.3331,0.09426,toward fail
1506,2008-10-14 19:15:00,pass,0.0131,False,5,s519,,-0.08583,toward pass
1507,2008-10-14 20:01:00,pass,0.0195,False,1,s059,-2.9818,-0.66986,toward pass
1507,2008-10-14 20:01:00,pass,0.0195,False,2,s477,4.622,-0.12766,toward pass
1507,2008-10-14 20:01:00,pass,0.0195,False,3,s000,2883.88,0.12661,toward fail
1507,2008-10-14 20:01:00,pass,0.0195,False,4,s102,0.0401,-0.12431,toward pass
1507,2008-10-14 20:01:00,pass,0.0195,False,5,s460,38.5132,0.1025,toward fail
1508,2008-10-14 20:30:00,pass,0.0146,False,1,s102,0.0389,-0.17709,toward pass
1508,2008-10-14 20:30:00,pass,0.0146,False,2,s460,20.8576,-0.14611,toward pass
1508,2008-10-14 20:30:00,pass,0.0146,False,3,s519,,-0.13081,toward pass
1508,2008-10-14 20:30:00,pass,0.0146,False,4,s172,0.263,-0.11312,toward pass
1508,2008-10-14 20:30:00,pass,0.0146,False,5,s477,4.3582,-0.10231,toward pass
1509,2008-10-14 20:48:00,pass,0.0072,False,1,s059,-0.2255,-0.59769,toward pass
1509,2008-10-14 20:48:00,pass,0.0072,False,2,s460,15.9479,-0.16461,toward pass
1509,2008-10-14 20:48:00,pass,0.0072,False,3,s519,,-0.10591,toward pass
1509,2008-10-14 20:48:00,pass,0.0072,False,4,s102,0.0064,-0.09216,toward pass
1509,2008-10-14 20:48:00,pass,0.0072,False,5,s477,4.012,-0.07381,toward pass
1510,2008-10-14 21:36:00,pass,0.0279,False,1,s059,-2.0455,-0.68731,toward pass
1510,2008-10-14 21:36:00,pass,0.0279,False,2,s041,2.478,0.23056,toward fail
1510,2008-10-14 21:36:00,pass,0.0279,False,3,s475,5.2039,0.23008,toward fail
1510,2008-10-14 21:36:00,pass,0.0279,False,4,s460,14.8251,-0.19221,toward pass
1510,2008-10-14 21:36:00,pass,0.0279,False,5,s477,5.1566,-0.10609,toward pass
1511,2008-10-14 23:07:00,pass,0.0397,False,1,s475,4.8881,0.29785,toward fail
1511,2008-10-14 23:07:00,pass,0.0397,False,2,s041,1.912,0.23056,toward fail
1511,2008-10-14 23:07:00,pass,0.0397,False,3,s102,0.0764,-0.14984,toward pass
1511,2008-10-14 23:07:00,pass,0.0397,False,4,s000,2966.2,0.13572,toward fail
1511,2008-10-14 23:07:00,pass,0.0397,False,5,s059,0.9027,-0.09351,toward pass
1512,2008-10-15 00:03:00,pass,0.0118,False,1,s059,-4.8809,-0.61287,toward pass
1512,2008-10-15 00:03:00,pass,0.0118,False,2,s460,8.0728,-0.17377,toward pass
1512,2008-10-15 00:03:00,pass,0.0118,False,3,s063,17.8318,0.16798,toward fail
1512,2008-10-15 00:03:00,pass,0.0118,False,4,s102,0.0108,-0.13446,toward pass
1512,2008-10-15 00:03:00,pass,0.0118,False,5,s519,,-0.12831,toward pass
1513,2008-10-15 00:27:00,pass,0.0166,False,1,s059,-3.88,-0.53122,toward pass
1513,2008-10-15 00:27:00,pass,0.0166,False,2,s041,1.582,0.23056,toward fail
1513,2008-10-15 00:27:00,pass,0.0166,False,3,s063,18.4936,0.1666,toward fail
1513,2008-10-15 00:27:00,pass,0.0166,False,4,s102,0.0529,-0.11273,toward pass
1513,2008-10-15 00:27:00,pass,0.0166,False,5,s477,4.8058,-0.10926,toward pass
1514,2008-10-15 00:47:00,pass,0.0562,False,1,s059,4.7573,0.23009,toward fail
1514,2008-10-15 00:47:00,pass,0.0562,False,2,s477,6.981,0.16448,toward fail
1514,2008-10-15 00:47:00,pass,0.0562,False,3,s519,,-0.16032,toward pass
1514,2008-10-15 00:47:00,pass,0.0562,False,4,s038,86.2893,0.13787,toward fail
1514,2008-10-15 00:47:00,pass,0.0562,False,5,s163,0.147,0.13166,toward fail
1515,2008-10-15 01:52:00,pass,0.0171,False,1,s059,-5.0918,-0.72675,toward pass
1515,2008-10-15 01:52:00,pass,0.0171,False,2,s063,18.1127,0.14834,toward fail
1515,2008-10-15 01:52:00,pass,0.0171,False,3,s460,20.547,-0.13204,toward pass
1515,2008-10-15 01:52:00,pass,0.0171,False,4,s130,0.6402,-0.11672,toward pass
1515,2008-10-15 01:52:00,pass,0.0171,False,5,s102,-0.0504,0.1116,toward fail
1516,2008-10-15 01:52:00,pass,0.0138,False,1,s059,-0.6345,-0.57658,toward pass
1516,2008-10-15 01:52:00,pass,0.0138,False,2,s460,20.6642,-0.19777,toward pass
1516,2008-10-15 01:52:00,pass,0.0138,False,3,s102,-0.0366,0.10999,toward fail
1516,2008-10-15 01:52:00,pass,0.0138,False,4,s519,,-0.09081,toward pass
1516,2008-10-15 01:52:00,pass,0.0138,False,5,s345,,-0.0816,toward pass
1517,2008-10-15 01:52:00,pass,0.009,False,1,s059,-4.7227,-0.46496,toward pass
1517,2008-10-15 01:52:00,pass,0.009,False,2,s102,0.0128,-0.17543,toward pass
1517,2008-10-15 01:52:00,pass,0.009,False,3,s519,,-0.11784,toward pass
1517,2008-10-15 01:52:00,pass,0.009,False,4,s129,0.6623,-0.08848,toward pass
1517,2008-10-15 01:52:00,pass,0.009,False,5,s307,0.0798,-0.08638,toward pass
1518,2008-10-15 02:40:00,pass,0.0153,False,1,s059,-2.0164,-0.61472,toward pass
1518,2008-10-15 02:40:00,pass,0.0153,False,2,s063,17.5373,0.16596,toward fail
1518,2008-10-15 02:40:00,pass,0.0153,False,3,s519,3.4882,-0.10746,toward pass
1518,2008-10-15 02:40:00,pass,0.0153,False,4,s227,0.0105,-0.09617,toward pass
1518,2008-10-15 02:40:00,pass,0.0153,False,5,s345,,-0.09398,toward pass
1519,2008-10-15 02:40:00,pass,0.0141,False,1,s059,-0.3773,-0.62112,toward pass
1519,2008-10-15 02:40:00,pass,0.0141,False,2,s460,13.0713,-0.17388,toward pass
1519,2008-10-15 02:40:00,pass,0.0141,False,3,s102,-0.0343,0.11454,toward fail
1519,2008-10-15 02:40:00,pass,0.0141,False,4,s519,,-0.09316,toward pass
1519,2008-10-15 02:40:00,pass,0.0141,False,5,s213,0.0893,0.09257,toward fail
1520,2008-10-15 02:42:00,fail,0.0357,False,1,s477,9.6984,0.26943,toward fail
1520,2008-10-15 02:42:00,fail,0.0357,False,2,s519,,-0.13988,toward pass
1520,2008-10-15 02:42:00,fail,0.0357,False,3,s163,0.169,0.13493,toward fail
1520,2008-10-15 02:42:00,fail,0.0357,False,4,s460,75.3229,0.12841,toward fail
1520,2008-10-15 02:42:00,fail,0.0357,False,5,s000,2903.34,0.10724,toward fail
1521,2008-10-15 03:24:00,pass,0.0181,False,1,s059,-3.9073,-0.55361,toward pass
1521,2008-10-15 03:24:00,pass,0.0181,False,2,s477,6.9496,0.1495,toward fail
1521,2008-10-15 03:24:00,pass,0.0181,False,3,s038,86.236,0.13787,toward fail
1521,2008-10-15 03:24:00,pass,0.0181,False,4,s227,0.0146,-0.11863,toward pass
1521,2008-10-15 03:24:00,pass,0.0181,False,5,s497,21.0508,-0.10065,toward pass
1522,2008-10-15 04:08:00,pass,0.0135,False,1,s059,-2.0718,-0.60303,toward pass
1522,2008-10-15 04:08:00,pass,0.0135,False,2,s460,12.0521,-0.21856,toward pass
1522,2008-10-15 04:08:00,pass,0.0135,False,3,s038,86.2893,0.13787,toward fail
1522,2008-10-15 04:08:00,pass,0.0135,False,4,s519,,-0.12831,toward pass
1522,2008-10-15 04:08:00,pass,0.0135,False,5,s000,2943.76,0.11978,toward fail
1523,2008-10-15 05:13:00,pass,0.0394,False,1,s041,1.427,0.23056,toward fail
1523,2008-10-15 05:13:00,pass,0.0394,False,2,s102,-0.0073,0.1735,toward fail
1523,2008-10-15 05:13:00,pass,0.0394,False,3,s469,4.8089,-0.11849,toward pass
1523,2008-10-15 05:13:00,pass,0.0394,False,4,s345,,-0.10846,toward pass
1523,2008-10-15 05:13:00,pass,0.0394,False,5,s488,82.2612,0.10717,toward fail
1524,2008-10-15 05:16:00,pass,0.0392,False,1,s059,-1.8045,-0.55221,toward pass
1524,2008-10-15 05:16:00,pass,0.0392,False,2,s041,2.243,0.23056,toward fail
1524,2008-10-15 05:16:00,pass,0.0392,False,3,s477,7.2043,0.16705,toward fail
1524,2008-10-15 05:16:00,pass,0.0392,False,4,s130,0.6153,-0.14624,toward pass
1524,2008-10-15 05:16:00,pass,0.0392,False,5,s425,10.6983,0.14128,toward fail
1525,2008-10-15 06:49:00,pass,0.0175,False,1,s059,-4.4309,-0.62328,toward pass
1525,2008-10-15 06:49:00,pass,0.0175,False,2,s063,22.5082,0.15575,toward fail
1525,2008-10-15 06:49:00,pass,0.0175,False,3,s227,0.0133,-0.11636,toward pass
1525,2008-10-15 06:49:00,pass,0.0175,False,4,s460,23.011,0.09265,toward fail
1525,2008-10-15 06:49:00,pass,0.0175,False,5,s345,,-0.08175,toward pass
1526,2008-10-15 07:36:00,pass,0.0124,False,1,s059,-2.1155,-0.50051,toward pass
1526,2008-10-15 07:36:00,pass,0.0124,False,2,s460,18.8678,-0.1353,toward pass
1526,2008-10-15 07:36:00,pass,0.0124,False,3,s102,-0.0681,0.11357,toward fail
1526,2008-10-15 07:36:00,pass,0.0124,False,4,s345,,-0.1042,toward pass
1526,2008-10-15 07:36:00,pass,0.0124,False,5,s519,,-0.09218,toward pass
1527,2008-10-15 07:55:00,pass,0.0154,False,1,s059,-3.6509,-0.51941,toward pass
1527,2008-10-15 07:55:00,pass,0.0154,False,2,s460,14.1717,-0.16401,toward pass
1527,2008-10-15 07:55:00,pass,0.0154,False,3,s102,-0.0458,0.10999,toward fail
1527,2008-10-15 07:55:00,pass,0.0154,False,4,s519,,-0.09875,toward pass
1527,2008-10-15 07:55:00,pass,0.0154,False,5,s345,,-0.08765,toward pass
1528,2008-10-15 08:21:00,pass,0.0144,False,1,s059,-2.5382,-0.74195,toward pass
1528,2008-10-15 08:21:00,pass,0.0144,False,2,s460,15.4941,-0.19777,toward pass
1528,2008-10-15 08:21:00,pass,0.0144,False,3,s102,-0.023,0.10902,toward fail
1528,2008-10-15 08:21:00,pass,0.0144,False,4,s519,,-0.09163,toward pass
1528,2008-10-15 08:21:00,pass,0.0144,False,5,s477,6.2289,-0.07968,toward pass
1529,2008-10-15 09:11:00,pass,0.0249,False,1,s059,4.4209,0.20904,toward fail
1529,2008-10-15 09:11:00,pass,0.0249,False,2,s130,0.6595,-0.19282,toward pass
1529,2008-10-15 09:11:00,pass,0.0249,False,3,s171,0.0421,-0.11726,toward pass
1529,2008-10-15 09:11:00,pass,0.0249,False,4,s345,,-0.11622,toward pass
1529,2008-10-15 09:11:00,pass,0.0249,False,5,s102,-0.0312,0.10938,toward fail
1530,2008-10-15 10:00:00,pass,0.05,False,1,s041,2.34,0.23056,toward fail
1530,2008-10-15 10:00:00,pass,0.05,False,2,s475,5.3714,0.1799,toward fail
1530,2008-10-15 10:00:00,pass,0.05,False,3,s102,-0.0155,0.13004,toward fail
1530,2008-10-15 10:00:00,pass,0.05,False,4,s059,0.5773,-0.12475,toward pass
1530,2008-10-15 10:00:00,pass,0.05,False,5,s488,42.8826,0.10503,toward fail
1531,2008-10-15 12:53:00,pass,0.03,False,1,s059,-0.1882,-0.62176,toward pass
1531,2008-10-15 12:53:00,pass,0.03,False,2,s041,2.478,0.23056,toward fail
1531,2008-10-15 12:53:00,pass,0.03,False,3,s460,11.786,-0.1993,toward pass
1531,2008-10-15 12:53:00,pass,0.03,False,4,s425,13.925,0.14621,toward fail
1531,2008-10-15 12:53:00,pass,0.03,False,5,s038,86.3325,0.13787,toward fail
1532,2008-10-15 13:14:00,pass,0.0102,False,1,s059,-2.2382,-0.45708,toward pass
1532,2008-10-15 13:14:00,pass,0.0102,False,2,s130,0.6595,-0.172,toward pass
1532,2008-10-15 13:14:00,pass,0.0102,False,3,s102,0.0607,-0.1684,toward pass
1532,2008-10-15 13:14:00,pass,0.0102,False,4,s519,,-0.09186,toward pass
1532,2008-10-15 13:14:00,pass,0.0102,False,5,s475,4.7764,-0.09035,toward pass
1533,2008-10-15 13:16:00,pass,0.0127,False,1,s059,-1.1655,-0.44405,toward pass
1533,2008-10-15 13:16:00,pass,0.0127,False,2,s345,,-0.11218,toward pass
1533,2008-10-15 13:16:00,pass,0.0127,False,3,s519,,-0.09081,toward pass
1533,2008-10-15 13:16:00,pass,0.0127,False,4,s475,3.801,-0.08974,toward pass
1533,2008-10-15 13:16:00,pass,0.0127,False,5,s102,-0.1207,0.08699,toward fail
1534,2008-10-15 14:08:00,pass,0.0135,False,1,s059,-0.4527,-0.61649,toward pass
1534,2008-10-15 14:08:00,pass,0.0135,False,2,s460,17.7883,-0.15948,toward pass
1534,2008-10-15 14:08:00,pass,0.0135,False,3,s345,,-0.117,toward pass
1534,2008-10-15 14:08:00,pass,0.0135,False,4,s425,13.4286,0.09014,toward fail
1534,2008-10-15 14:08:00,pass,0.0135,False,5,s519,3.6769,-0.08524,toward pass
1535,2008-10-15 15:11:00,pass,0.0176,False,1,s059,-3.8991,-0.49526,toward pass
1535,2008-10-15 15:11:00,pass,0.0176,False,2,s460,18.3369,-0.17042,toward pass
1535,2008-10-15 15:11:00,pass,0.0176,False,3,s587,0.0272,0.12437,toward fail
1535,2008-10-15 15:11:00,pass,0.0176,False,4,s130,0.655,-0.11672,toward pass
1535,2008-10-15 15:11:00,pass,0.0176,False,5,s000,2969.29,0.09525,toward fail
1536,2008-10-15 16:24:00,pass,0.0308,False,1,s041,2.299,0.23056,toward fail
1536,2008-10-15 16:24:00,pass,0.0308,False,2,s475,5.5258,0.15627,toward fail
1536,2008-10-15 16:24:00,pass,0.0308,False,3,s102,0.0177,-0.13243,toward pass
1536,2008-10-15 16:24:00,pass,0.0308,False,4,s477,5.0366,-0.10274,toward pass
1536,2008-10-15 16:24:00,pass,0.0308,False,5,s469,3.6684,-0.09879,toward pass
1537,2008-10-15 17:19:00,pass,0.011,False,1,s059,-2.3127,-0.50527,toward pass
1537,2008-10-15 17:19:00,pass,0.011,False,2,s460,17.4514,-0.19454,toward pass
1537,2008-10-15 17:19:00,pass,0.011,False,3,s345,,-0.10108,toward pass
1537,2008-10-15 17:19:00,pass,0.011,False,4,s519,,-0.09532,toward pass
1537,2008-10-15 17:19:00,pass,0.011,False,5,s102,-0.0225,0.08328,toward fail
1538,2008-10-15 18:16:00,pass,0.0175,False,1,s041,2.398,0.23056,toward fail
1538,2008-10-15 18:16:00,pass,0.0175,False,2,s102,0.056,-0.10963,toward pass
1538,2008-10-15 18:16:00,pass,0.0175,False,3,s477,4.9008,-0.10766,toward pass
1538,2008-10-15 18:16:00,pass,0.0175,False,4,s213,0.0848,0.09151,toward fail
1538,2008-10-15 18:16:00,pass,0.0175,False,5,s059,0.6482,-0.07807,toward pass
1539,2008-10-15 19:15:00,pass,0.0108,False,1,s059,-4.3518,-0.58658,toward pass
1539,2008-10-15 19:15:00,pass,0.0108,False,2,s460,20.7889,-0.20253,toward pass
1539,2008-10-15 19:15:00,pass,0.0108,False,3,s345,,-0.11716,toward pass
1539,2008-10-15 19:15:00,pass,0.0108,False,4,s488,70.2635,0.08371,toward fail
1539,2008-10-15 19:15:00,pass,0.0108,False,5,s519,,-0.08022,toward pass
1540,2008-10-15 19:24:00,pass,0.0821,False,1,s059,5.9282,0.73364,toward fail
1540,2008-10-15 19:24:00,pass,0.0821,False,2,s130,0.655,-0.15959,toward pass
1540,2008-10-15 19:24:00,pass,0.0821,False,3,s519,,-0.13618,toward pass
1540,2008-10-15 19:24:00,pass,0.0821,False,4,s102,-0.0548,0.12725,toward fail
1540,2008-10-15 19:24:00,pass,0.0821,False,5,s425,13.2875,0.12181,toward fail
1541,2008-10-15 21:44:00,pass,0.1004,False,1,s059,5.6382,0.78436,toward fail
1541,2008-10-15 21:44:00,pass,0.1004,False,2,s063,18.7736,0.19539,toward fail
1541,2008-10-15 21:44:00,pass,0.1004,False,3,s477,7.1516,0.18867,toward fail
1541,2008-10-15 21:44:00,pass,0.1004,False,4,s121,15.72,-0.15719,toward pass
1541,2008-10-15 21:44:00,pass,0.1004,False,5,s425,22.8215,0.14128,toward fail
1542,2008-10-15 22:45:00,pass,0.013,False,1,s059,-3.1818,-0.60076,toward pass
1542,2008-10-15 22:45:00,pass,0.013,False,2,s460,16.2118,-0.19621,toward pass
1542,2008-10-15 22:45:00,pass,0.013,False,3,s345,,-0.13808,toward pass
1542,2008-10-15 22:45:00,pass,0.013,False,4,s425,11.4608,0.1195,toward fail
1542,2008-10-15 22:45:00,pass,0.013,False,5,s519,,-0.08518,toward pass
1543,2008-10-15 22:54:00,pass,0.03,False,1,s041,1.989,0.23056,toward fail
1543,2008-10-15 22:54:00,pass,0.03,False,2,s102,0.0943,-0.1679,toward pass
1543,2008-10-15 22:54:00,pass,0.03,False,3,s460,22.1915,-0.10978,toward pass
1543,2008-10-15 22:54:00,pass,0.03,False,4,s345,,-0.10606,toward pass
1543,2008-10-15 22:54:00,pass,0.03,False,5,s310,0.3467,0.10079,toward fail
1544,2008-10-15 23:00:00,pass,0.0403,False,1,s059,5.6627,0.56514,toward fail
1544,2008-10-15 23:00:00,pass,0.0403,False,2,s041,1.989,0.23056,toward fail
1544,2008-10-15 23:00:00,pass,0.0403,False,3,s102,0.0269,-0.18906,toward pass
1544,2008-10-15 23:00:00,pass,0.0403,False,4,s460,13.4113,-0.1372,toward pass
1544,2008-10-15 23:00:00,pass,0.0403,False,5,s477,3.4727,-0.10239,toward pass
1545,2008-10-15 23:45:00,pass,0.0327,False,1,s041,1.989,0.23056,toward fail
1545,2008-10-15 23:45:00,pass,0.0327,False,2,s102,0.0326,-0.21209,toward pass
1545,2008-10-15 23:45:00,pass,0.0327,False,3,s425,10.3619,0.14621,toward fail
1545,2008-10-15 23:45:00,pass,0.0327,False,4,s310,0.3467,0.10079,toward fail
1545,2008-10-15 23:45:00,pass,0.0327,False,5,s497,22.6934,-0.10065,toward pass
1546,2008-10-16 02:16:00,pass,0.0321,False,1,s059,4.6964,0.22051,toward fail
1546,2008-10-16 02:16:00,pass,0.0321,False,2,s130,0.5768,-0.13904,toward pass
1546,2008-10-16 02:16:00,pass,0.0321,False,3,s102,0.0395,-0.13578,toward pass
1546,2008-10-16 02:16:00,pass,0.0321,False,4,s345,,-0.1263,toward pass
1546,2008-10-16 02:16:00,pass,0.0321,False,5,s519,,-0.1233,toward pass
1547,2008-10-16 02:16:00,pass,0.0189,False,1,s059,-2.4436,-0.50281,toward pass
1547,2008-10-16 02:16:00,pass,0.0189,False,2,s345,,-0.13808,toward pass
1547,2008-10-16 02:16:00,pass,0.0189,False,3,s038,86.3506,0.13787,toward fail
1547,2008-10-16 02:16:00,pass,0.0189,False,4,s102,0.0575,-0.12957,toward pass
1547,2008-10-16 02:16:00,pass,0.0189,False,5,s021,-5056.25,0.10211,toward fail
1548,2008-10-16 02:17:00,pass,0.0149,False,1,s041,1.427,0.23056,toward fail
1548,2008-10-16 02:17:00,pass,0.0149,False,2,s460,19.8777,-0.13927,toward pass
1548,2008-10-16 02:17:00,pass,0.0149,False,3,s345,,-0.11972,toward pass
1548,2008-10-16 02:17:00,pass,0.0149,False,4,s477,6.6138,-0.11934,toward pass
1548,2008-10-16 02:17:00,pass,0.0149,False,5,s469,5.0991,-0.11849,toward pass
1549,2008-10-16 02:22:00,pass,0.0147,False,1,s102,0.0266,-0.13899,toward pass
1549,2008-10-16 02:22:00,pass,0.0147,False,2,s031,4.7876,-0.12662,toward pass
1549,2008-10-16 02:22:00,pass,0.0147,False,3,s519,,-0.10248,toward pass
1549,2008-10-16 02:22:00,pass,0.0147,False,4,s345,,-0.09921,toward pass
1549,2008-10-16 02:22:00,pass,0.0147,False,5,s477,5.7415,-0.08457,toward pass
1550,2008-10-16 02:55:00,pass,0.0184,False,1,s059,-4.99,-0.50979,toward pass
1550,2008-10-16 02:55:00,pass,0.0184,False,2,s475,5.1283,0.27037,toward fail
1550,2008-10-16 02:55:00,pass,0.0184,False,3,s460,17.566,-0.12781,toward pass
1550,2008-10-16 02:55:00,pass,0.0184,False,4,s519,,-0.09047,toward pass
1550,2008-10-16 02:55:00,pass,0.0184,False,5,s102,-0.1203,0.08115,toward fail
1551,2008-10-16 03:56:00,pass,0.0211,False,1,s130,0.5887,-0.19282,toward pass
1551,2008-10-16 03:56:00,pass,0.0211,False,2,s133,1001.4281,-0.12175,toward pass
1551,2008-10-16 03:56:00,pass,0.0211,False,3,s460,35.7768,0.11438,toward fail
1551,2008-10-16 03:56:00,pass,0.0211,False,4,s519,,-0.10769,toward pass
1551,2008-10-16 03:56:00,pass,0.0211,False,5,s102,0.0032,0.09558,toward fail
1552,2008-10-16 04:02:00,pass,0.0139,False,1,s460,10.8581,-0.17974,toward pass
1552,2008-10-16 04:02:00,pass,0.0139,False,2,s063,18.8782,0.1666,toward fail
1552,2008-10-16 04:02:00,pass,0.0139,False,3,s519,,-0.16056,toward pass
1552,2008-10-16 04:02:00,pass,0.0139,False,4,s130,0.5768,-0.12119,toward pass
1552,2008-10-16 04:02:00,pass,0.0139,False,5,s587,0.0123,-0.10361,toward pass
1553,2008-10-16 04:02:00,pass,0.0407,False,1,s460,10.9048,-0.17295,toward pass
1553,2008-10-16 04:02:00,pass,0.0407,False,2,s102,0.0,0.13916,toward fail
1553,2008-10-16 04:02:00,pass,0.0407,False,3,s000,2939.35,0.13339,toward fail
1553,2008-10-16 04:02:00,pass,0.0407,False,4,s475,5.3288,0.12638,toward fail
1553,2008-10-16 04:02:00,pass,0.0407,False,5,s339,11.9491,0.11504,toward fail
1554,2008-10-16 04:04:00,pass,0.0209,False,1,s041,2.338,0.23056,toward fail
1554,2008-10-16 04:04:00,pass,0.0209,False,2,s425,7.5399,0.14621,toward fail
1554,2008-10-16 04:04:00,pass,0.0209,False,3,s102,0.0592,-0.11276,toward pass
1554,2008-10-16 04:04:00,pass,0.0209,False,4,s345,,-0.09041,toward pass
1554,2008-10-16 04:04:00,pass,0.0209,False,5,s477,4.0832,-0.08435,toward pass
1555,2008-10-16 04:47:00,pass,0.0159,False,1,s102,0.0365,-0.17234,toward pass
1555,2008-10-16 04:47:00,pass,0.0159,False,2,s460,15.4796,-0.15275,toward pass
1555,2008-10-16 04:47:00,pass,0.0159,False,3,s059,1.5745,-0.14161,toward pass
1555,2008-10-16 04:47:00,pass,0.0159,False,4,s587,0.0275,0.1306,toward fail
1555,2008-10-16 04:47:00,pass,0.0159,False,5,s172,0.263,-0.11312,toward pass
1556,2008-10-16 04:50:00,pass,0.0142,False,1,s059,-2.7673,-0.75338,toward pass
1556,2008-10-16 04:50:00,pass,0.0142,False,2,s102,0.0152,-0.16451,toward pass
1556,2008-10-16 04:50:00,pass,0.0142,False,3,s000,2902.96,0.12896,toward fail
1556,2008-10-16 04:50:00,pass,0.0142,False,4,s477,5.7891,-0.11258,toward pass
1556,2008-10-16 04:50:00,pass,0.0142,False,5,s021,-5083.25,0.10211,toward fail
1557,2008-10-16 04:54:00,pass,0.0183,False,1,s059,-2.3109,-0.50092,toward pass
1557,2008-10-16 04:54:00,pass,0.0183,False,2,s041,2.478,0.23056,toward fail
1557,2008-10-16 04:54:00,pass,0.0183,False,3,s460,16.9711,-0.17042,toward pass
1557,2008-10-16 04:54:00,pass,0.0183,False,4,s038,86.3325,0.13787,toward fail
1557,2008-10-16 04:54:00,pass,0.0183,False,5,s477,4.3482,-0.09702,toward pass
1558,2008-10-16 05:08:00,pass,0.0091,False,1,s059,0.0627,-0.56104,toward pass
1558,2008-10-16 05:08:00,pass,0.0091,False,2,s460,20.8878,-0.26973,toward pass
1558,2008-10-16 05:08:00,pass,0.0091,False,3,s345,,-0.09921,toward pass
1558,2008-10-16 05:08:00,pass,0.0091,False,4,s587,0.0074,-0.09603,toward pass
1558,2008-10-16 05:08:00,pass,0.0091,False,5,s102,-0.0905,0.08287,toward fail
1559,2008-10-16 05:13:00,pass,0.0513,False,1,s059,5.9345,0.58844,toward fail
1559,2008-10-16 05:13:00,pass,0.0513,False,2,s041,2.229,0.23056,toward fail
1559,2008-10-16 05:13:00,pass,0.0513,False,3,s102,-0.1019,0.15073,toward fail
1559,2008-10-16 05:13:00,pass,0.0513,False,4,s460,22.3127,-0.12997,toward pass
1559,2008-10-16 05:13:00,pass,0.0513,False,5,s121,15.7,-0.12241,toward pass
1560,2008-10-16 05:44:00,pass,0.0141,False,1,s059,-3.1909,-0.56331,toward pass
1560,2008-10-16 05:44:00,pass,0.0141,False,2,s460,16.8022,-0.16112,toward pass
1560,2008-10-16 05:44:00,pass,0.0141,False,3,s523,0.06,0.15791,toward fail
1560,2008-10-16 05:44:00,pass,0.0141,False,4,s102,0.0666,-0.13607,toward pass
1560,2008-10-16 05:44:00,pass,0.0141,False,5,s477,5.9387,-0.1142,toward pass
1561,2008-10-16 05:58:00,pass,0.0182,False,1,s102,0.0492,-0.16814,toward pass
1561,2008-10-16 05:58:00,pass,0.0182,False,2,s519,,-0.12708,toward pass
1561,2008-10-16 05:58:00,pass,0.0182,False,3,s425,8.0985,0.12443,toward fail
1561,2008-10-16 05:58:00,pass,0.0182,False,4,s460,13.8843,-0.11602,toward pass
1561,2008-10-16 05:58:00,pass,0.0182,False,5,s130,0.6102,-0.1157,toward pass
1562,2008-10-16 15:02:00,pass,0.042,False,1,s059,4.6227,0.25753,toward fail
1562,2008-10-16 15:02:00,pass,0.042,False,2,s519,,-0.15902,toward pass
1562,2008-10-16 15:02:00,pass,0.042,False,3,s038,86.3506,0.13787,toward fail
1562,2008-10-16 15:02:00,pass,0.042,False,4,s102,-0.0086,0.11857,toward fail
1562,2008-10-16 15:02:00,pass,0.042,False,5,s345,,-0.10245,toward pass
1563,2008-10-16 15:13:00,pass,0.0273,False,1,s041,1.427,0.23056,toward fail
1563,2008-10-16 15:13:00,pass,0.0273,False,2,s130,0.5768,-0.15959,toward pass
1563,2008-10-16 15:13:00,pass,0.0273,False,3,s102,-0.0988,0.11065,toward fail
1563,2008-10-16 15:13:00,pass,0.0273,False,4,s587,0.0138,-0.10455,toward pass
1563,2008-10-16 15:13:00,pass,0.0273,False,5,s133,997.7594,-0.09871,toward pass
1564,2008-10-16 20:49:00,pass,0.0122,False,1,s059,-3.3555,-0.55217,toward pass
1564,2008-10-16 20:49:00,pass,0.0122,False,2,s460,18.5401,-0.17096,toward pass
1564,2008-10-16 20:49:00,pass,0.0122,False,3,s102,0.0855,-0.14026,toward pass
1564,2008-10-16 20:49:00,pass,0.0122,False,4,s345,6.1216,0.1074,toward fail
1564,2008-10-16 20:49:00,pass,0.0122,False,5,s477,6.5896,-0.10335,toward pass
1565,2008-10-17 05:26:00,pass,0.0294,False,1,s130,,-0.15445,toward pass
1565,2008-10-17 05:26:00,pass,0.0294,False,2,s519,,-0.15051,toward pass
1565,2008-10-17 05:26:00,pass,0.0294,False,3,s038,86.3506,0.13787,toward fail
1565,2008-10-17 05:26:00,pass,0.0294,False,4,s345,,-0.10497,toward pass
1565,2008-10-17 05:26:00,pass,0.0294,False,5,s172,0.3852,0.09873,toward fail
1566,2008-10-17 06:01:00,pass,0.0856,False,1,s041,2.067,0.23056,toward fail
1566,2008-10-17 06:01:00,pass,0.0856,False,2,s059,4.4682,0.21084,toward fail
1566,2008-10-17 06:01:00,pass,0.0856,False,3,s477,7.6907,0.1558,toward fail
1566,2008-10-17 06:01:00,pass,0.0856,False,4,s130,0.655,-0.13707,toward pass
1566,2008-10-17 06:01:00,pass,0.0856,False,5,s469,5.6161,0.10414,toward fail
1567,2008-10-17 06:07:00,pass,0.0269,False,1,s477,9.7475,0.18534,toward fail
1567,2008-10-17 06:07:00,pass,0.0269,False,2,s345,,-0.11753,toward pass
1567,2008-10-17 06:07:00,pass,0.0269,False,3,s172,0.1841,-0.11312,toward pass
1567,2008-10-17 06:07:00,pass,0.0269,False,4,s130,,-0.11273,toward pass
1567,2008-10-17 06:07:00,pass,0.0269,False,5,s460,17.0933,-0.10533,toward pass
